id,title,description,availability,condition,price,sale_price,link,image_link,brand,item_group_id
1606824379,Sabah Al Ward Al Wataniah Eau de Parfum Feminino 100ml,"Resumo ★ 4,16 no Fragrantica · 941 votos Mais votado para a noite e os dias frios. 67% noite · inverno e outono Especificações Casa Al Wataniah Gênero Feminino (classificação do Fragrantica; o site oficial não declara gênero) Família olfativa Frutado gourmand com acentos florais (descrição oficial); o Fragrantica classifica como oriental floral Concentração Eau de Parfum Volume 100 ml Frasco Degradê de vinho e magenta a quase preto, com arabescos dourados, gargalo dourado e tampa transparente (foto oficial) Notas de topo Pimenta-rosa, Laranja-mandarina Notas de coração Flor de laranjeira, Cacau, Jasmim sambac Notas de fundo Baunilha, Fava tonka, Patchouli Sabah Al Ward: notas e como é o cheiro No Perfume Árabe Sabah Al Ward, a pimenta-rosa e a laranja-mandarina abrem com um frescor levemente picante, entre o cítrico e o doce. Depois de uma hora, o coração entra: a flor de laranjeira traz um floral branco levemente cítrico, o cacau adiciona um amargo adocicado, e o jasmim sambac — variedade de jasmim de cheiro floral intenso e um pouco frutado — reforça o lado floral. No fim do dia, baunilha, fava tonka e patchouli sustentam uma base doce, quente e levemente terrosa — a fava tonka (semente de cheiro adocicado, entre baunilha e amêndoa) reforça o gourmand do cacau do coração, enquanto o patchouli dá um fundo amadeirado que segura o conjunto. Para quem e quando usar o perfume Sabah Al Ward Combina com quem gosta de perfumes frutados e gourmand com acentos florais, para uso de tarde ou noite. Sugestão nossa: no calor úmido, poucas borrifadas bastam para começar; à noite e nos dias frios, o fundo de baunilha, fava tonka e patchouli tem mais espaço. Perguntas frequentes O Sabah Al Ward é inspirado em qual perfume? Não há consenso. Uma resenha do blog Ambar Perfumes, de uma loja, diz que a comparação com o Ilía Secreto, da Natura, aparece com frequência, mas que a semelhança não é consenso: para uns os dois são próximos, para outros não têm relação, e as pirâmides são diferentes. O Sabah Al Ward tem tampa preta ou transparente? Na foto oficial da Al Wataniah, a tampa é transparente, sobre um gargalo dourado. Nenhuma página oficial da casa fala de tampa preta, então não dá para dizer que a diferença indique versão, lote ou falsificação. O Sabah Al Ward é masculino ou feminino? A Al Wataniah não declara gênero no site. O Fragrantica classifica o perfume como feminino, e o Parfumo como para mulheres e homens. Sabah Al Ward e Valentine são o mesmo perfume? Não. O Valentine é outro perfume, que o Fragrantica registra à parte. Na linha Sabah do site da Al Wataniah, o Sugar e o Garden of Eden também aparecem como perfumes separados. O perfume Sabah Al Ward é original? O Sabah que vendemos é original. O que olhar no frasco quando ele chegar está em Perfume árabe original . Veja também Perfume árabe feminino — outras opções orientais e florais. Perfume árabe baunilha — outros perfumes com baunilha e fava tonka. Perfume árabe — a loja completa.",in stock,new,219.00 BRL,,https://www.perfumearabe.com/produtos/al-wataniah-sabah-al-ward/,https://dcdn-us.mitiendanube.com/stores/008/297/978/products/01-al-wataniah-sabah-al-ward-cbb1d68ecd9105384e17913386066344-1024-1024.webp,Al Wataniah,370295882
1606847884,Club de Nuit Intense Man Armaf EDT 105 ml Masculino,"Resumo ★ 4,07 no Fragrantica · 29,4 mil votos Votos divididos entre dia e noite. 53% dia · primavera e verão Como é o cheiro deste perfume O Armaf Club de Nuit Intense Man cheira a limão e abacaxi frescos sobre um fundo seco, com fumaça de bétula e âmbar-cinza (o ambergris, uma nota de fundo). É um perfume masculino de 2015, da família amadeirada especiada. Combina com quem gosta de cítrico frutado, mas quer um final defumado que apareça. Tudo nele gira em torno de um contraste. Primeiro vem a fruta: limão, abacaxi, bergamota, cassis e maçã, a abertura clara e fresca que a Armaf publica em suas páginas oficiais. Aos poucos entra a bétula, uma madeira que lembra fumaça seca, e ela puxa o perfume para o escuro. É aí que a fruta deixa de ser só doce. Por baixo, almíscar, âmbar-cinza, patchouli e baunilha seguram a mistura. O patchouli vem junto para dar o lado amadeirado. Se você gosta de cítrico mas cansa do doce, é esse fundo que equilibra. O que se sente no conjunto tem nome na perfumaria: acordes, que são as impressões gerais que várias notas formam juntas. Os acordes principais do Fragrantica são cítrico, frutado, couro e defumado (leitura de 30/09/2026). Especificações Característica Detalhe Casa Armaf Gênero Masculino Ano de lançamento 2015 Família olfativa Amadeirado Especiado Concentração Eau de Toilette (EDT) Tamanho 105 ml Topo Limão, abacaxi, bergamota, cassis, maçã Coração Bétula, jasmim, rosa Fundo Almíscar, âmbar-cinza, patchouli, baunilha Concentração e tamanho vêm do site regional da Armaf (armafperfume.com). O ano e o gênero conferem com o Fragrantica e o Parfumo. Club de Nuit Intense Man Limited Edition: o que muda A Limited Edition é outro perfume da família, com pirâmide própria. Ela abre com limão, bergamota, lima, abacaxi, pimenta-rosa e pimenta-preta. No coração aparecem lírio-do-vale, frésia, jasmim e rosa. O fundo junta âmbar, ambroxan (uma molécula sintética ligada ao âmbar-cinza), patchouli, almíscar branco, cedro e couro. Em palavras simples, ela traz mais pimenta, flores brancas e couro. O frasco desta página não tem essas notas: é o EDT. Por isso, se você procura a Limited Edition, confira o nome completo no anúncio antes de comparar (dados do Parfumo, lidos em 30/09/2026). Club de Nuit Intense Man Parfum: o que muda O Parfum tem entrada separada no Parfumo, mas a pirâmide listada é a mesma do EDT. A diferença que aparece é na nota de fixação, que é a média de quanto o perfume dura segundo quem votou: 8,3 em 10 para o Parfum e 8,1 para o EDT. É pouca diferença, e o Parfum tem bem menos votos que o EDT (leitura de 30/09/2026). Club de Nuit Intense Man EDP e EDT: qual é este frasco Este é o EDT. A concentração é a quantidade de essência diluída no líquido, e o EDT é a sigla de Eau de Toilette. O site regional da Armaf lista o ""Club De Nuit Intense Man"" como Eau de Toilette de 105 ml, e a página do produto no armaf.com traz o rótulo ""EDT for Men"". O EDP é outra versão, com páginas próprias nos sites da Armaf e frasco maior, de 200 ml. O Parfumo também a trata à parte: nota 8,2 em 10 na fixação, com a mesma pirâmide do EDT. Como as três versões dividem o mesmo nome de busca, o jeito seguro de não errar é ler a sigla e os ml no anúncio. Por que o Intense Man ficou tão falado A Armaf lançou o Intense Man em 2015. Quatro anos depois, uma coluna do Fragrantica já o chamava de ""mega-hype"" entre os fãs de perfume masculino, e a própria Armaf diz que ele é um dos mais elogiados do mundo, o que é alegação da casa, não medição. Hoje o Fragrantica soma cerca de 29,4 mil votos para ele. Quem pesquisa o nome costuma querer três coisas: saber como ele cheira, entender as versões e achar um frasco confiável. Esta página tenta responder as três. Para quem e quando É um perfume masculino que funciona o ano todo. Entre as estações, primavera e verão lideram nos votos do Fragrantica, e o inverno fica bem atrás, com 9,5 mil contra 16,4 mil da primavera. Entre dia e noite, o dia leva uma vantagem pequena, e o próprio site o marca como o mais versátil (dados de 30/09/2026). Uma sugestão nossa: no calor do Brasil, o limão e o abacaxi do topo dão leveza. Quando esfria ou cai a noite, a bétula e o âmbar-cinza ganham espaço, e você sente mais a parte seca. Lembra algum perfume famoso? Lembra, para muita gente: no Fragrantica, 6,2 mil votos dizem que o Intense Man lembra o Creed Aventus, e 941 discordam. Várias resenhas apontam diferenças claras entre os dois, e o Parfumo também põe o Aventus entre os parecidos (lido em 29/09/2026). A comparação vem dos usuários desses sites, não da Armaf. Perguntas frequentes Onde comprar o Club de Nuit Intense Man? Aqui mesmo, nesta página, no EDT de 105 ml da Armaf. Em qualquer loja, vale conferir no anúncio a concentração (EDT, EDP ou Parfum) e os ml, porque o nome é igual nas três versões. Para saber o que olhar no frasco, veja Perfume árabe original . Como é o cheiro do I",in stock,new,358.00 BRL,,https://www.perfumearabe.com/produtos/armaf-club-de-nuit-intense-man/,https://dcdn-us.mitiendanube.com/stores/008/297/978/products/01-armaf-club-de-nuit-intense-man-a8a22c6d1d7067180d17913386271871-1024-1024.webp,Armaf,370305530
1606847889,Body Splash Fakhar Feminino Lattafa 250ml,"Resumo Body Splash Fakhar Feminino Lattafa é um spray corporal líquido e leve, de 250 ml, da linha Fakhar Rose, para reaplicar entre aplicações do perfume. Leva o nome dele, mas não traz pirâmide de notas própria. Especificações Campo Detalhe Marca Lattafa Gênero Feminino Notas A fonte não divide em camadas O que é (e o que não é) Body splash é um spray corporal líquido, mais fluido e mais diluído que um perfume — pense nele como uma versão leve, feita para reaplicar, não para durar o dia inteiro sozinha. Este aqui é da linha Fakhar Rose, da Lattafa, e leva o nome do perfume. No site da Lattafa nos EUA, o Fakhar Perfume Mist, de 250 ml e classificado como Women, publica esta pirâmide: topo de frutas, lírio, romã e aldeídos; coração de tuberosa, jasmim, gardênia, ylang-ylang, madressilva, rosa e peônia; fundo de baunilha, almíscar branco, sândalo e ambroxan. São as mesmas notas que o mesmo site lista para o perfume Fakhar Women, o Fakhar Rose. O nome lá é “perfume mist” e o daqui é “body splash”: a linha e o volume batem, mas não confirmamos que seja o mesmo item. Lista de notas igual não garante cheiro igual, por isso não prometemos que o cheiro seja idêntico ao do perfume. Textura e sensação É líquido, tipo colônia corporal — mais fluido que um creme ou loção, do jeito clássico de “body splash”: aplica e espalha rápido. Como usar em camadas com o Fakhar Rose A ideia de usar body splash junto do perfume é simples: o EDP entra nos pontos de pulso (pescoço, pulsos, atrás da orelha) e o body splash cobre mais área do corpo, prolongando a sensação do cheiro ao longo do dia sem precisar reaplicar o frasco de perfume inteiro. Quem já tem o Fakhar Rose pode usar o splash pela manhã e guardar o perfume para retocar à tarde. No calor e na umidade do Brasil, um body splash tende a evaporar mais rápido que um EDP — é normal reaplicar com mais frequência, principalmente em dias mais quentes. Fixação: body splash não é perfume Vale um alerta honesto: body splash não fixa como Eau de Parfum. A concentração de óleo perfumado é bem menor, então o cheiro dura menos horas e a projeção é mais discreta. Se você busca fixação longa, o papel dele é complementar o perfume — não substituir. Perguntas frequentes Qual é o nome deste body splash? É o Body Splash Fakhar Feminino, da Lattafa, vendido também como body splash da linha Fakhar Rose. Qual é o tamanho do frasco? 250ml. Este produto é da Lattafa? Sim, é um body splash da Lattafa, da linha Fakhar. Ele tem as mesmas notas do Fakhar Rose? Segundo o site da Lattafa nos EUA, o Fakhar Perfume Mist de 250 ml lista as mesmas notas do perfume Fakhar Women (Fakhar Rose): frutas, lírio, romã e aldeídos no topo; tuberosa, jasmim, gardênia, ylang-ylang, madressilva, rosa e peônia no coração; baunilha, almíscar branco, sândalo e ambroxan no fundo. O nome lá é “perfume mist”, então não confirmamos que seja o mesmo item deste body splash, e lista igual não garante cheiro idêntico. Body splash substitui o perfume? Não. Ele tem menos óleo perfumado, então dura menos e projeta menos que o Eau de Parfum. Funciona melhor como reforço entre uma aplicação e outra do perfume. Veja também Perfume árabe original — toda a seleção Lattafa, Armaf e outras casas, por família e ocasião. Perfume árabe feminino — outras opções para elas. Body splash árabe — outras opções desse formato mais leve. Lattafa na loja — outros lançamentos da casa, como o Fakhar Rose , cujo nome este body splash leva, e o Fakhar Black , outro perfume da linha.",in stock,new,124.00 BRL,,https://www.perfumearabe.com/produtos/body-splash-fakhar-feminino-lattafa/,https://dcdn-us.mitiendanube.com/stores/008/297/978/products/01-body-splash-fakhar-feminino-lattafa-31b7ce421ce0effd2617913385426169-1024-1024.webp,Lattafa,370305531
1606847893,Kit Lattafa Asad Eau de Parfum 100ml + Miniatura + Shower Gel,"Resumo O kit Lattafa Asad traz o perfume Asad de 100 ml, a miniatura de 12 ml para a bolsa e o shower gel da linha, num perfil oriental de fundo âmbar, com tabaco, café e baunilha. O que vem no kit São três itens, todos da linha Asad, como a Lattafa lista o kit no site dela (lattafa.com: ""Gift Set – Asad 100Ml – 12ml – Shower Gel""): Asad Eau de Parfum 100ml : o frasco grande, com o mesmo Asad da versão avulsa. Asad 12ml : a miniatura, pequena o bastante para ir na bolsa ou na nécessaire. Shower gel Asad : sabonete líquido perfumado com o nome da linha. Como usar os itens juntos Sugestão nossa: banho com o shower gel, o frasco de 100ml em casa, no pescoço e nos punhos, e a miniatura de 12ml fora de casa, para retocar no fim do expediente sem levar o vidro grande. Para quem e quando presentear Combina com quem já gosta do Asad — pimenta-preta e tabaco no topo, patchouli e café no coração, baunilha e âmbar no fundo (veja a pirâmide completa na página do Asad ) — e quer ter a rotina inteira: perfume, viagem e banho. É uma opção forte de presente de aniversário ou Dia dos Pais para quem gosta de perfume árabe oriental de fundo âmbar, porque já chega em kit fechado, sem precisar montar nada. Especificações Item Volume Eau de Parfum Asad 100ml Eau de Parfum Asad (miniatura) 12ml Shower gel Asad incluso no kit Perguntas frequentes O que vem no kit Lattafa Asad? O Asad em dois tamanhos, 100ml e 12ml, mais um shower gel da linha, nessa composição do gift set na lattafa.com. A miniatura de 12ml do kit é o mesmo Asad? É. A Lattafa lista os dois frascos do gift set com o nome Asad, então a miniatura tem o mesmo cheiro do 100ml, só em tamanho de bolso. O shower gel é da linha Asad? Sim, é o shower gel da mesma linha Asad, para usar no banho. Este kit é o mesmo gift set Asad vendido nos Estados Unidos? Não. O kit da lattafa-usa.com é outro conjunto: Asad de 100ml, frasco de 20ml e um body shower de 100ml. Este é o da lattafa.com, com 100ml, 12ml e shower gel. Veja também Kit perfume árabe — o Asad com shower gel é um dos presentes; ali estão os outros conjuntos, lado a lado. Perfume árabe masculino — outras opções para quem procura um perfume árabe masculino. Asad — o Eau de Parfum avulso da mesma linha. Asad Bourbon — a flanker mais adocicada da linha Asad. Marca Lattafa — outros perfumes da casa.",in stock,new,551.90 BRL,,https://www.perfumearabe.com/produtos/kit-lattafa-asad/,https://dcdn-us.mitiendanube.com/stores/008/297/978/products/01-kit-lattafa-asad-1ae111aea1fdb5165417913387266270-1024-1024.webp,Lattafa,370305533
1606847896,Kit Lattafa Asad Bourbon Eau de Parfum 100ml + Miniatura + Shower Gel,"Resumo Kit Lattafa Asad Bourbon reúne o perfume de 100 ml, uma miniatura de 12 ml e o shower gel Asad Bourbon, um masculino oriental especiado com lavanda, cacau, noz-moscada e baunilha bourbon. O que vem no kit Eau de Parfum Asad Bourbon 100ml — o frasco principal, o mesmo perfume vendido avulso. Eau de Parfum Asad Bourbon 12ml — miniatura de viagem, formato compacto pra bolsa ou nécessaire. Shower gel Asad Bourbon — sabonete líquido perfumado da mesma linha, pra usar no banho. Como usar os itens juntos Uma forma de usar: o shower gel Asad Bourbon no banho, o Eau de Parfum 100ml nos pontos de pulso e a miniatura de 12ml na bolsa, para retocar fora de casa sem precisar carregar o frasco grande. Para quem e quando presentear O Asad Bourbon é o lado mais doce da linha Asad: lavanda, mirabelle e pimenta-rosa no topo, cacau, noz-moscada e davana no coração, e um fundo de baunilha bourbon, âmbar e vetiver (pirâmide completa na página do Asad Bourbon ). Combina com noites de frio e ocasiões mais formais; no calor brasileiro, uma ou duas borrifadas bastam. Por vir em kit fechado — perfume, miniatura e item de banho — é uma opção pronta para presentear quem já gosta de perfume árabe oriental especiado e doce, sem precisar montar nada. Especificações Item Volume Eau de Parfum Asad Bourbon 100ml Eau de Parfum Asad Bourbon (miniatura) 12ml Shower gel Asad Bourbon incluso no kit Perguntas frequentes O que vem no kit Asad Bourbon? Três itens: Eau de Parfum de 100ml, miniatura de 12ml e o shower gel Asad Bourbon. O kit serve para presente? Sim. Reúne perfume, versão de viagem e item de banho da mesma linha, pronto para presentear sem precisar montar o conjunto. Quanto tempo fixa e como projeta o Asad Bourbon? Varia com a pele e o clima, então vale começar com poucas borrifadas e ajustar. O fundo de baunilha bourbon, âmbar e vetiver é a parte que fica mais tempo; a abertura de lavanda, mirabelle e pimenta-rosa passa primeiro, e no calor e na umidade do Brasil passa ainda mais rápido. A miniatura de 12ml serve para retocar fora de casa. O kit tem miniatura para viagem? Sim. A miniatura de 12ml é o mesmo Eau de Parfum Asad Bourbon em formato compacto. Veja também Kit perfume árabe — outros conjuntos Lattafa com miniatura e item de banho. Perfume árabe masculino — outras opções para quem procura um perfume árabe masculino. Asad Bourbon — o Eau de Parfum avulso da mesma linha. Asad — o Eau de Parfum original da linha Asad. Marca Lattafa — outros perfumes da casa.",in stock,new,539.90 BRL,,https://www.perfumearabe.com/produtos/kit-lattafa-asad-bourbon/,https://dcdn-us.mitiendanube.com/stores/008/297/978/products/01-kit-lattafa-asad-bourbon-52a801e3962ab1252e17913387213882-1024-1024.webp,Lattafa,370305535
1606847899,Kit Badee Al Oud Noble Blush Eau de Parfum 100ml + Miniatura + Shower Gel,"Resumo O kit Badee Al Oud Noble Blush traz o perfume de 100 ml, a miniatura de 12 ml e um shower gel, num perfil feminino floral, frutal e gourmand: leite de rosas na abertura, baunilha, sândalo e almíscar no fundo. O que vem no kit Eau de Parfum Badee Al Oud Noble Blush 100ml — o frasco principal do kit (o 100ml não é vendido avulso na loja). Eau de Parfum Badee Al Oud Noble Blush 12ml — miniatura no formato de viagem. Shower gel — gel de banho que acompanha o perfume no kit. Como usar os itens juntos Uma forma de usar: o Eau de Parfum 100ml nos pontos de pulso, o shower gel no banho e a miniatura de 12ml na bolsa, para retocar fora de casa sem precisar carregar o frasco de 100ml. Para quem e quando presentear O Badee Al Oud Noble Blush abre com leite de rosas, segue para merengue e amêndoa no coração, e fecha em baunilha, sândalo e almíscar no fundo. É um perfume árabe feminino floral, frutal e gourmand — combina com o dia a dia e ocasiões mais delicadas, num perfil doce. Por vir em kit fechado, é uma opção de presente pronta para quem gosta de perfumes florais e doces. Especificações Item Volume Eau de Parfum Badee Al Oud Noble Blush 100ml Eau de Parfum Badee Al Oud Noble Blush (miniatura) 12ml Shower gel incluso no kit Perguntas frequentes O que vem no kit Badee Al Oud Noble Blush? Três itens: Eau de Parfum de 100ml, miniatura de 12ml e shower gel. O kit serve para presente? Sim. Reúne perfume, versão de viagem e shower gel, pronto para presentear sem precisar montar o conjunto. O Badee Al Oud Noble Blush é um perfume doce? Sim, abre com leite de rosas e fecha em baunilha, sândalo e almíscar — um perfil floral, frutal e gourmand. O kit tem miniatura para viagem? Sim. A miniatura de 12ml é o mesmo Eau de Parfum Badee Al Oud Noble Blush em formato compacto. Veja também Kit perfume árabe — outros conjuntos Lattafa com miniatura e item de banho. Perfume árabe feminino — outras opções de perfume árabe feminino. Badee Al Oud Noble Blush 25ml — o frasco avulso da linha, em outro tamanho. Badee Al Oud Amethyst — outra versão da linha Badee Al Oud. Marca Lattafa — outros perfumes da casa.",in stock,new,475.90 BRL,,https://www.perfumearabe.com/produtos/kit-lattafa-badee-al-oud-noble-blush/,https://dcdn-us.mitiendanube.com/stores/008/297/978/products/01-kit-lattafa-badee-al-oud-noble-blush-c2009b4cfe7bec15ac17913387375181-1024-1024.webp,Lattafa,370305537
1606847902,Kit Lattafa Khamrah 100ml + Miniatura + Hair Mist,"Resumo Kit Lattafa Khamrah reúne o perfume de 100 ml, uma miniatura de 12 ml e um hair mist de 50 ml, com um unissex de especiarias doces: canela, noz-moscada, baunilha e fava tonka. O que vem no kit Perfume Khamrah 100ml — o frasco principal do kit. Perfume Khamrah 12ml — miniatura no formato de viagem. Hair mist Khamrah 50ml — borrifador para o cabelo, da linha Khamrah. Como usar os itens juntos Uma forma de usar: o hair mist Khamrah de 50ml nos fios, para levar o cheiro também no cabelo, e o perfume de 100ml no pescoço e nos punhos. A miniatura de 12ml vai na bolsa, para retocar fora de casa sem carregar o frasco de 100ml. Para quem e quando presentear O Khamrah abre com canela, noz-moscada e bergamota, segue para tâmaras, praliné e tuberosa no coração, e fecha em baunilha, fava tonka e amberwood no fundo (pirâmide completa na página do Khamrah ). É um perfume unissex de canela, tâmaras e baunilha, que combina com noites frias e ocasiões mais formais; no calor forte do Brasil, comece com poucas borrifadas. No Parfumo, a fixação do Khamrah tem média 8,4/10 em 4.472 votos — média de votos de usuários, não medição. Por vir em kit fechado, com item de cabelo incluso, é uma opção de presente pronta para quem gosta de perfumes especiados e doces ao mesmo tempo. Especificações Item Volume Perfume Khamrah 100ml Perfume Khamrah (miniatura) 12ml Hair mist Khamrah 50ml Perguntas frequentes O que vem no kit Khamrah? Três itens: perfume de 100ml, miniatura de 12ml e um hair mist Khamrah de 50ml. O kit serve para presente? Sim. Reúne perfume, versão de viagem e hair mist da mesma linha, uma composição pronta para presentear sem precisar montar o conjunto. O Khamrah é unissex? Sim, é um perfume de canela, tâmaras e baunilha vendido para uso feminino e masculino. Para que serve o hair mist do kit? É um borrifador para aplicar no cabelo, da linha Khamrah, para levar o cheiro também nos fios. Veja também Kit perfume árabe — se a ideia é dar o perfume junto com hair mist, compare este kit com os de outras linhas da casa. Perfume árabe unissex — outras opções de perfume árabe unissex. Linha Khamrah — o guia com todas as versões da linha Khamrah. Khamrah Qahwa — a flanker com café da mesma linha. Marca Lattafa — outros perfumes da casa.",in stock,new,339.90 BRL,,https://www.perfumearabe.com/produtos/kit-lattafa-khamrah/,https://dcdn-us.mitiendanube.com/stores/008/297/978/products/01-kit-lattafa-khamrah-9b87a05ff68e3a1c8517913387426452-1024-1024.webp,Lattafa,370305539
1606847903,Kit Lattafa Yara Tous Eau de Parfum 100ml + Miniatura + Shower Gel,"Resumo O kit Lattafa Yara Tous traz o perfume de 100 ml, a miniatura de 12 ml e um shower gel, num perfil feminino frutal e doce: manga, coco e maracujá na abertura, baunilha e almíscar no fundo. O que vem no kit Eau de Parfum Yara Tous 100ml — o frasco principal, o mesmo perfume vendido avulso. Eau de Parfum Yara Tous 12ml — miniatura no formato de viagem. Shower gel — gel de banho que acompanha o perfume no kit. Como usar os itens juntos Uma forma de usar: o Eau de Parfum 100ml nos pontos de pulso, o shower gel no banho e a miniatura de 12ml na bolsa, para retocar fora de casa sem carregar o frasco de 100ml. Para quem e quando presentear O Yara Tous abre com manga, coco e maracujá, segue para jasmim, flor de laranjeira e heliotrópio no coração, e fecha em baunilha, almíscar e cashmeran no fundo (pirâmide completa na página do Yara Tous ). É um perfume árabe feminino frutal e doce, que combina com dias quentes e ocasiões mais descontraídas. Por já vir em kit fechado, é uma opção pronta para presentear quem gosta de perfumes doces e frutados, sem precisar montar o conjunto. Especificações Item Volume Eau de Parfum Yara Tous 100ml Eau de Parfum Yara Tous (miniatura) 12ml Shower gel incluso no kit Perguntas frequentes O que vem no kit Yara Tous? Três itens: Eau de Parfum de 100ml, miniatura de 12ml e shower gel. O kit serve para presente? Sim. Reúne perfume, versão de viagem e shower gel, pronto para presentear sem precisar montar o conjunto. O Yara Tous é um perfume doce? Sim, abre com manga, coco e maracujá e fecha em baunilha e almíscar — um perfil frutal e adocicado, feminino. O kit tem miniatura para viagem? Sim. A miniatura de 12ml é o mesmo Eau de Parfum Yara Tous em formato compacto. Veja também Kit perfume árabe — para presentear com miniatura de bolsa, veja que outras linhas também saem em caixa de presente. Perfume árabe feminino — outras opções de perfume árabe feminino. Yara Tous — o Eau de Parfum avulso da mesma linha. Yara — o perfume que deu origem à linha Yara. Marca Lattafa — outros perfumes da casa.",in stock,new,468.90 BRL,,https://www.perfumearabe.com/produtos/kit-lattafa-yara-tous/,https://dcdn-us.mitiendanube.com/stores/008/297/978/products/01-kit-lattafa-yara-tous-dde62f3c3fa542e00a17913387479321-1024-1024.webp,Lattafa,370305540
1606847904,Asad Lattafa Eau de Parfum Masculino 100ml,"Resumo ★ 4,03 no Fragrantica · 14,4 mil votos Mais votado para a noite e os dias frios. Fixação 7,9/10 · Projeção 7,7/10 · 66% noite · inverno e outono Asad Lattafa: notas e como é o cheiro O Perfume Árabe Asad, da Lattafa, aposta no choque entre o picante e o doce-ácido: pimenta-preta e abacaxi disputam a abertura, e o tabaco já está por baixo desde o topo. A pimenta chama atenção logo na aplicação, sem tempo de aquecimento na pele. Café, patchouli e íris formam a parte mais ""escura"" da composição: um miolo terroso e levemente amadeirado, em que o café puxa para o seco e torrado quando a pimenta já perdeu força. Baunilha, âmbar, madeira seca, benjoim e labdano sustentam o fundo. O âmbar do Asad não vem de um ingrediente só: é um acorde montado com labdano, benjoim e baunilha, que soa doce, resinoso e quente e fecha o perfume. Especificações Característica Detalhe Casa Lattafa Concentração Eau de Parfum Volume 100 ml Gênero Masculino Ano de lançamento 2021 Família olfativa Oriental (âmbar) Frasco Preto, com laço dourado (foto oficial da Lattafa) Também chamado de Asad black, Asad preto (apelidos de mercado; nome de registro: Asad) Topo Pimenta-preta, abacaxi, tabaco Coração Patchouli, café, íris Fundo Baunilha, âmbar, madeira seca, benjoim, labdano Para quem e quando usar o perfume Asad Lattafa Sugestão nossa: é um perfume de noite e de frio. A picada da pimenta-preta e o fundo de âmbar pedem temperatura mais baixa; no calor forte do Brasil, economize na dose e guarde a aplicação mais generosa para o inverno ou para ambientes com ar-condicionado. Combina com quem gosta de perfume marcante desde a primeira aplicação, num jantar ou numa saída à noite. Para escritório ou transporte, a abertura de pimenta e tabaco é a parte a testar: uma borrifada na sua pele mostra se ela cabe no ambiente. Perguntas frequentes O QR code da caixa do Asad serve para conferir se ele é autêntico? Serve, e é o jeito que a própria Lattafa indica para saber se o perfume Asad é original: procure o selo holográfico 3D na embalagem, escaneie o QR code e confira se o link que abre é verify.lattafa.com. Contagem baixa de leituras indica unidade autêntica; ""Invalid Code"" indica falsificação, e mais de 1.500 leituras indicam etiqueta clonada. Mais sobre originalidade na loja em Perfume árabe original . O Asad é inspirado em qual perfume? A Lattafa não declara inspiração em nenhum perfume. Nas resenhas do Parfumo, a comparação mais comum é com o Dior Sauvage Elixir: a maioria vê semelhança, mas não o considera idêntico. O Asad black é o mesmo Asad? Sim, pelo que o cadastro e a foto oficial da Lattafa mostram. No catálogo da Lattafa nos EUA não existe produto chamado ""Asad Black"": a linha é Asad, Asad Elixir, Asad Zanzibar e Asad Bourbon (este só em kit), e o Asad tem frasco preto. ""Black"", ""preto"" e ""negro"" são nomes de mercado. O Asad Lattafa é masculino? Existe Asad feminino? É masculino: a Lattafa o classifica como ""Men"". No catálogo oficial dos EUA não há Asad feminino. Qual a diferença entre o Asad e o Asad Elixir? São perfumes diferentes. O Asad Elixir , de 2025, tem pirâmide própria (pimenta-rosa, açafrão e grapefruit no topo; tabaco, cedro e baunilha no coração) e frasco de laço grafite. O Asad, de 2021, tem laço dourado e abre em pimenta-preta e abacaxi. Saad perfume e Asad perfume são o mesmo? São. Muita gente procura como ""Saad"" ou ""Assad"", mas o nome de registro do perfume da Lattafa é Asad, e é dele que esta página fala. Veja também Perfume árabe — a loja completa. Perfume árabe amadeirado — outras opções da categoria. Perfume árabe masculino — a categoria dos masculinos. Lattafa na loja — outros lançamentos da casa. Asad Elixir e Asad Bourbon — os outros Asad da loja. Gosta de abacaxi na abertura e baunilha no fundo? Veja também o Club de Nuit Intense Man , da Armaf, que tem as duas notas.",in stock,new,248.50 BRL,,https://www.perfumearabe.com/produtos/lattafa-asad/,https://dcdn-us.mitiendanube.com/stores/008/297/978/products/01-lattafa-asad-ae5fd6bbc1f4af0b9317913388121455-1024-1024.webp,Lattafa,370305542
1606847905,Asad Bourbon Lattafa Eau de Parfum Unissex 100ml,"Resumo ★ 4,41 no Fragrantica · 6,6 mil votos Os votos se concentram na noite e no clima frio. 68% noite · inverno e outono Especificações Casa Lattafa Concentração Eau de Parfum Tamanho 100ml Gênero Unissex (Lattafa) Família olfativa Oriental Especiado Notas de topo Lavanda, Mirabelle, Pimenta-rosa Notas de coração Cacau, Noz-moscada, Davana Notas de fundo Baunilha bourbon, Âmbar, Vetiver Como é o cheiro: notas do Asad Bourbon O perfume Asad Bourbon junta erva e sobremesa: a lavanda dá o lado herbáceo, enquanto a mirabelle (uma ameixa amarela doce), o cacau e a baunilha bourbon puxam para o doce. Na saída, a pimenta-rosa acrescenta um picante leve a esse contraste entre lavanda e fruta. Também aparece escrito Assad Bourbon, com dois s: é este mesmo perfume. No coração, o cacau traz um amargo adocicado de chocolate, a noz-moscada adiciona um calor especiado, e a davana — uma planta de cheiro frutado e levemente vinoso — aprofunda a composição. Baunilha bourbon, âmbar e vetiver deixam uma base quente e adocicada com um fundo terroso — o vetiver (raiz de cheiro profundo, terroso e levemente cítrico) equilibra o doce da baunilha bourbon, evitando que o conjunto fique enjoativo. O Asad Bourbon é bom? Pela nota dos usuários, é: 4,41 de 5, em cerca de 6,6 mil votos. Quem prefere cítrico fresco ou aquático pode achá-lo quente demais; quem gosta de lavanda com cacau e baunilha bourbon encontra aqui um doce com contraste de erva e de terra. Dia ou noite? Calor ou frio? Noite, em clima frio. Os votos de noite são o dobro dos de dia (cerca de 4,2 mil contra 2 mil), e inverno e outono reúnem a maior parte deles; o verão é a estação menos votada. Sugestão nossa para o Brasil: é um perfume de noite e de temperatura mais amena, pela base doce-especiada de baunilha bourbon e âmbar. No calor forte, prefira usá-lo à noite ou em ambiente com ar-condicionado; em dias frios, o fundo terroso do vetiver tem mais espaço. Perguntas frequentes Como conferir o Asad Bourbon original pelo EAN? O código de barras que os varejistas listam para a variante de 100 ml em Eau de Parfum é 6290362340362. Compare com o código de barras, a sigla EDP e os ml escritos na caixa. Os outros sinais estão no guia Perfume árabe original . Qual a diferença entre o Asad Bourbon e o Asad? São perfumes diferentes, e só baunilha e âmbar aparecem nos dois. O Asad de 2021 abre em pimenta-preta, abacaxi e tabaco e tem café, patchouli e íris no coração; o Bourbon troca isso por lavanda, mirabelle, cacau, noz-moscada, davana e vetiver. Qual a diferença entre o Asad Bourbon e o Asad Elixir? Em comum, pimenta-rosa, baunilha e âmbar. O Asad Elixir vai para o tabaco, com açafrão, grapefruit, cedro, patchouli, olíbano e cashmeran; o Bourbon fica no lado de lavanda, fruta e cacau. A Lattafa classifica o Elixir como masculino e o Bourbon como unissex. O Asad Bourbon tem cheiro de chocolate? Tem um toque: o cacau do coração dá um amargo adocicado que lembra chocolate amargo, não doce de confeitaria. Em volta dele ficam a noz-moscada e a davana, e o vetiver do fundo corta o açúcar da baunilha bourbon. Lattafa e Fragrantica discordam sobre o gênero do Asad Bourbon? Discordam. O site da Lattafa (lattafa.com/product/asad-bourbon/) o classifica como unissex: traz ""Fragrance type: Unisex"" e o chama de ""a unisex fragrance"" (lido em 30/09/2026). O Fragrantica, na edição tcheca, põe o Bourbon entre os perfumes para homens (""vůně pro muže"", lida em 30/09/2026). Veja também Asad Lattafa — o perfume original da linha Asad. Asad Elixir Lattafa — outro oriental masculino da linha Asad. Perfume árabe masculino — outras opções orientais e especiadas. Marca Lattafa — outros lançamentos da casa. His Confession Lattafa — outro masculino da casa, com tangerina e canela na abertura e baunilha no fundo.",in stock,new,329.00 BRL,,https://www.perfumearabe.com/produtos/lattafa-asad-bourbon/,https://dcdn-us.mitiendanube.com/stores/008/297/978/products/01-lattafa-asad-bourbon-e1f7c8b7fbbc10908a17913858523381-1024-1024.webp,Lattafa,370305545
1606847909,Asad Elixir Lattafa Eau de Parfum Masculino 100ml,"Resumo ★ 4,41 no Fragrantica · 2,6 mil votos Mais votado para a noite e os dias frios. Fixação 8,1/10 · Projeção 7,8/10 · 71% noite · inverno e outono O perfume Asad Elixir põe pimenta-rosa e açafrão por cima de tabaco e baunilha. É o lançamento de 2025 da linha Asad , da Lattafa, em Eau de Parfum de 100 ml. O Fragrantica registra 4,41 em 2,6 mil votos (30/09/2026), com a maior parte indicando a noite e os dias frios. Como é o cheiro do Asad Elixir O grapefruit tempera o calor especiado com um toque cítrico. O açafrão vem dos estigmas secos da flor Crocus sativus e tem cheiro agridoce, courado e um pouco terroso. O tabaco é a nota central, com baunilha e cedro ao lado: o tabaco traz uma impressão seca e encorpada, a baunilha arredonda com doçura e o cedro mantém a direção amadeirada. Patchouli, olíbano, cashmeran e âmbar seco formam a parte amadeirada e resinosa, com nuances quentes. O cashmeran é uma molécula sintética, usada nos fundos para dar maciez; o cheiro dela é especiado, almiscarado e amadeirado. No Parfumo, o conjunto é descrito como especiado e doce. Especificações Campo Detalhe Marca Lattafa Concentração Eau de Parfum Gênero Masculino Família olfativa Oriental Ano de lançamento 2025 Tamanho 100ml Frasco Preto, com laço grafite e caixa preta com ""Elixir"" no alto (foto oficial da Lattafa) Notas de topo Pimenta-rosa, açafrão, grapefruit Notas de coração Tabaco, baunilha, cedro Notas de fundo Patchouli, olíbano, cashmeran, âmbar seco Para quem e quando É uma opção para quem gosta de perfumes masculinos com especiarias, tabaco e baunilha, sem abrir mão de uma saída cítrica. O lado quente do fundo combina com noites, encontros e ocasiões em que você quer um aroma presente; a abertura de grapefruit também dá interesse ao perfume em momentos mais casuais. Sugestão nossa: em dias quentes e úmidos, prefira uma aplicação moderada e ambientes arejados; em temperaturas amenas ou à noite, o tabaco, a baunilha e as notas resinosas ganham mais espaço. Fixação e projeção No Parfumo, a fixação do Asad Elixir tem média 8,1/10 em 321 votos e a projeção, 7,8/10 em 323 votos (lido em 30/09/2026). Quem vota tem pele e clima diferentes, então a média mostra a percepção da comunidade, não uma medição. Um número de horas de duração não entra neste texto. Perguntas frequentes Qual a diferença entre o Asad Elixir e o Asad? São perfumes diferentes, não a mesma fórmula. Os dois têm tabaco, patchouli, baunilha e âmbar, mas nenhuma nota de topo em comum: o Asad (2021) abre em pimenta-preta e abacaxi e traz café e íris no coração; o Asad Elixir (2025) troca isso por açafrão, grapefruit, cedro, olíbano e cashmeran. À primeira vista, o que separa os frascos é o laço: grafite no Elixir, dourado no Asad. O Asad Elixir é uma versão mais forte do Asad? A Lattafa descreve o Elixir, na sua loja dos EUA, como ""uma evolução mais profunda e mais concentrada do Asad"". A descrição é da casa e não vem com número: não trazemos aqui dado que compare a duração e a projeção dos dois. O que dá para conferir são as notas, que são outras (veja a pergunta acima). Qual a diferença entre o Asad Elixir e o Asad Bourbon? Os dois compartilham só pimenta-rosa, baunilha e âmbar. O Asad Bourbon tem lavanda, mirabela, cacau, davana, noz-moscada e vetiver; o Asad Elixir tem açafrão, grapefruit, tabaco, cedro, patchouli, olíbano e cashmeran. No site da Lattafa, o Elixir é classificado como masculino (""Men"") e o Bourbon, como unissex. O Asad Elixir lembra o Hugo Boss Boss Bottled Absolu? No Parfumo, o Boss Bottled Absolu, da Hugo Boss, abre a lista de perfumes parecidos com o Asad Elixir, votada pela comunidade, e várias resenhas o citam; algumas dizem que o Elixir fica abaixo dele. É a leitura de uma comunidade só, não uma afirmação da casa: a descrição da Lattafa não cita nenhuma referência. Qual o código de barras do Asad Elixir de 100 ml? Os cadastros de varejo listam o EAN-13 6290362346548 para o Asad Elixir de 100 ml em Eau de Parfum. Na caixa, procure também a sigla EDP e a indicação de 100 ml. O guia Perfume árabe original detalha os outros sinais. Veja também Perfume árabe — a loja completa. Perfume árabe masculino — mais perfumes masculinos. Lattafa na loja — outros lançamentos da casa, como o Asad , a linha original desta edição Elixir. Quem gosta do fundo de tabaco e baunilha do Asad Elixir também costuma procurar o 9PM , da Afnan, de família Oriental Baunilhado.",in stock,new,282.00 BRL,,https://www.perfumearabe.com/produtos/lattafa-asad-elixir/,https://dcdn-us.mitiendanube.com/stores/008/297/978/products/01-lattafa-asad-elixir-1ee3730852a5b52d5717913387960669-1024-1024.webp,Lattafa,370305546
1606847910,Atheeri Lattafa Eau de Parfum 100ml,"Resumo ★ 4,26 no Fragrantica · 1,7 mil votos Dia e tempo quente reúnem a maior parte dos votos. 71% dia · primavera e verão Atheeri Lattafa, também escrito Lattafa Atheeri, é um floral gourmand de 2025 que abre molhado, com flor-da-paixão e gota de orvalho, e fecha doce, em baunilha e amberwood. Vem em Eau de Parfum de 100 ml, no frasco com a abelha dourada. Como é o cheiro do perfume Atheeri? Ele começa molhado e termina doce. A flor-da-paixão e a gota de orvalho abrem com um frescor floral e frutado, quase aquoso, que faz contraste com tudo o que vem por baixo. No coração, orquídea e jasmim formam um floral branco cheio, já com o adocicado aparecendo. Baunilha e amberwood deixam no fim uma base doce e amadeirada na pele. O Atheeri é bom? Sim, para quem gosta de floral que fecha doce: quem usa o avalia muito bem, e a nota fica acima de 4 em 5. Quem não curte baunilha no fundo vai achar o final açucarado. Dia ou noite? Calor ou frio? Combina mais com o dia e o clima quente, mas funciona numa noite fresca, quando a baunilha ganha espaço. Primavera e verão lideram, e o inverno é a estação menos escolhida para ele. Sugestão nossa para o calor do Brasil: a abertura aquosa de flor-da-paixão e orvalho alivia o abafado, então comece leve no calor úmido. Em noite mais fria ou ar-condicionado forte, o fundo de baunilha aparece inteiro. Lembra algum perfume famoso? Há quem o compare ao Gucci Flora Gorgeous Orchid, por causa do eixo floral com baunilha. É uma comparação de leitura, não de equivalência: o caminho mais seguro é comparar pelas notas. O Atheeri Lattafa é original? Para conferir a sua unidade, olhe o código de barras da caixa: a variante de 100 ml deste perfume é 6290360598918. O passo a passo completo está em como conferir a originalidade . Se você quer um floral doce com abertura fresca e um frasco que chama atenção na prateleira, é este; se prefere um perfume seco e amadeirado, olhe outra linha. Especificações Característica Detalhe Casa Lattafa Concentração Eau de Parfum Tamanho 100ml Gênero Feminino (lattafa.com) ou unissex (lattafa-usa.com) Ano de lançamento 2025 Família olfativa Floral Gourmand Notas de topo Flor-da-paixão, Gota de orvalho Notas de coração Orquídea, Jasmim Notas de fundo Baunilha, Amberwood Perguntas frequentes Qual é o perfume árabe com abelha? É o Atheeri, da Lattafa. O frasco tem um relevo de favo de mel e uma abelha dourada, o detalhe que o torna fácil de reconhecer. O Atheeri é feminino ou masculino? A Lattafa apresenta o Atheeri perfume feminino no site global, e a loja oficial dos EUA o lista como unissex. O floral branco com baunilha serve a quem gostar dele, sem regra de gênero. A baunilha domina o Atheeri? Não logo de saída: ela fica no fundo, com amberwood, e só aparece com o tempo. Antes dela vêm a abertura aquosa de flor-da-paixão e o coração de orquídea e jasmim, por isso o doce chega devagar. O Atheeri Lattafa vem em quantos ml? É Eau de Parfum em frasco de 100 ml, lançado em 2025. É esta a versão da página, a que traz a abelha dourada no frasco. O que é amberwood no Atheeri? É um acorde que junta o calor do âmbar com o seco da madeira. No Atheeri ele segura a baunilha do fundo, para o final ficar doce e amadeirado, não só açucarado. Veja também Perfume árabe feminino — florais e gourmands para elas, lado a lado. Perfume árabe doce — para quem gostou do fundo de baunilha. Perfume árabe de baunilha — perfumes em que a baunilha aparece no fundo. Marca Lattafa — a casa do Atheeri e o resto da linha. The Kingdom For Women Lattafa — outro floral frutal gourmand da mesma casa. Fakhar Rose Lattafa — floral feminino da Lattafa, em outro estilo. Musamam White Intense Lattafa — outro cremoso da casa, com coco e ylang ylang no coração.",in stock,new,486.00 BRL,,https://www.perfumearabe.com/produtos/lattafa-atheeri/,https://dcdn-us.mitiendanube.com/stores/008/297/978/products/01-lattafa-atheeri-3c8a88507f7730d79717905213335956-1024-1024.png,Lattafa,370305547
1606847912,Badee Al Oud Amethyst Lattafa Eau de Parfum Unissex 100ml,"Resumo ★ 4,02 no Fragrantica · 4,3 mil votos Mais votado para a noite e os dias frios. 66% noite · inverno e outono Como é o cheiro do Badee Al Oud Amethyst Lattafa A rosa é a protagonista, e em dobro: a Lattafa lista rosa turca e rosa búlgara no coração, ao lado do jasmim. A Lattafa USA resume o conjunto como um perfume quente, de baunilha, âmbar e rosas. Sobre essas flores ficam a pimenta-rosa e a bergamota, que dão um toque picante e cítrico. Leitura nossa: é esse picante que evita que a rosa vire só açúcar. O que separa o Amethyst de um floral de baunilha comum é o oud , a resina escura que certas madeiras formam, de cheiro terroso e às vezes fumado. A lista põe Agarwood (oud) no fundo, junto com âmbar e baunilha. Leitura nossa: é o oud que dá peso à rosa e a leva para o lado escuro. Especificações Característica Detalhe Casa Lattafa Concentração Eau de Parfum Volume 100 ml Gênero Unissex Ano de lançamento 2021 Família olfativa Oriental Baunilhado Topo Pimenta-rosa, bergamota Coração Rosa turca, rosa búlgara, jasmim Fundo Oud, âmbar, baunilha Para quem e quando Sugestão nossa: é um perfume para quem quer rosa com peso, não a rosa leve e aquosa de banho. O fundo de oud e âmbar tende a pesar no calor úmido, então ele encaixa melhor em noite fresca, jantar e ambiente com ar-condicionado. Para um perfil de rosa mais claro, o guia Perfume árabe rosa compara outros caminhos. Fixação e projeção Não trazemos número de fixação aqui: nenhuma resenha assinada e datada, nem contagem de votos, que reabrimos sustenta um número para o Amethyst. Quanto dura e até onde chega depende da sua pele, do clima e de quanto você aplica. Perguntas frequentes O Bade'e Al Oud Amethyst é masculino ou feminino? Unissex: o site da Lattafa nos EUA o classifica como ""Unisex"" (conferido em 30/09/2026) e a Amazon.com o anuncia para mulheres e homens. Com rosa, oud e baunilha na mesma lista, ele não segue o molde de um floral só feminino nem o de um amadeirado só masculino. Amethyst e Oud for Glory são o mesmo perfume? Não. A descrição da Lattafa USA começa com ""Perfume Oud For Glory Amethyst"", o que mistura os nomes, mas as notas são outras: o Amethyst sai de pimenta-rosa e bergamota sobre rosas, e o Oud for Glory é o de açafrão, noz-moscada e lavanda, que a Lattafa classifica como âmbar amadeirado. E o Amethyst Fusion, é a mesma coisa? Não. Segundo a Lattafa USA (30/09/2026), o Amethyst Fusion tem rum, tangerina e amaretto na saída, âmbar, patchouli e caramelo no coração, e benjoim, sândalo e baunilha no fundo. Esta página trata só do Amethyst de rosas e oud. O Amethyst lembra o Atomic Rose, da Initio? O guia da Chaos Fragrances, publicado em 9 de setembro de 2026, descreve o Amethyst como uma variação mais escura no estilo do Atomic Rose, e não como um equivalente exato: os dois dividem bergamota, rosa turca, rosa búlgara, jasmim, âmbar e baunilha, mas o agarwood deixa o Amethyst mais fundo, mais fumado e mais amadeirado. O mesmo guia observa que a Lattafa não lista Hedione, a nota que dá ar ao Atomic Rose. Quem opina é uma loja americana, e não a Lattafa. O Amethyst vem na coleção 4x25 ml da Lattafa? Não. Segundo a Lattafa USA (30/09/2026), a coleção 4x25 ml traz Oud for Glory, Honor & Glory, Sublime e Noble Blush. O Amethyst aparece no mesmo site em frasco de 100 ml. O Amethyst é original? Sim: o Amethyst que vendemos é o da Lattafa, e Perfume árabe original mostra onde olhar no lacre e na caixa quando o frasco chegar. Veja também Perfume oud — onde a resina escura dá o tom da composição. Oud for Glory 100 ml — o parente de açafrão e lavanda, sem rosas. Perfume árabe rosa — guia para comparar rosas claras e escuras. Perfume árabe unissex — a vitrine sem recorte de gênero. Lattafa na loja — a casa do Amethyst e dos demais Bade'e Al Oud.",in stock,new,229.00 BRL,,https://www.perfumearabe.com/produtos/lattafa-badee-al-oud-amethyst/,https://dcdn-us.mitiendanube.com/stores/008/297/978/products/01-lattafa-badee-al-oud-amethyst-09b5139f09cb5502cf17913388229310-1024-1024.webp,Lattafa,370305548
1606847913,Eclaire Lattafa Pistache Eau de Parfum 100ml,"Resumo ★ 3,76 no Fragrantica · 1,2 mil votos Vai do dia à noite, com destaque nos dias frios. 59% dia · inverno e outono Especificações Casa Lattafa Concentração Eau de Parfum Tamanho 100ml Gênero Unissex (site oficial classifica como ""Unisex"") Família olfativa Gourmand Notas de topo Creme de pistache, Pistache torrado Notas de coração Coco, Cacau, Chantilly Notas de fundo Baunilha, Leite, Almíscar Como é o cheiro O Eclaire Pistache é uma sobremesa de vitrine em forma de perfume: creme de pistache e pistache torrado dão um doce amendoado e levemente tostado, mais perto da confeitaria do que da fruta. Coco, cacau e chantilly formam o recheio: o coco traz um doce cremoso e tropical, o cacau aprofunda com um toque amargo de chocolate, e o chantilly arredonda tudo com uma sensação de creme batido. Baunilha, leite e almíscar fecham com uma base doce e macia, de sobremesa láctea — o almíscar (nota de fundo clássica, hoje quase sempre sintética, com cheiro limpo e levemente adocicado) arredonda o conjunto. Para quem e quando Combina com quem gosta de perfumes gourmand doces sem enjoar, para uso casual de dia ou uma saída à noite mais informal. Sugestão nossa: no calor e na umidade do Brasil, esse doce de pistache e leite combina mais com o fim da tarde ou com ambiente de ar-condicionado; em dias frios, a baunilha e o leite do fundo conversam com o clima. Perguntas frequentes O Eclaire Pistache Lattafa é original? Sim, é Lattafa. Na página Perfume árabe original está o que olhar no frasco quando ele chegar. O Eclaire Pistache é o Eclaire com pistache? Não. A Lattafa publica para o Pistache uma pirâmide própria, com creme de pistache, pistache torrado, coco, cacau, chantilly, baunilha, leite e almíscar; não é a fórmula do Eclaire com uma nota a mais. O Eclaire Pistache tem cheiro de pistache mesmo? O pistache está no topo em duas formas, creme e torrado, e é ele que abre o perfume. Depois o cheiro vira doce de confeitaria, com coco, cacau e chantilly, e não fica só no pistache. Qual a diferença entre o Eclaire Pistache e o Yara? Os dois são doces e dividem baunilha e almíscar no fundo. O Yara é um feminino com orquídea, heliotrópio, tangerina e frutas tropicais; o Eclaire Pistache, que a Lattafa classifica como unissex, fica no pistache, no coco, no cacau e no leite. Veja também Perfume árabe doce — outros gourmands como o Eclaire Pistache. Perfume árabe unissex — outras opções unissex por estilo e ocasião. Marca Lattafa — outros lançamentos da casa. The Kingdom For Women Lattafa — outro floral frutal gourmand da casa. Yara Lattafa — outro oriental baunilhado doce da casa.",in stock,new,419.00 BRL,,https://www.perfumearabe.com/produtos/lattafa-eclaire-pistache/,https://dcdn-us.mitiendanube.com/stores/008/297/978/products/01-lattafa-eclaire-pistache-5a97e16224cf563e1017913388498902-1024-1024.webp,Lattafa,370305550
1606847915,Fakhar Black Lattafa Eau de Parfum Masculino 100ml,"Resumo ★ 4,20 no Fragrantica · 8,3 mil votos Os votos pendem para o dia e para o tempo quente. 63% dia · primavera e verão Especificações Casa Lattafa Concentração Eau de Parfum Tamanho 100 ml Gênero Masculino Ano de lançamento 2022 Família olfativa Oriental Notas de topo Maçã, Bergamota, Gengibre Notas de coração Lavanda, Sálvia, Zimbro, Gerânio Notas de fundo Fava tonka, Cedro, Amberwood, Vetiver Como é o cheiro do Fakhar Black? O perfume Lattafa Fakhar Black é um Eau de Parfum masculino de 100 ml definido pela maçã temperada com gengibre: fruta e picância na mesma respiração, com a bergamota dando o lado cítrico da saída. A lavanda é o eixo do perfume. Sálvia, zimbro e gerânio completam um coração aromático, com nuances verdes e herbais ao redor da lavanda. Fava tonka, cedro, amberwood (acorde que reforça o lado ambarado e amadeirado) e vetiver formam uma base quente. A tonka dá maciez; cedro e vetiver puxam para madeiras secas. Para quem é o Fakhar Black? É para quem procura um masculino aromático, com abertura fresca e final amadeirado. A lavanda e as notas verdes acompanham bem a rotina, e a base de cedro, vetiver e tonka funciona à noite. Sugestão nossa: no calor do Brasil, a maçã, a bergamota e a lavanda são a parte que conversa com o dia; em noite fria, quem aparece mais é o fundo de cedro e tonka. O Fakhar Black é bom? Pela nota dos usuários, é: 4,2 de 5, em cerca de 8,3 mil votos no Fragrantica. Dia ou noite? Calor ou frio? Pende para o dia: leitores do Fragrantica deram cerca de 5,5 mil votos ao dia e 3,3 mil à noite. Pelas estações, verão e primavera empatam na frente (5,6 mil cada) e o inverno fica com apenas 1,8 mil. Lembra algum perfume famoso? Um review do blog ScentClones aproxima a abertura do Fakhar Black do YSL Y Eau de Parfum e diz que o fundo é mais doce e menos refinado que o do perfume da Yves Saint Laurent. A opinião é do blog, de quem testou os dois; a Lattafa não faz essa comparação. Perguntas frequentes Qual o código de barras do Fakhar Black? O cadastro da casa traz 6291107456058 para a variante de 100 ml do Fakhar Black, em Eau de Parfum. Compare esse número com o código impresso na caixa; o guia Perfume árabe original lista os demais sinais. O Fakhar Black é o mesmo que o Fakhar Men? É o mesmo perfume: o site da Lattafa nos Estados Unidos o lista como Fakhar Men, e o Fragrantica e esta loja usam o nome Fakhar Black. O Fakhar Black é fresco, doce ou amadeirado? É um meio-termo. Maçã, bergamota e lavanda dão a parte fresca e aromática, e fava tonka, cedro e vetiver trazem uma base amadeirada e quente, com a tonka suavizando o fim. O Fakhar Black lembra o YSL Y? O review do ScentClones associa a abertura ao YSL Y Eau de Parfum, e ressalva que o fundo do Fakhar Black é mais doce. Vale sentir na pele para decidir. Veja também Perfume árabe masculino — masculinos por estilo e ocasião. Lattafa — a casa do Fakhar Black e seus outros lançamentos. Perfume árabe amadeirado — perfumes que terminam em cedro e vetiver. Linha Fakhar Lattafa — a linha inteira, com o Fakhar Rose . Club de Nuit Iconic Armaf — masculino de outra casa, com incenso e âmbar no fundo.",in stock,new,275.00 BRL,,https://www.perfumearabe.com/produtos/lattafa-fakhar-black/,https://dcdn-us.mitiendanube.com/stores/008/297/978/products/01-lattafa-fakhar-black-c2a25e6fe2c3e78c7517913385482593-1024-1024.webp,Lattafa,370305551
1606847918,Fakhar Rose Lattafa Eau de Parfum Feminino 100ml,"Resumo ★ 4,03 no Fragrantica · 3,6 mil votos Leva mais voto de dia do que de noite, e a primavera é a estação que mais pontua. 62% dia · primavera e outono Especificações Casa Lattafa Concentração Eau de Parfum Tamanho 100 ml Gênero Feminino Ano de lançamento 2022 Família olfativa Floral Nome oficial Fakhar Women (""Rose"" é o nome de mercado) Frasco Branco-perolado, com medalhão, gargalo e tampa em rosé-gold (foto oficial da Lattafa) Notas de topo Frutas, Lírio, Romã, Aldeídos Notas de coração Tuberosa, Jasmim, Gardênia, Ylang-ylang, Rosa, Madressilva, Peônia Notas de fundo Baunilha, Almíscar branco, Sândalo, Ambroxan Como é o cheiro: notas do Fakhar Rose O Fakhar Rose é, antes de tudo, um buquê. O coração reúne sete flores — tuberosa, jasmim, gardênia, ylang-ylang, rosa, madressilva e peônia —, com flores brancas cremosas ao lado de rosas e pétalas mais delicadas. A variedade dá corpo ao perfume e mantém a rosa dentro de um conjunto mais amplo. Em volta desse buquê ficam as frutas, o lírio, a romã e os aldeídos: a romã traz um lado suculento, e os aldeídos, substâncias que dão sensação de brilho, deixam o conjunto arejado. A base junta baunilha, almíscar branco, sândalo e ambroxan. A baunilha acrescenta doçura, o sândalo traz um tom amadeirado macio e o ambroxan, molécula sintética de cheiro limpo, dá acabamento. O Fakhar Rose é bom? Pela nota dos usuários, é: 4,03 de 5, em cerca de 3,6 mil votos. É uma opção para quem gosta de perfis florais com várias facetas: frutas na abertura, flores no centro e um fundo macio de baunilha e madeira. A rosa aparece acompanhada por jasmim, tuberosa, gardênia e outras flores, então o conjunto não depende de uma nota só. Quem prefere perfume seco ou amadeirado tende a achá-lo floral demais; quem gosta de buquê de flores brancas com fundo adocicado encontra aqui o que procura. Dia ou noite? Calor ou frio? O Fakhar Rose rende melhor sob a luz do dia, embora a noite também tenha seu público: cerca de 1,6 mil votos para o dia e 1 mil para a noite. Entre as estações, a primavera passa na frente e as outras três ficam emparelhadas. Vale para quando você quer um floral feminino de buquê cheio e fundo adocicado. A abertura frutada cai bem em programas leves; o coração floral acompanha também ocasiões mais arrumadas. Sugestão nossa: no calor do Brasil, a romã e os aldeídos são o lado que acompanha o dia; à noite, quem fala mais alto é o fundo de baunilha e sândalo. Perguntas frequentes O Fakhar Rose é o mesmo perfume que o Fakhar Women? Sim. No site oficial da Lattafa o produto se chama Fakhar Women e é classificado como feminino (""Women""); ""Rose"" é o nome de mercado do mesmo perfume. Na foto oficial, o frasco é branco-perolado, com detalhes em rosé-gold, e não rosa. O masculino da linha é o Fakhar Black . O Fakhar Rose é um perfume de rosa? Tem rosa, mas como uma de sete flores do coração; as outras são tuberosa, jasmim, gardênia, ylang-ylang, madressilva e peônia. Existe o Fakhar Rose Gold? Não como perfume separado. A linha Fakhar da Lattafa tem Women (o Rose), Black, Extrait e Platin, e ""Rose Gold"" aparece em algumas lojas como outro nome do feminino: o frasco branco-perolado leva medalhão, gargalo e tampa em rosé-gold, e é daí que o apelido vem. Não confunda com o Fakhar Gold da nossa loja, que é o Fakhar Extrait . Fakhar Rose ou Yara: qual escolher? Se você quer flores, o Fakhar Rose; se quer doce de baunilha com fruta tropical, o Yara . O Rose é floral, com sete flores no coração e fundo de baunilha, sândalo, almíscar branco e ambroxan; o Yara é oriental baunilhado, abre em orquídea, heliotrópio e tangerina e leva um acorde gourmand no meio. Como conferir um Fakhar Rose original? Comece pelo EAN: o cadastro da casa traz 6291107456041 para a variante de 100 ml, o único tamanho do Fakhar Rose. O frasco também precisa bater com o oficial, branco-perolado com os detalhes em rosé-gold, e não rosa. Os demais sinais estão no guia Perfume árabe original . Veja também Perfume árabe feminino — outras opções femininas por família olfativa. Lattafa — outros lançamentos da casa. Linha Fakhar Lattafa — conheça também o Fakhar Black , o par masculino da linha, e o Fakhar Extrait .",in stock,new,275.00 BRL,,https://www.perfumearabe.com/produtos/lattafa-fakhar-rose/,https://dcdn-us.mitiendanube.com/stores/008/297/978/products/01-lattafa-fakhar-rose-e7c0aa0c9e2dcdf80317913385289881-1024-1024.webp,Lattafa,370305554
1606847919,Khamrah Dukhan Lattafa Eau de Parfum 100ml,"Resumo ★ 4,20 no Fragrantica · 2,8 mil votos Mais votado para a noite e os dias frios. 73% noite · inverno e outono Especificações Casa Lattafa Concentração Eau de Parfum Tamanho 100 ml Gênero Unissex, com ângulo masculino nesta edição (Lattafa) Ano de lançamento 2025 Família olfativa Oriental Notas de topo Especiarias, Pimenta-da-jamaica, Tangerina Notas de coração Incenso, Labdano, Flor de laranjeira, Patchouli Notas de fundo Tabaco, Praliné, Âmbar, Fava tonka, Benjoim Como é o cheiro do Khamrah Dukhan Lattafa O Khamrah Dukhan troca a canela e as tâmaras do Khamrah por resina e tabaco. Na saída, especiarias e pimenta-da-jamaica vêm com um fio cítrico de tangerina. No centro ficam o incenso e o labdano, resina que sustenta o acorde âmbar clássico, com flor de laranjeira e patchouli fazendo o contraste entre floral e terra. A base junta tabaco e praliné, um doce escuro, sobre âmbar, fava tonka e benjoim. A pirâmide desta flanker é própria e sai igual no Fragrantica e na lattafa-usa.com. Sobre o gênero: a Lattafa descreve o Khamrah Dukhan como unissex e diz que esta edição tem um ""ângulo masculino""; o Fragrantica o classifica como ""for men"". Para quem e quando Conversa com quem gosta de incenso e de fundo adocicado ao mesmo tempo: o tabaco com praliné dá o caráter, e o incenso com labdano segura o lado resinoso. Sugestão nossa: a resina e o tabaco do Dukhan rendem melhor em noite fresca, jantar ou ambiente com ar-condicionado; no abafado do verão brasileiro, a abertura de pimenta-da-jamaica fica mais agradável com uma aplicação contida. Fixação e projeção Rodrigo H., da ScentChronicles (review de 05/10/2025, atualizada em 06/06/2026), relata de 9 a 10 horas na maioria das peles e mais de 12 em pele fria ou seca. Para ele, a projeção é forte e controlada nas três primeiras horas (1,2 a 1,5 m) e baixa para 60 a 90 cm entre a 4ª e a 6ª hora. É o teste de um só autor, não uma medição. Perguntas frequentes Qual a diferença entre o Khamrah Dukhan e o Khamrah? As pirâmides quase não se cruzam: o Khamrah (2022) abre em canela, noz-moscada e bergamota e tem tâmaras, praliné e tuberosa no coração; o Dukhan (2025) abre em pimenta-da-jamaica e tangerina e põe incenso e labdano no centro. Em comum ficam praliné, fava tonka e benjoim. Qual a diferença entre o Khamrah Dukhan e o Khamrah Qahwa? O Khamrah Qahwa tem café na base e cardamomo, gengibre e frutas cristalizadas na pirâmide; o Dukhan não tem café e aposta em tabaco, incenso e labdano. Os dois são flankers do Khamrah, cada um com notas próprias. O Khamrah Dukhan lembra o Kilian Angels' Share? Para o autor do ScentClones (review de 09/02/2026), os dois ficam de 75 a 80% parecidos no fundo de tabaco, âmbar e resina, mas o Dukhan é mais seco e defumado e tem menos doçura de conhaque e maçã. O Angels' Share é tratado ali como referência de US$ 300 no estilo licoroso. É a leitura de um resenhista; a Lattafa não cita referência. O Khamrah Dukhan é masculino ou unissex? A Lattafa o chama de unissex, com um ângulo masculino nesta edição: o lattafa.com marca ""Men, Unisex"" e a lattafa-usa.com marca ""Unisex"", com o mesmo texto. O Fragrantica o põe entre os perfumes para homens (consultas de 30/09/2026). O Khamrah Dukhan é original? Sim, é Lattafa. O passo a passo para examinar o frasco que você receber está em Perfume árabe original . Veja também Perfume árabe original — toda a seleção Lattafa, Armaf e outras casas, por família e ocasião. Perfume árabe masculino — outras opções para eles. Perfume árabe amadeirado — outros perfis resinosos e amadeirados como o Khamrah Dukhan. Lattafa na loja — conheça também o Khamrah Qahwa e o Kit Khamrah , da mesma linha.",in stock,new,274.00 BRL,,https://www.perfumearabe.com/produtos/lattafa-khamrah-dukhan/,https://dcdn-us.mitiendanube.com/stores/008/297/978/products/01-lattafa-khamrah-dukhan-d224f56109b651fab117913388716328-1024-1024.webp,Lattafa,370305555
1606847920,Khamrah Qahwa Lattafa Eau de Parfum Unissex 100ml,"Resumo ★ 4,33 no Fragrantica · 16,3 mil votos Mais votado para a noite e os dias frios. Fixação 8,5/10 · Projeção 8,3/10 · 72% noite · inverno e outono Especificações Casa Lattafa Concentração Eau de Parfum Tamanho 100 ml Gênero Feminino e masculino Ano de lançamento 2023 Família olfativa Oriental Baunilhado Notas de topo Canela, Cardamomo, Gengibre Notas de coração Praliné, Frutas cristalizadas, Flores brancas Notas de fundo Baunilha, Café, Fava tonka, Benjoim, Almíscar Como é o cheiro O Khamrah Qahwa começa pela especiaria e não por fruta ou cítrico: canela, cardamomo e gengibre abrem quentes e já apontando para o doce. O meio é de confeitaria. O praliné (nota gourmand, de amêndoa ou avelã caramelizada) e as frutas cristalizadas adoçam, e as flores brancas tiram um pouco do peso. Na base, café e baunilha se destacam entre fava tonka, benjoim e almíscar, como um café adoçado com canela sobre um fundo macio e resinoso. Qahwa é uma palavra árabe usada para café; aqui, o nome combina com a presença da nota de café no fundo da composição. A pirâmide deste perfume é própria da flanker, não a mesma do Khamrah original. Para quem e quando É para quem gosta de perfume doce e quente em que o café aparece junto da baunilha, e não só a baunilha. A Lattafa o apresenta para mulheres e homens. Sugestão nossa: com canela, praliné e café, ele pede noite, tempo ameno ou ar-condicionado; no verão úmido, vá de pouco. Fixação e projeção No Parfumo, a fixação tem média 8,5/10 em 1.551 votos e o sillage (o rastro que o perfume deixa no ar), 8,3/10 em 1.546 votos (setembro de 2026), e o site classifica as duas como acima da média. É a média de quem votou, com peles e climas diferentes; não trazemos número de horas. Perguntas frequentes O Khamrah Lattafa Qahwa é feminino ou masculino? É apresentado como perfume feminino e masculino, então pode ser usado por qualquer pessoa que goste de um perfil doce e especiado. O Khamrah Qahwa é original? É Lattafa original. Quando o seu chegar, o que olhar na caixa e no frasco está em Perfume árabe original . O Khamrah Qahwa tem cheiro de café? Sim. Café aparece nas notas de fundo, ao lado da baunilha e da fava tonka, compondo uma impressão adocicada e quente. Qual a diferença entre o Khamrah Qahwa e o Khamrah Dukhan? Os dois são flankers do Khamrah e dividem praliné, fava tonka e benjoim, mas o resto muda. O Qahwa tem canela, cardamomo, frutas cristalizadas e café; o Khamrah Dukhan é resinoso e fumado, com incenso, labdano e tabaco. O Khamrah Qahwa tem tâmara, como o Khamrah? Não nas listas da Lattafa e do Parfumo, que trazem canela, cardamomo e gengibre na saída, praliné, frutas cristalizadas e flores brancas no meio. Uma resenha em inglês põe tâmara no Qahwa, mas a tâmara é nota do Khamrah original. Veja também Perfume árabe original — toda a seleção Lattafa, Armaf e outras casas, por família e ocasião. Perfume árabe unissex — outras opções compartilháveis. Perfume árabe baunilha — outros perfis adocicados como o Khamrah Qahwa. Lattafa na loja — conheça também o Khamrah Dukhan e o Kit Khamrah , da mesma linha.",in stock,new,245.00 BRL,,https://www.perfumearabe.com/produtos/lattafa-khamrah-qahwa/,https://dcdn-us.mitiendanube.com/stores/008/297/978/products/01-lattafa-khamrah-qahwa-33b70ccc23d63906c917913388771932-1024-1024.webp,Lattafa,370305556
1606847921,Yara Lattafa Eau de Parfum Feminino 100ml,"Resumo ★ 3,94 no Fragrantica · 12,4 mil votos Mais votado para o dia e os dias quentes. 76% dia · primavera e verão Notas do Yara perfume: como é o cheiro do Yara Lattafa Quem busca por yara perfume encontra aqui o Eau de Parfum de 100 ml da Lattafa, feminino. O Perfume Árabe Yara junta uma flor, uma fruta cítrica e uma sobremesa. A flor é a orquídea, com o heliotrópio ao lado (flor de cheiro doce e empoado); a tangerina é a única nota cítrica de toda a pirâmide e dá o toque de fruta fresca. O acorde gourmand, que lembra sobremesa sem apontar um doce específico, divide o coração com frutas tropicais, e é dele que vem a doçura que define o perfume. Baunilha, almíscar e sândalo sustentam essa doçura na base: a baunilha a continua, e o sândalo acrescenta um fundo amadeirado e macio. Almíscar, aqui, é a nota de fundo clássica da perfumaria — hoje quase sempre sintética (""almíscar branco""), de cheiro limpo e levemente adocicado, lembrando roupa limpa. Especificações Característica Detalhe Casa Lattafa Concentração Eau de Parfum Volume 100 ml Gênero Feminino Ano de lançamento 2020 Família olfativa Oriental Baunilhado Frasco Rosa-claro, com laço prateado (foto oficial da Lattafa) Também chamado de Yara rosa (apelido de mercado; nome de registro: Yara) Topo Orquídea, heliotrópio, tangerina Coração Acorde gourmand, frutas tropicais Fundo Baunilha, almíscar, sândalo Para quem e quando usar o Yara Dá para usar no dia a dia, no trabalho ou para sair à noite. Sugestão nossa: como a doçura de baunilha e sobremesa é o centro do Yara, no calor forte ele fica melhor no fim da tarde ou em ambiente com ar-condicionado; no frio, essa doçura combina com o clima. O perfil floral e gourmand também combina como presente. Perguntas frequentes O Yara Lattafa é o Yara rosa? Sim. ""Yara rosa"" (ou Yara Pink) é o apelido de mercado do Yara perfume da Lattafa: na foto oficial da Lattafa o frasco é rosa-claro, com laço prateado, e a caixa também é rosa. O nome de registro continua sendo só ""Yara"". O Yara é muito doce? É um perfume doce. O Parfumo o descreve como doce e cremoso, e os acordes principais que a Fragrantica lista começam por doce, baunilha e empoado, com o tropical logo depois. Na pirâmide, a doçura vem do acorde gourmand, das frutas tropicais e da baunilha; não há morango entre as notas. O Yara é masculino? Não, é feminino. A Lattafa classifica o Yara como perfume feminino (""Women"") no site global e na loja dos EUA; o Fragrantica e o Parfumo também o põem entre os femininos. Qual a diferença entre o Yara, o Moi, o Tous, o Elixir e o Candy? São perfumes diferentes da linha Yara, da Lattafa, cada um com o seu frasco. Este é o Yara de frasco rosa, Eau de Parfum de 100 ml, de 2020. Yara Moi , Yara Tous , Yara Elixir e Yara Candy são outros perfumes da linha, não versões deste. O Yara vem em outros tamanhos além de 100 ml? Na loja da Lattafa nos EUA, o Yara aparece em 10 ml (roll-on), 12 ml (travel spray), 20 ml (óleo perfumado concentrado), 50 ml e 100 ml, este também numa versão com desodorante. Esta página é do Eau de Parfum de 100 ml. Como saber se o perfume Yara Lattafa é original? O Yara que vendemos é original. A Lattafa orienta conferir a unidade pela embalagem: o selo holográfico 3D e o QR code, que deve abrir o endereço verify.lattafa.com. A página Perfume árabe original conta como a loja trata o assunto. O perfume Yara Lattafa parece com qual perfume importado? A Lattafa não declara inspiração, e não há uma comparação recorrente com outro perfume. A linha do perfume Yara Lattafa Yara Moi — outro perfume da linha Yara, com frasco próprio. Yara Tous — outro perfume da linha Yara, com frasco próprio. Yara Elixir — outro perfume da linha Yara, com frasco próprio. Veja também Perfume árabe feminino — Yara e outras casas, por família olfativa. Perfume árabe baunilha — outros orientais baunilhados e gourmand como o Yara. Lattafa na loja — mais da casa, como o Fakhar Rose , que também fecha com baunilha, almíscar branco e sândalo, e o The Kingdom For Women . Kit Lattafa Yara Tous — kit com o Yara Tous, uma miniatura e shower gel.",in stock,new,285.00 BRL,,https://www.perfumearabe.com/produtos/lattafa-yara/,https://dcdn-us.mitiendanube.com/stores/008/297/978/products/01-lattafa-yara-d2a441ba6a72f5728717913389693909-1024-1024.webp,Lattafa,370305558
1606847927,Yara Elixir Lattafa Eau de Parfum Feminino 100ml,"Resumo ★ 4,24 no Fragrantica · 1,3 mil votos Votos divididos entre dia e noite. 57% dia · outono e inverno Como é o cheiro O Yara Elixir abre com marshmallow de morango, a nota que o separa do Yara de frasco rosa. O açúcar do marshmallow vem com o cassis, uma fruta escura e um pouco ácida, e a saída lembra sobremesa de frutas vermelhas. Jasmim e flor de laranjeira seguram esse doce no coração. A flor de laranjeira tem um leve amargor e impede que o conjunto vire só açúcar. Baunilha e caramelo deixam o fundo cremoso, e âmbar e almíscar dão o acabamento quente e limpo. O âmbar da perfumaria é um acorde de resinas quentes, e não uma matéria-prima. A pirâmide é própria do Elixir: fruta açucarada, flores brancas e baunilha, sem herdar as notas das outras versões Yara. Especificações Característica Detalhe Casa Lattafa Concentração Eau de Parfum Volume 100 ml Gênero Feminino Ano de lançamento 2025 Família olfativa Oriental Baunilhado Topo Marshmallow de morango, cassis Coração Jasmim, flor de laranjeira Fundo Baunilha, caramelo, âmbar, almíscar Para quem e quando É para quem gosta de doce de frutas vermelhas com baunilha evidente, em encontros e passeios. Sugestão nossa: marshmallow e caramelo ficam mais gostosos à noite ou num dia ameno; se for usar no verão do Brasil, conte com o jasmim e a flor de laranjeira para aliviar a doçura. Perguntas frequentes O Yara Elixir tem cheiro de morango? Tem: a primeira nota da pirâmide é marshmallow de morango, ao lado do cassis. É justamente o que falta no Yara de 2020, que não tem morango entre as notas. Qual a diferença entre o Yara Elixir e o Yara de frasco rosa? O Yara, de 2020, abre em orquídea, heliotrópio e tangerina e fecha em baunilha, almíscar e sândalo. O Elixir, de 2025, troca a orquídea por marshmallow de morango e cassis, põe jasmim e flor de laranjeira no coração e leva caramelo e âmbar no fundo. O Yara Elixir é muito doce? É um dos doces da linha: marshmallow na saída, baunilha e caramelo no fundo. Quem equilibra é o coração de jasmim e flor de laranjeira, com o leve amargor da flor de laranjeira. Quais são as notas do Yara Elixir? A saída traz marshmallow de morango e cassis. No coração aparecem jasmim e flor de laranjeira; no fundo, baunilha, caramelo, âmbar e almíscar — uma pirâmide própria desta flanker, diferente das outras versões Yara. Veja também Perfume árabe original — toda a seleção Lattafa, Armaf e outras casas, por família e ocasião. Perfume árabe feminino — outras opções para elas. Perfume árabe baunilha — outros perfis adocicados como o Yara Elixir. Lattafa na loja — todos os lançamentos da casa. Yara Lattafa — a linha original desta edição Elixir. Yara Tous Lattafa e Yara Moi Lattafa — outras flankers da mesma família.",in stock,new,324.00 BRL,,https://www.perfumearabe.com/produtos/lattafa-yara-elixir/,https://dcdn-us.mitiendanube.com/stores/008/297/978/products/01-lattafa-yara-elixir-c3320b109c64e195bf17913389538307-1024-1024.webp,Lattafa,370305562
1606847963,Yara Moi Lattafa Eau de Parfum Feminino 100ml,"Resumo ★ 3,64 no Fragrantica · 2,5 mil votos Mais votado para usar durante o dia. 66% dia · primavera e outono Como é o cheiro O Yara Moi é o Yara de flor branca. A saída de pêra, pimenta-rosa e cassis é frutada com uma picada leve: a pêra madura amacia a pimenta-rosa, e o cassis põe fruta escura por cima. O centro é de tuberosa e jasmim, duas flores brancas, com a amêndoa dando um toque cremoso que amacia o floral. A tuberosa, que em excesso cansa, divide espaço com o jasmim. A base é baunilha, cashmeran e patchouli: o patchouli traz terra, o cashmeran, molécula sintética de aroma especiado e amadeirado, dá maciez, e a baunilha adoça o fim. As notas desta página são as da Lattafa; o Fragrantica traz outra pirâmide (veja as perguntas abaixo). Especificações Característica Detalhe Casa Lattafa Concentração Eau de Parfum Volume 100 ml Gênero Feminino Ano de lançamento 2022 Topo Pêra, pimenta-rosa, cassis Coração Tuberosa, jasmim, amêndoa Fundo Baunilha, Cashmeran, patchouli Para quem e quando É para quem gosta da doçura do Yara, mas quer flor branca no centro no lugar da orquídea e do acorde gourmand. A Lattafa o classifica como feminino. Sugestão nossa: tuberosa e jasmim ficam intensos no calor úmido, então de dia vá de pouco; num jantar ou numa noite fresca, a baunilha com patchouli tem mais espaço. Perguntas frequentes Por que a pirâmide do Yara Moi muda de site para site? Porque há duas listas publicadas. A loja da Lattafa nos EUA traz pêra, pimenta-rosa e cassis; tuberosa, jasmim e amêndoa; baunilha, cashmeran e patchouli. O Fragrantica lista jasmim e pêssego, caramelo e âmbar, patchouli e sândalo. Pode ser uma reformulação; esta página segue a lista da casa. Qual a diferença entre o Yara Moi e o Yara? O Yara abre em orquídea, heliotrópio e tangerina e tem acorde gourmand e frutas tropicais no meio. O Moi troca isso por pêra e cassis na saída e tuberosa e jasmim no centro. Na base, os dois têm baunilha; o Yara fecha com almíscar e sândalo, o Moi com cashmeran e patchouli. O Yara Moi tem amêndoa? Tem, no coração, ao lado de tuberosa e jasmim, na lista da Lattafa. Ela não aparece na pirâmide do Fragrantica, que é diferente da oficial. O Yara Moi é original? É Lattafa, a edição Moi da linha Yara. Os pontos para checar a sua unidade estão em Perfume árabe original . Veja também Perfume árabe original — toda a seleção Lattafa, Armaf e outras casas, por família e ocasião. Perfume árabe feminino — outras opções para elas. Lattafa na loja — todos os lançamentos da casa. Yara Lattafa — a linha original desta edição Moi. Yara Tous Lattafa e Yara Elixir Lattafa — outras flankers da mesma família.",in stock,new,252.00 BRL,,https://www.perfumearabe.com/produtos/lattafa-yara-moi/,https://dcdn-us.mitiendanube.com/stores/008/297/978/products/01-lattafa-yara-moi-6ca0df77dbe23f543017913389590560-1024-1024.webp,Lattafa,370305563
1606847998,Yara Tous Lattafa Eau de Parfum Feminino 100ml,"Resumo ★ 3,80 no Fragrantica · 4,2 mil votos Mais votado para o dia e os dias quentes. 82% dia · verão e primavera Como é o cheiro O Yara Tous é o Yara de praia: manga, coco e maracujá na saída, uma salada de fruta cremosa. O coco arredonda o azedinho do maracujá, e a manga madura puxa para o doce. No meio vêm jasmim, flor de laranjeira e heliotrópio. A flor de laranjeira traz um amargor leve que segura o açúcar da fruta, e o heliotrópio é o fio que liga o Tous ao Yara original. A base é baunilha, almíscar e cashmeran. O cashmeran é uma molécula sintética de aroma especiado, almiscarado e amadeirado, que dá maciez ao fim. Especificações Característica Detalhe Casa Lattafa Concentração Eau de Parfum Volume 100 ml Gênero Feminino Ano de lançamento 2023 Topo Manga, coco, maracujá Coração Jasmim, flor de laranjeira, heliotrópio Fundo Baunilha, almíscar, Cashmeran Para quem e quando É para quem gosta do doce do Yara, mas quer fruta tropical no lugar da orquídea e da tangerina. A Lattafa o classifica como feminino. Sugestão nossa: manga e maracujá pedem dia de sol, praia e verão; quando esfria, o que fica mais evidente é a baunilha com cashmeran. Perguntas frequentes Qual a diferença entre o Yara Tous e o Yara? O Yara original abre em orquídea, heliotrópio e tangerina, tem acorde gourmand e frutas tropicais no meio e fecha em baunilha, almíscar e sândalo. O Tous abre em manga, coco e maracujá, leva o heliotrópio para o coração e troca o sândalo da base por cashmeran. O Yara Tous tem cheiro de coco? Tem, na saída, entre manga e maracujá, nas listas da Lattafa e do Fragrantica. É um coco cremoso de fruta, que depois cede lugar ao jasmim e à flor de laranjeira. O Yara Tous tem cashmeran? Na lista da loja da Lattafa nos EUA, sim: o fundo é baunilha, almíscar e cashmeran. O Fragrantica lista só baunilha e almíscar; aqui seguimos a pirâmide da casa. O Yara Tous é original? Sim, é o Yara Tous da Lattafa. Os pontos a checar na sua unidade estão em Perfume árabe original . Veja também Perfume árabe original — toda a seleção Lattafa, Armaf e outras casas, por família e ocasião. Perfume árabe feminino — outras opções para elas. Perfume árabe doce — outros perfis frutados e adocicados como o Yara Tous. Lattafa na loja — todos os lançamentos da casa. Yara Lattafa — a linha original desta edição Tous. Yara Moi Lattafa e Yara Elixir Lattafa — outras flankers da mesma família. Kit Lattafa Yara Tous — o Yara Tous de 100ml com miniatura de 12ml e shower gel no mesmo kit.",in stock,new,245.00 BRL,,https://www.perfumearabe.com/produtos/lattafa-yara-tous/,https://dcdn-us.mitiendanube.com/stores/008/297/978/products/01-lattafa-yara-tous-26be5d7c4b8aca532817913389642460-1024-1024.webp,Lattafa,370305566
1606848037,Sceptre Malachite Maison Alhambra Unissex 100ml,"Resumo ★ 4,42 no Fragrantica · 2,1 mil votos Mais votado para o dia e os dias quentes. 69% dia · verão e primavera Como é o cheiro O Sceptre Malachite abre verde e escuro ao mesmo tempo. Tangerina verde e bergamota dão um cítrico seco, e o cássis põe por cima uma fruta de tom mais fechado; é esse par verde contra fruta escura que marca a saída. No meio, a lavanda traz o lado herbáceo e limpo, o jasmim suaviza e a pimenta-rosa aquece sem tomar conta. O Fragrantica lista ainda notas aromáticas e especiadas, sem dizer quais. A base é âmbar, almíscar, notas amadeiradas e vetiver. O vetiver, óleo da raiz de uma gramínea, tem cheiro de terra, madeira e um toque cítrico; o almíscar, hoje quase sempre sintético, dá o fecho limpo e macio. Especificações Característica Detalhe Casa Maison Alhambra Concentração não declarada pela casa Volume 100 ml Gênero Feminino e masculino Ano de lançamento 2022 Família olfativa Oriental Amadeirado Topo Tangerina verde, bergamota, cassis Coração Notas aromáticas e especiadas, jasmim, lavanda, pimenta-rosa Fundo Âmbar, almíscar, notas amadeiradas, vetiver Para quem e quando É para quem quer um amadeirado com saída cítrica e lavanda no meio, sem cair no doce. O Fragrantica o lista para mulheres e homens, com nota geral 4,42/5 em 2.138 votos (30/09/2026). Sugestão nossa: no calor úmido, é a tangerina verde com bergamota que segura o dia; à noite ou no frio, o vetiver e o âmbar ficam mais evidentes. Perguntas frequentes O Sceptre Malachite é amadeirado? Sim. O Fragrantica o classifica como oriental amadeirado, com notas amadeiradas e vetiver no fundo, além de cítricos, flores e especiarias nas outras etapas da pirâmide. O Sceptre Malachite tem lavanda? Tem, no coração, ao lado de jasmim e pimenta-rosa. Ela não aparece na saída, que é de tangerina verde, bergamota e cássis. O que são as notas aromáticas e especiadas do Sceptre Malachite? É assim que o Fragrantica as lista, de forma genérica, no coração do perfume, sem nomear as matérias. As que ele nomeia ali são jasmim, lavanda e pimenta-rosa. O Sceptre Malachite é original? É Maison Alhambra original; a lista do que olhar no frasco e na caixa do Sceptre está em Perfume árabe original . Veja também Perfume árabe original — toda a seleção Lattafa, Armaf e outras casas, por família e ocasião. Perfume árabe unissex — outras opções compartilháveis como o Sceptre Malachite. Perfume árabe amadeirado — outros perfis amadeirados da loja. Salvo Maison Alhambra — outro lançamento da mesma casa, em perfil oriental fougère. Perfumes Maison Alhambra — todos os perfumes da casa lado a lado, com notas e perfil.",in stock,new,265.00 BRL,,https://www.perfumearabe.com/produtos/maison-alhambra-sceptre-malachite/,https://dcdn-us.mitiendanube.com/stores/008/297/978/products/01-maison-alhambra-sceptre-malachite-ca1a55314aa8e86b9917906518836956-1024-1024.png,Maison Alhambra,370305568
1606848071,Hawas for Him Rasasi Masculino,"Resumo ★ 4,29 no Fragrantica · 11,5 mil votos Mais votado para o dia e os dias quentes. 68% dia · verão e primavera Especificações Campo Detalhe Marca Rasasi Gênero Masculino Família olfativa Aromático Aquático Ano de lançamento 2015 Notas de topo Maçã, bergamota, limão, canela Notas de coração Notas aquáticas, ameixa, flor de laranjeira, cardamomo Notas de fundo Âmbar-cinza, almíscar, patchouli, madeira à deriva Como é o cheiro do Hawas for Him Rasasi Na abertura, maçã e bergamota trazem um lado frutado e cítrico, enquanto o limão reforça a sensação fresca. A canela aparece junto dessas notas e acrescenta um toque especiado. No coração, as notas aquáticas dão espaço à ameixa, à flor de laranjeira e ao cardamomo. O resultado combina uma impressão fresca com um centro frutado, floral e levemente especiado. No fundo, âmbar-cinza e almíscar formam uma base macia, acompanhada por patchouli e madeira à deriva. Âmbar-cinza (ambroxide), na perfumaria moderna, é uma molécula sintética de cheiro amadeirado, almiscarado e levemente salgado, com grande persistência na pele. É uma composição para quem gosta de perfumes frescos com camadas frutadas e um fechamento amadeirado. Para quem e quando Hawas for Him combina com quem procura um perfume masculino de perfil fresco, mas não apenas cítrico: a ameixa e a canela dão mais corpo, enquanto as notas aquáticas mantêm a composição leve. Pode acompanhar o dia a dia, passeios e encontros, especialmente quando você quer um aroma fresco com presença de especiarias e madeiras. Sugestão nossa: no calor úmido, a maçã e o limão da saída somem antes; para manter o Hawas perto do frescor aquático que dá nome ao perfil, prefira a manhã ou o fim de tarde. Lembra algum perfume famoso? O Hawas for Him é frequentemente comparado ao Paco Rabanne Invictus pelo seu perfil aromático aquático fresco; quem gosta do estilo do Invictus costuma olhar para ele. Vai bem com Quem gosta do frescor cítrico e do fundo amadeirado do Hawas for Him pode olhar também o Hawas Kobra , da mesma casa — um perfil mais especiado, com gengibre e canela no lugar das notas aquáticas — e o L'Aventure , da Al Haramain, outro chipre frutado com abertura cítrica. Perguntas frequentes O que fica na pele do Hawas for Him depois que a maçã e o limão passam? A saída de maçã, bergamota e limão é a parte mais passageira. O que tende a ficar é a base de âmbar-cinza, almíscar, patchouli e madeira à deriva, mais macia e amadeirada. A duração muda com a pele e o clima. O Hawas for Him serve para o calor, mesmo com canela na saída? Sugestão nossa: sim, de dia. A canela abre junto de maçã, bergamota e limão, e o coração traz notas aquáticas com ameixa e flor de laranjeira. À noite ou no frio, o âmbar-cinza e o almíscar da base aparecem mais que a fruta. A Rasasi vende o Hawas for Him em qual tamanho e concentração? A Rasasi lista o Hawas for Him em frasco de 100 ml, como Eau de Parfum da coleção masculina. Rasasi Hawas e Al Haramain L'Aventure são bons? Depende do gosto, porque os perfis são diferentes: o Hawas for Him é aromático aquático, fresco, com canela e ameixa; o L'Aventure, da Al Haramain, é um chipre frutado de abertura cítrica. Se você prefere o frescor aquático, comece pelo Hawas for Him; se prefere o frutado cítrico do chipre, pelo L'Aventure. Hawas for Him é parecido com qual perfume famoso? É frequentemente comparado ao Paco Rabanne Invictus por seu perfil aromático aquático fresco. ""Hawas Black"" é o mesmo perfume que o Hawas for Him? Não. ""Hawas Black"" é uma variante distinta da linha Rasasi Hawas, com busca e produto próprios — esta página trata do Hawas for Him original, lançado em 2015. Veja também Perfume árabe original — toda a seleção Lattafa, Armaf e outras casas, por família e ocasião. Perfume árabe masculino — outras opções para eles. Perfumes Rasasi — a linha Hawas lado a lado, com notas e perfil. Hawas Black Rasasi — outro da linha Hawas, aromático frutal com bergamota e abacaxi.",in stock,new,245.00 BRL,,https://www.perfumearabe.com/produtos/rasasi-hawas-for-him/,https://dcdn-us.mitiendanube.com/stores/008/297/978/products/01-rasasi-hawas-for-him-eccdbbbad14241a79717913391134158-1024-1024.webp,Rasasi,370305569
1606855076,L'Aventure Al Haramain Eau de Parfum Unissex 100ml,"Resumo ★ 4,16 no Fragrantica · 2,8 mil votos Mais votado para o dia e os dias quentes. 62% dia · primavera e verão Especificações Campo Detalhe Marca Al Haramain Concentração Eau de Parfum Gênero Unissex Família olfativa Chipre Frutado Ano de lançamento 2016 Tamanho 100ml Notas de topo Elemi, limão, bergamota Notas de coração Jasmim, lírio-do-vale, notas amadeiradas Notas de fundo Patchouli, âmbar-almiscarado Como é o cheiro O L'Aventure abre com um cítrico verde e resinoso, mais seco do que doce: elemi, limão e bergamota. O meio é floral limpo, de jasmim e lírio-do-vale, com notas amadeiradas dando peso por trás. A base é de patchouli terroso e âmbar-almiscarado, que fecham o perfume em tom quente e levemente adocicado. Para quem e quando É para quem gosta de cítrico com madeira e patchouli, e não de oriental denso. O Fragrantica o classifica como chipre frutado, com nota média 4,16 em 2.824 votos. Sugestão nossa: o limão e a bergamota servem bem ao dia quente; à noite ou no ar-condicionado, o patchouli fica mais à vista. Vai bem com Quem gosta do lado fresco e amadeirado do L'Aventure pode conhecer também o Hawas for Him , da Rasasi, outro perfume de abertura cítrica e fundo amadeirado-almiscarado — bom para comparar dois perfis frescos: um chipre frutado e um aromático aquático. Perguntas frequentes O L'Aventure é original? Sim, Al Haramain. Para checar a embalagem do seu L'Aventure, veja Perfume árabe original . O L'Aventure é cítrico ou chipre? As duas coisas: a saída é cítrica, com limão e bergamota ao lado do elemi, e o Fragrantica o classifica como chipre frutado, família que se apoia no patchouli da base. O L'Aventure é o mesmo que o L'Aventure Intense? Não. A linha L'Aventure tem outros perfumes, como Intense, Knight, Femme e Blanche; esta página é do L'Aventure Eau de Parfum de 100 ml, o de 2016, com elemi, limão e bergamota na saída. Em que ano saiu o L'Aventure? O Fragrantica registra o lançamento em 2016, e a Al Haramain vende hoje o frasco de 100 ml em Eau de Parfum. O L'Aventure é unissex? A Al Haramain o classifica como unissex na sua loja oficial; o Fragrantica o lista como masculino. Veja também Perfume árabe unissex — outras opções que servem para eles e elas. Perfume árabe original — como confirmar autenticidade em qualquer perfume importado. Al Haramain: a marca por trás do L'Aventure — a casa e o perfume.",in stock,new,309.00 BRL,,https://www.perfumearabe.com/produtos/al-haramain-l-aventure/,https://dcdn-us.mitiendanube.com/stores/008/297/978/products/01-al-haramain-l-aventure-3ff9273b47dd4ad5d017905881558740-1024-1024.png,Al Haramain,370307952
1606855093,Liquid Brun French Avenue Eau de Parfum 100ml Masculino,"Resumo ★ 4,43 no Fragrantica · 14,9 mil votos Os votos se concentram na noite e no clima frio. 68% noite · inverno e outono Especificações Campo Detalhe Marca French Avenue Concentração Eau de Parfum Gênero Masculino Família olfativa Amadeirado Ano de lançamento 2024 Tamanho 100ml Notas de topo Canela, flor de laranjeira, cardamomo, bergamota Notas de coração Baunilha bourbon, elemi Notas de fundo Almíscar, praliné, madeira de guaiaco, ambroxan Como é o cheiro do Liquid Brun French Avenue O perfume Liquid Brun French Avenue é um masculino de abertura quente e especiada. <!-- f: nome_oficial, casa, genero_oficial --> Nos primeiros minutos, canela, cardamomo e flor de laranjeira chegam quentes, com a bergamota cortando o doce com um frescor cítrico. Depois de meia hora, a baunilha bourbon, mais encorpada e menos açucarada que a comum, divide espaço com o elemi, resina de fundo verde. No fim do dia, almíscar, praliné (creme de nozes caramelizadas), madeira de guaiaco e ambroxan deixam um rastro mais amadeirado e âmbar do que doce. O Liquid Brun é bom? Pela nota dos usuários, é: 4,43 de 5, em quase 15 mil votos. Quem quer um doce especiado para a noite encontra aqui canela, baunilha e praliné; quem prefere perfume cítrico e leve pode achá-lo quente demais. Dia ou noite? Calor ou frio? Pede noitada e temperatura baixa. Quem votou o usa mais à noite (9,1 mil votos, contra 4,2 mil de dia), concentra o uso entre inverno e outono e quase não o veste no verão. No nosso clima, a canela, a baunilha e o praliné combinam com jantar, evento, sala com ar-condicionado ou dia ameno. Na umidade do verão, vá de leve: poucas borrifadas, ou espere o sol baixar. Fixa quanto? Projeta? Deixa um rastro assertivo, mais de perfume que se percebe do que de baunilha de pele. Quanto dura muda com a pele e o clima, e não há um número de horas confiável para prometer. Lembra algum perfume famoso? O nome do Parfums de Marly Althaïr aparece quando se fala do Liquid Brun, mas é conversa de comentário, não equivalência: a própria Gulf News recomenda julgá-lo pelos próprios méritos. O Liquid Brun é original? O código de barras ajuda: o cadastro da casa traz 6290360375694 para a variante de 100 ml. Este é o Eau de Parfum de 100 ml, não a Limited Edition. Veja também se a sigla e os ml da caixa batem com o frasco; os outros sinais estão no guia Perfume árabe original . Vai bem com Quem gosta do lado quente e especiado do Liquid Brun pode conhecer o Asad , outro perfume de fundo quente, e o Club de Nuit Intense Man , da Armaf, de abertura mais fresca. Perguntas frequentes O Liquid Brun é amadeirado ou âmbar? Depende de quem classifica: a French Avenue o põe na família âmbar, com perfil âmbar-baunilha, e o Fragrantica, na amadeirada. As duas leituras cabem nas notas, entre a baunilha e o praliné de um lado e a madeira de guaiaco e o ambroxan do outro. O Liquid Brun é doce ou defumado? Os dois. Canela, baunilha bourbon e praliné trazem o doce, e a madeira de guaiaco e o ambroxan puxam o fundo para a madeira e o âmbar, então o final é menos açucarado do que a abertura sugere. Liquid Brun e Liquid Brun Limited Edition são o mesmo perfume? Não. Este é o Liquid Brun original, Eau de Parfum masculino de 2024. A Limited Edition é outro perfume, Extrait de Parfum unissex de 2025, com notas próprias. O Liquid Brun é parecido com o Parfums de Marly Althaïr? Nos comentários, o nome do Althaïr aparece com frequência ao lado do Liquid Brun, mas isso é referência de conversa, sem equivalência. O que o Liquid Brun tem de seu está nas notas: canela, baunilha bourbon e praliné na frente, madeira de guaiaco e ambroxan no fundo. Veja também Perfume árabe amadeirado — amadeirados e especiados de fundo quente. Perfume árabe masculino — mais masculinos, por família e ocasião. Perfumes French Avenue — a casa do Liquid Brun, com notas e perfil de cada um. Liquid Brun Limited Edition — a edição em Extrait, com notas próprias. Rayhaan Obsidian — outro masculino amadeirado, de couro e oud.",in stock,new,389.00 BRL,,https://www.perfumearabe.com/produtos/french-avenue-liquid-brun/,https://dcdn-us.mitiendanube.com/stores/008/297/978/products/01-french-avenue-liquid-brun-a108de025caaf9fbc917905729177931-1024-1024.png,French Avenue,370307956
1606855102,Afeef Lattafa Eau de Parfum 100ml,"Resumo ★ 3,94 no Fragrantica · 769 votos Votos divididos entre dia e noite. 58% dia · primavera e outono Como é o cheiro O Afeef joga fruta macia contra flor branca. Pêssego e pimenta-rosa chegam juntos, com a bergamota por cima: o pêssego dá o doce-ácido e a pimenta-rosa impede que ele vire calda. O miolo é de tuberosa, flor de laranjeira e jasmim, um trio branco mais sério que a abertura. A tuberosa tem cheiro denso e cremoso, que sozinha pode cansar; aqui o jasmim e a flor de laranjeira dividem o espaço com ela. Por baixo ficam praliné, âmbar, sândalo e patchouli. O praliné é a nota de amêndoa ou avelã caramelizada, e é ele que puxa o final para o lado de sobremesa; o sândalo e o patchouli dão chão amadeirado a esse açúcar. Especificações Característica Detalhe Casa Lattafa Concentração Eau de Parfum Volume 100 ml Gênero Unissex no site global da Lattafa (lattafa.com); masculino na loja oficial dos EUA (lattafa-usa.com); feminino e masculino no Fragrantica Ano de lançamento 2024 Família olfativa Floral Oriental (frutal-floral) Topo Pêssego, pimenta-rosa, bergamota Coração Tuberosa, flor de laranjeira, jasmim Fundo Praliné, âmbar, sândalo, patchouli Para quem e quando É para quem gosta de floral branco, mas quer fruta e doce de confeitaria em volta dele, em vez de um floral seco ou sabonete. Sugestão nossa: no verão do Brasil, o pêssego e a bergamota são o que mais aparece; em noite amena ou ar-condicionado, o praliné e o sândalo ganham a vez. Perguntas frequentes O Afeef é original? É Lattafa original. O que olhar na embalagem quando o seu chegar está em Perfume árabe original . O Afeef tem tuberosa? Tem, no coração, ao lado de flor de laranjeira e jasmim, nas listas da Lattafa, do Fragrantica e do Parfumo. Ela não fica sozinha: pêssego e pimenta-rosa vêm antes, e praliné e sândalo depois. O Afeef é muito doce? O doce está nas pontas: pêssego na saída e praliné, a nota de amêndoa caramelizada, no fundo. No meio há tuberosa, flor de laranjeira e jasmim, e o Fragrantica o classifica como floral oriental, não como gourmand. Qual a diferença entre o Afeef e o Khamrah Qahwa? Os dois têm praliné, e a semelhança para aí. O Khamrah Qahwa abre em canela, cardamomo e gengibre e fecha em café, baunilha e fava tonka; o Afeef abre em pêssego e bergamota e tem tuberosa e jasmim no meio. O Afeef Lattafa é unissex? A própria Lattafa diverge: o site global (lattafa.com) diz unissex e a loja da Lattafa nos EUA (lattafa-usa.com) diz masculino. No Fragrantica, aparece como perfume para os dois públicos. Veja também Perfume árabe doce — outros gourmands e florais adocicados como o Afeef. Perfume árabe unissex — mais opções de perfume árabe unissex. Lattafa — mais da casa, como o Yara e o Khamrah Qahwa , que também leva praliné, mas com canela e café.",in stock,new,439.00 BRL,,https://www.perfumearabe.com/produtos/lattafa-afeef/,https://dcdn-us.mitiendanube.com/stores/008/297/978/products/01-lattafa-afeef-437c8271771e3eceb717913387533240-1024-1024.webp,Lattafa,370307959
1606855108,His Confession Lattafa Eau de Parfum Masculino 100ml,"Resumo ★ 4,30 no Fragrantica · 2,9 mil votos Mais votado para a noite e os dias frios. 69% noite · inverno e outono Como é o cheiro O His Confession começa com canela e termina com incenso. A tangerina abre ao lado da canela, e a lavanda acalma esse picante, num topo cítrico e especiado que não chega a ser ácido. A íris é a nota que dá a cara dele: fica no coração com benjoim, cipreste e mahonial, e traz um tom empoado e amadeirado, com um fio resinoso vindo do benjoim. O fundo é o mais cheio da pirâmide, com seis notas: baunilha e tonka doces, cedro e patchouli terrosos, incenso com um leve fumo e âmbar. O âmbar, na perfumaria, é um acorde de resinas doces e quentes, e não uma matéria-prima só. Especificações Característica Detalhe Casa Lattafa Concentração Eau de Parfum Volume 100 ml Gênero Masculino Ano de lançamento 2024 Família olfativa Amadeirado Oriental / Aromático Especiado Topo Tangerina, canela, lavanda Coração Íris, benjoim, cipreste, mahonial Fundo Baunilha, tonka, âmbar, incenso, cedro, patchouli Para quem e quando É a escolha de quem prefere um amadeirado especiado e doce a um cítrico leve de uso diário, para jantar ou sair à noite. Sugestão nossa: o fundo de âmbar, incenso e patchouli combina mais com o inverno brasileiro e com ambiente de ar-condicionado do que com o calor de janeiro. Perguntas frequentes O His Confession é doce? É, mas só no fim. A saída é de tangerina, canela e lavanda, e o coração de íris e cipreste; o doce vem da baunilha, da tonka e do âmbar do fundo, que dividem espaço com incenso, cedro e patchouli. O His Confession tem cheiro de íris? Tem: a íris está no coração, com benjoim, cipreste e mahonial, e dá o lado empoado que separa o His Confession dos amadeirados só doces. Qual a diferença entre o His Confession e o Fakhar Black? Os dois são da Lattafa e dividem lavanda, fava tonka e cedro. O Fakhar Black abre em maçã, bergamota e gengibre; o His Confession abre em tangerina e canela e tem íris e incenso, que o Fakhar Black não tem. O His Confession é original? É Lattafa. O que conferir na sua unidade está em Perfume árabe original . Veja também Perfume árabe masculino — outras opções masculinas por estilo e ocasião. Perfume árabe amadeirado — outros amadeirados como o His Confession. Lattafa — o Fakhar Black , da mesma casa, também tem lavanda, fava tonka e cedro, mas abre com maçã e gengibre em vez de tangerina e canela. Khamrah Dukhan Lattafa — outro amadeirado especiado da Lattafa.",in stock,new,345.00 BRL,,https://www.perfumearabe.com/produtos/lattafa-his-confession/,https://dcdn-us.mitiendanube.com/stores/008/297/978/products/01-lattafa-his-confession-81e8ef82d26672dbab17905773627655-1024-1024.png,Lattafa,370307962
1606855114,The Kingdom For Women Lattafa Eau de Parfum Feminino 100ml,"Resumo ★ 4,04 no Fragrantica · 1,1 mil votos Mais votado para usar durante o dia. 62% dia · primavera e outono Como é o cheiro O The Kingdom For Women começa como fruta e termina como doce de confeitaria. Pera, peônia e cássis fazem uma saída de fruta madura com flor por trás, e o praliné (a nota que lembra amêndoa ou avelã caramelizada) muda o rumo logo em seguida. No coração, o praliné divide espaço com jasmim e fava tonka: o jasmim mantém o lado floral, e a tonka já puxa o adocicado. Baunilha, almíscar, sândalo e âmbar fecham numa base quente e macia, a parte mais ambarada do perfume. Especificações Característica Detalhe Casa Lattafa Concentração Eau de Parfum Volume 100 ml Gênero Feminino Ano de lançamento 2024 Família olfativa Floral Frutal Gourmand Topo Pera, peônia, cássis Coração Praliné, jasmim, fava tonka Fundo Baunilha, almíscar, sândalo, âmbar Para quem e quando Combina com quem gosta de floral frutal gourmand no dia a dia ou no fim de tarde, mais do que em ocasião muito formal. Sugestão nossa: no calor úmido do Brasil, a pera e a peônia da saída são a parte que conversa com o dia; o praliné e a baunilha ficam mais à vontade numa noite fresca. Perguntas frequentes Qual a diferença entre o The Kingdom For Women e o For Men? São perfumes diferentes com o mesmo nome. Este, de 2024, é frutal e gourmand, com pera, praliné e baunilha. O For Men, segundo o lattafa.com, abre com sálvia, lavanda e menta, tem tabaco, baunilha e flor de laranjeira no coração e benjoim, fava tonka e labdanum no fundo. O The Kingdom For Women tem cheiro de pera? Na saída, sim: a pera abre junto com peônia e cássis. Logo depois o praliné toma a frente, e a fruta vira pano de fundo. Qual a diferença entre baunilha e gourmand num perfume árabe? Baunilha é uma nota específica (o fruto/vagem da orquídea Vanilla); gourmand é uma categoria mais ampla, que reúne notas ""comestíveis"" como baunilha, praliné e fava tonka. O The Kingdom For Women usa as duas: baunilha no fundo e praliné e tonka no coração. The Kingdom Lattafa é masculino ou feminino? Este é feminino: a Lattafa o lança como For Women. O nome também existe numa versão For Men, que é outro perfume. O The Kingdom For Women é original? É Lattafa; os pontos que valem conferir no frasco estão em Perfume árabe original . Veja também Perfume árabe feminino — outras opções femininas por estilo e ocasião. Perfume árabe doce — outros gourmands como o The Kingdom For Women. Sabah Al Ward — da Al Wataniah, também frutado gourmand, com jasmim, baunilha e fava tonka. The Kingdom Lattafa masculino — o par masculino, aromático com lavanda e tabaco. Lattafa — mais da casa, como o Yara .",in stock,new,254.00 BRL,,https://www.perfumearabe.com/produtos/lattafa-the-kingdom/,https://dcdn-us.mitiendanube.com/stores/008/297/978/products/01-lattafa-the-kingdom-82bce1b72320bbdb5617913389382780-1024-1024.webp,Lattafa,370307966
1606855120,Hawas Black Rasasi Eau de Parfum Masculino 100ml,"Resumo ★ 4,22 no Fragrantica · 3,9 mil votos Votos divididos entre dia e noite. 51% dia · primavera e outono O nome é Black, mas o Hawas Black abre claro, com abacaxi e grapefruit, e só depois escurece no patchouli. É o Eau de Parfum masculino de 100 ml da linha Hawas, da Rasasi. No Fragrantica ele tem média 4,22 em 3,9 mil votos (leitura de 30/09/2026), com opiniões divididas entre uso de dia e de noite. Como é o cheiro do Hawas Black Rasasi Na abertura, o abacaxi põe um doce suculento em cima do amargor do grapefruit, e a bergamota dá o brilho. O escuro chega com o patchouli, folha de cheiro terroso e denso, que divide o coração com o cedro, mais seco, e com um jasmim discreto que alivia a madeira. Musgo de carvalho, notas amadeiradas e âmbar fecham numa base seca, terrosa e um pouco adocicada. Esse âmbar é um acorde de resinas, não uma matéria-prima isolada, e é ele que traz o lado quente do fim. Especificações Característica Detalhe Casa Rasasi Concentração Eau de Parfum Volume 100 ml Gênero Masculino Ano de lançamento 2024 Família olfativa Aromático Frutal Topo Bergamota, abacaxi, grapefruit Coração Patchouli, cedro, jasmim Fundo Musgo de carvalho, notas amadeiradas, âmbar Para quem e quando É para quem já conhece a linha Hawas e quer um parente mais frutado e terroso, ou para quem procura um masculino que comece com fruta e termine em madeira. Sugestão nossa: o abacaxi e o grapefruit são a parte que combina com o dia quente no Brasil; o patchouli e o musgo de carvalho ficam mais à vontade numa noite fresca ou no ar-condicionado. Perguntas frequentes O Hawas Black é mais fresco ou mais escuro que o Hawas For Him? Mais escuro no fundo. O Hawas For Him, de 2015, é aromático aquático, com notas aquáticas, ameixa e cardamomo. O Hawas Black, de 2024, troca o lado aquático por patchouli, cedro e musgo de carvalho e começa com abacaxi e grapefruit. O Hawas Black tem abacaxi? Tem, no topo, com grapefruit e bergamota. É a fruta que o torna aromático frutal, e ela dá lugar ao patchouli e ao cedro do coração. O Hawas Black tem patchouli? Tem, e é a nota que mais escurece o perfume: o patchouli está no coração com cedro e jasmim, e prepara a base de musgo de carvalho e âmbar. Veja também Perfume árabe masculino — outras opções masculinas por estilo e ocasião. Perfume árabe amadeirado — outros amadeirados como o Hawas Black. Hawas Kobra Rasasi — outro perfume da linha Hawas. Hawas for Him Rasasi — o Eau de Parfum original da linha Hawas. Perfumes Rasasi — a linha Hawas lado a lado, com notas e perfil.",in stock,new,329.00 BRL,,https://www.perfumearabe.com/produtos/rasasi-hawas-black/,https://dcdn-us.mitiendanube.com/stores/008/297/978/products/01-rasasi-hawas-black-e7924b466b6ce0ffd817913390919691-1024-1024.webp,Rasasi,370307970
1606870506,Supremacy Collector's Edition Pour Homme Afnan Eau de Parfum Masculino 100ml,"Resumo ★ 4,49 no Fragrantica · 10,4 mil votos Votos divididos entre dia e noite. 52% dia · primavera e verão O Supremacy Collector's Edition tem a fruta por cima e o chão seco por baixo: abacaxi e maçã na saída, sobre um fundo de musgo de carvalho. É o Eau de Parfum de 100 ml da linha Supremacy, da Afnan, lançado em 2024. Quem avaliou no Fragrantica deu 4,49, com 10,4 mil votos lidos em 30/09/2026; a votação não pende nem para o dia nem para a noite. Como é o cheiro do Supremacy Collector's Edition Depois da saída de abacaxi, maçã e bergamota, o floral toma o coração: as flores brancas e a flor de laranjeira aparecem ao lado da bétula e do âmbar. O fundo é o que muda o tom: musgo de carvalho (líquen usado nas bases chypre), almíscar (nota limpa e macia, hoje quase sempre sintética) e âmbar-cinza trocam a fruta por uma base seca de musgo e madeira. O Parfumo descreve o perfume como frutado e fresco e lista os acordes frutado, fresco, cítrico, amadeirado e doce. A Afnan diz que ele combina ""the classic allure of a timeless classic with a refreshing twist of white floral and amber notes"". Especificações Característica Detalhe Casa e linha Afnan, linha Supremacy Formato Eau de Parfum, 100 ml Público ""Pour Homme"", como a Afnan classifica Lançamento 2024, segundo o Parfumo Notas de saída Abacaxi, bergamota, maçã, flores brancas Notas de meio Flor de laranjeira, bétula, âmbar Notas de base Musgo de carvalho, almíscar, âmbar-cinza Dentro da linha Supremacy O nome Supremacy cobre muitos perfumes da Afnan , e a busca por ele mistura vários. Este é o Collector's Edition, em Eau de Parfum. O Supremacy Not Only Intense, por exemplo, é outro perfume: Extrait de Parfum de 100 ml, com bergamota, maçã e groselha-preta no topo, lavanda, patchouli e musgo de carvalho no coração, e açafrão, almíscar e âmbar-cinza no fundo. Para quem e quando usar A Afnan o indica para ocasiões especiais (""perfect for special occasions""). Sugestão nossa: pelo topo de fruta e bergamota, ele cai bem em dia quente; o fundo mais seco combina com uma noite mais fresca. Perguntas frequentes Supremacy Collector's Edition e Supremacy Collector's Edition Pour Homme são o mesmo perfume? Sim. No afnan.com o título é ""Supremacy Collector's Edition"", e ""Pour Homme"" aparece na opção de variação da página (Eau de Perfum, 100 ML, Pour Homme). No Parfumo o nome é só ""Supremacy Collector's Edition"". É um perfume só, Eau de Parfum de 100 ml. O Supremacy Collector's Edition é parecido com o Supremacy Silver? Na lista de notas da Afnan, os dois têm sete notas em comum: maçã, bergamota, abacaxi, musgo de carvalho, bétula, almíscar e âmbar-cinza. Elas ficam em posições diferentes: no Collector's o abacaxi está no topo e a bétula no coração; no Silver o abacaxi está no coração e a bétula no fundo. O Silver traz ainda patchouli e jasmim, e o Collector's, flores brancas, flor de laranjeira e âmbar. A lista de notas não diz se os dois cheiram parecido. O Supremacy Collector's Edition é doce? O Parfumo o descreve como frutado e fresco, e coloca doce entre os acordes, junto com frutado, fresco, cítrico e amadeirado. Na pirâmide da Afnan não há baunilha nem nota de sobremesa. Existe Supremacy Collector's Edition de 150 ml? A página da Afnan lista só o frasco de 100 ml (Eau De Perfum, 100 ML, Pour Homme). Os frascos de 150 ml do catálogo da Afnan são de outros Supremacy: o Not Only Intense, o In Oud e o Silver. O Supremacy Collector's Edition é masculino? A Afnan o classifica como masculino: a opção de variação é ""Pour Homme"", a tag é ""Mens"" e o texto fala em ""masculine fragrance"", tanto no afnan.com quanto no us.afnan.com. O Parfumo também o lista para homens. Quanto tempo o Supremacy Collector's Edition dura na pele? Sobre horas, não há número que a gente cite. Os votos do Parfumo (30/09/2026) dão média 8,4 à fixação, com 1.213 avaliações, e 8,2 à projeção, com 1.211; a escala vai até 10 e cada pele responde de um jeito. Veja também Perfume árabe masculino — a categoria dos perfumes masculinos, por estilo e ocasião de uso. Perfume árabe amadeirado — a categoria de fundos de madeira, musgo e âmbar. Afnan 9PM — outro masculino da Afnan, mas de fundo baunilhado. Afnan Turathi Blue — outro masculino da casa, de abertura cítrica. Perfumes Afnan — todos os Afnan que a loja tem, na página da casa.",in stock,new,505.00 BRL,,https://www.perfumearabe.com/produtos/afnan-supremacy-collectors-edition/,https://dcdn-us.mitiendanube.com/stores/008/297/978/products/01-afnan-supremacy-collectors-edition-07a7eaa007c4e56ffe17913385693683-1024-1024.webp,Afnan,370313140
1606870513,Vulcan Feu French Avenue 100ml,"Resumo ★ 4,34 no Fragrantica · 7,3 mil votos Os votos se concentram no dia e no clima quente. 75% dia · verão e primavera Especificações Campo Detalhe Marca French Avenue Gênero Feminino e masculino Família olfativa Amadeirada (perfil oriental-amadeirado) Tamanho 100ml Notas de topo Manga, gengibre, limão, ruibarbo Notas de coração Pimenta-rosa, jasmim, praliné, violeta Notas de fundo Âmbar-cinza, fava tonka, cedro, musgo Como é o cheiro O perfume Vulcan Feu começa com manga e gengibre lado a lado: a manga puxa para o doce, o gengibre corta com um picante, e limão e ruibarbo deixam a saída ácida. No meio, praliné e jasmim se encontram, uma doçura de sobremesa com flor branca, e a pimenta-rosa e a violeta impedem que isso vire só açúcar. A base é âmbar-cinza (nota de cheiro amadeirado e levemente salgado, hoje feita em laboratório), fava tonka, cedro e musgo. A fava tonka reforça o doce, e o cedro com o musgo dão o lado amadeirado que a French Avenue chama de oriental-amadeirado. Para quem É para quem gosta de doce com fruta e madeira juntas, sem baunilha no centro. A French Avenue o apresenta como unissex. O Vulcan Feu é bom? Pela nota dos usuários, é: 4,34 de 5, em cerca de 7,3 mil votos. Dia ou noite? Calor ou frio? Pelos votos, é um perfume de sol: 4,6 mil pessoas o marcaram para o dia e 1,5 mil para a noite. Nas estações, o verão lidera com cerca de 5,3 mil, a primavera vem com 4,3 mil, o outono tem 1,2 mil e o inverno fica em 488. Sugestão nossa para o Brasil: manga e gengibre combinam com dia quente; à noite, o praliné com fava tonka fica mais à vista. Perguntas frequentes O site da French Avenue marca o Vulcan Feu como ""For Him"". Ele é masculino? A casa mostra a etiqueta ""For Him"", mas o título da página diz unissex. Seguimos a casa: unissex, para mulheres e homens. O quadro de destaque cita baunilha. Ela está na pirâmide do Vulcan Feu? Não. O quadro de destaque do site da French Avenue cita manga, gengibre e baunilha, mas a lista completa de notas não traz baunilha; o doce vem do praliné e da fava tonka. O Vulcan Feu é amadeirado ou floral? Depende da fonte: a French Avenue o classifica como amadeirado, de perfil oriental-amadeirado, e o Fragrantica, como floral. As duas listas de notas são iguais, com jasmim e violeta no meio e cedro e musgo na base. O Vulcan Feu tem cheiro de manga? Tem, na saída, junto do gengibre, do limão e do ruibarbo. É uma das notas que a própria casa destaca no produto. Como conferir o Vulcan Feu pelo código de barras? O cadastro da casa traz 6290360378053 para a variante de 100 ml. Os outros sinais para conferir frasco e caixa estão em Perfume árabe original . Veja também Perfume árabe original — toda a seleção Lattafa, Armaf e outras casas, por família e ocasião. Perfume árabe unissex — outras opções para usar sem distinção de gênero. Perfume árabe doce — outros perfumes com fundo adocicado e gourmand. Liquid Brun — outro perfume da casa French Avenue. Perfumes French Avenue — todos os perfumes da casa lado a lado, com notas e perfil.",in stock,new,372.00 BRL,,https://www.perfumearabe.com/produtos/french-avenue-vulcan-feu/,https://dcdn-us.mitiendanube.com/stores/008/297/978/products/01-french-avenue-vulcan-feu-7013f3ac6a8311a74b17905729050575-1024-1024.png,French Avenue,370313143
1606870523,Emeer Lattafa Eau de Parfum Unissex 100ml,"Resumo ★ 4,10 no Fragrantica · 1,3 mil votos Vai do dia à noite, com destaque nos dias quentes. 60% dia · primavera e verão Especificações Casa Lattafa Concentração Eau de Parfum Tamanho 100ml Gênero Unissex Ano de lançamento 2024 Família olfativa Aromática Amadeirada Notas de topo limão, bergamota, sálvia esclareia, bagas de zimbro Notas de coração chá branco, sândalo, cardamomo, olíbano Notas de fundo âmbar cinzento, cedro, cashmeran, patchouli Como é o cheiro O Emeer é um cítrico de erva que vira madeira. Limão e bergamota dão a acidez da saída, a sálvia esclareia, erva de cheiro seco e um pouco amargo, puxa para o verde, e o zimbro acrescenta um toque resinoso de gim. No coração, o chá branco limpa o cítrico, o sândalo entra cremoso, o cardamomo põe especiaria fresca e o olíbano, resina de incenso, dá profundidade. A base é de âmbar cinzento, cedro, cashmeran e patchouli, amadeirada e um pouco adocicada. O cashmeran lembra caxemira macia, com um fundo especiado e almiscarado. Para quem e quando É para quem gosta de aromático amadeirado que não começa pesado: o limão e a sálvia vêm antes do cedro e do patchouli. No Fragrantica, a nota média é 4,1 em 1.284 votos. Sugestão nossa: no calor do Brasil, é o lado de limão, zimbro e chá branco que mais aparece; em noite fresca, o cedro e o âmbar cinzento tomam a frente. Perguntas frequentes O Emeer Lattafa é original? Sim. O Emeer é entregue lacrado, e o número do lote vem na caixa. A página de originalidade mostra como conferir. O Emeer é masculino ou feminino? Está catalogado como unissex, ""for women and men"" no Fragrantica. O perfil é aromático e amadeirado, com limão, zimbro e cedro. O Emeer é fresco ou amadeirado? Os dois: a saída é cítrica e herbácea, com limão, bergamota e zimbro, e a base é amadeirada, com cedro, patchouli e âmbar cinzento. O Fragrantica o classifica como aromático amadeirado. O Emeer tem cheiro de chá? O chá branco está no coração, junto de sândalo, cardamomo e olíbano. Ele aparece como uma nota limpa e discreta, sem ser o centro do perfume. O que é o âmbar cinzento do Emeer? É o nome em português do ambergris, substância do cachalote usada como fixador; o cheiro dele é reproduzido por moléculas como o ambroxan, amadeirado, almiscarado e levemente salgado. No Emeer, ele fica na base, ao lado de cedro, cashmeran e patchouli, e não tem relação com o âmbar doce de resina. Veja também Perfume árabe unissex — perfumes sem recorte de gênero, por ocasião. Perfume árabe amadeirado — quem gostou do fundo de cedro e patchouli. Marca Lattafa — a casa do Emeer e o resto da vitrine. Khanjar Lattafa — unissex amadeirado, de couro e incenso. Afeef Lattafa — unissex floral oriental da mesma casa. Qaed Al Fursan Lattafa — unissex da casa, com abacaxi na abertura e oud no fundo. Al Noble Wazeer Lattafa — unissex da casa, com uísque e carvalho no coração. Al Noble Safeer Lattafa — unissex da casa, com grapefruit, gengibre e pimenta-preta na saída e caramelo no coração.",in stock,new,332.00 BRL,,https://www.perfumearabe.com/produtos/lattafa-emeer/,https://dcdn-us.mitiendanube.com/stores/008/297/978/products/01-lattafa-emeer-10d63a85fa6ef69b5d17913388553699-1024-1024.webp,Lattafa,370313146
1606870529,Khanjar Lattafa Eau de Parfum 85ml Unissex,"Resumo ★ 4,41 no Fragrantica · 315 votos Vai do dia à noite, com destaque nos dias frios. 58% noite · inverno e outono Especificações Casa Lattafa (linha Niche Emarati) Concentração Eau de Parfum Tamanho 85 ml Gênero Unissex Ano de lançamento 2023 Família olfativa Amadeirado, especiado e empoeirado, com traços de couro e incenso Notas de topo noz-moscada, gengibre, pimenta-da-jamaica (pimento) Notas de coração violeta, patchouli, cashmeran Notas de fundo couro, incenso, almíscar, vetiver Como é o cheiro O Khanjar abre picante e seco, sem nenhum açúcar. Noz-moscada, gengibre e pimenta-da-jamaica dão um calor de especiaria mais perto da cozinha árabe do que da confeitaria. No meio aparece o lado que dá ao Khanjar o rótulo de empoeirado: a violeta, um floral seco, com patchouli de cheiro de terra e cashmeran, que arredonda com maciez amadeirada. A base é de couro, incenso (resina de olíbano, de cheiro balsâmico e um pouco fumado), almíscar e vetiver, um rastro terroso com fumaça discreta. Para quem e quando É para quem gosta de amadeirado especiado com couro e incenso e não quer baunilha nem âmbar adocicado. No Fragrantica, a nota média é 4,41 em 315 votos. Sugestão nossa: o couro e o incenso pedem noite ou tempo frio; no verão úmido, se for usar de dia, vá com pouco, porque o perfil é seco e fumado. Perguntas frequentes O Khanjar Lattafa é original? Sim. O Khanjar é entregue com o lacre fechado, e o lote vem impresso na caixa. Para saber o que conferir, veja a página de originalidade . O Khanjar é masculino, feminino ou unissex? O site da Lattafa e o Fragrantica o listam como unissex. Couro, incenso e especiarias dão um perfil seco que qualquer pessoa pode usar. O Khanjar tem cheiro de couro e incenso? Tem, na base, com almíscar e vetiver. Antes disso vêm as especiarias da saída e a violeta empoeirada do meio. O Khanjar é doce? Não é o caminho dele. A pirâmide não traz baunilha nem âmbar doce; é seca e especiada, com violeta, patchouli, couro e incenso. O Khanjar tem versão de 100 ml? Não na Lattafa: a página oficial do Khanjar traz só o frasco de 85 ml, sem outro tamanho. É o mesmo volume das descrições dos fornecedores, que o chamam de Khanjar Niche. Veja também Perfume árabe unissex — perfumes para todos os públicos. Perfume árabe amadeirado — amadeirados de couro, incenso e cedro. Marca Lattafa — a casa do Khanjar e sua vitrine. Lattafa Asad Elixir — amadeirado especiado da Lattafa, em outra pegada. Lattafa Khamrah Dukhan — amadeirado resinoso e fumado, também da Lattafa. Qaed Al Fursan Lattafa — unissex da casa, com abacaxi e açafrão na abertura e oud no fundo. Rayhaan Obsidian — masculino amadeirado de outra casa, com couro no coração e oud no fundo.",in stock,new,439.00 BRL,,https://www.perfumearabe.com/produtos/lattafa-khanjar/,https://dcdn-us.mitiendanube.com/stores/008/297/978/products/01-lattafa-khanjar-357c798fa10ffb9ce417913388882351-1024-1024.webp,Lattafa,370313149
1606870538,Musamam White Intense Lattafa Eau de Parfum 100ml Unissex,"Resumo ★ 4,18 no Fragrantica · 2,6 mil votos Votos divididos entre dia e noite. 55% dia · primavera e outono Especificações Casa Lattafa Concentração Eau de Parfum Tamanho 100 ml Gênero Unissex Ano de lançamento 2023 Família olfativa Floral Oriental Notas de topo Bergamota, Laranja, Especiarias Notas de coração Coco, Ylang Ylang, Ambroxan, Mahonial Notas de fundo Sândalo, Benjoim Como é o cheiro O que define o Musamam White Intense é o coco: cremoso e doce, no coração, ao lado do ylang ylang, uma flor amarela de cheiro macio. Ambroxan e mahonial, dois acordes modernos de perfumaria, dão a esse creme um brilho limpo. Antes do coco, bergamota e laranja abrem suculentas, e as especiarias esquentam a saída. Sândalo e benjoim, uma resina de cheiro adocicado, fecham numa base amadeirada. Para quem e quando É para quem gosta de um perfume cremoso e tropical, que serve a homens e mulheres. O topo cítrico anima o dia, e o coração de coco e a base amadeirada seguram a noite. O review do ScentClones avisa que 4 borrifadas ou mais podem deixar o perfume pesado; sugestão nossa: em dia abafado, fique abaixo disso. No Fragrantica, a nota média é 4,18 em 2.575 votos. Lembra algum perfume famoso? Um review do blog ScentClones chama o Musamam White Intense de ""irmã tropical e cremosa"" do BDK Gris Charnel, perfume de uma casa de nicho. Quem descreve assim é o autor do review, não a Lattafa. Perguntas frequentes O Musamam White Intense é original? Sim: lacre fechado, e lote impresso na caixa e no frasco. Os pontos de conferência estão na página de originalidade . O Musamam White Intense é masculino, feminino ou unissex? A Lattafa e o Fragrantica o listam como unissex, ""for women and men"". Algumas lojas o anunciam como feminino, mas o perfil cremoso de coco e ylang ylang, com fundo amadeirado, cabe em qualquer pessoa. O Musamam White Intense é floral ou oriental? O Fragrantica o classifica como oriental floral: o floral é o ylang ylang do coração, e o oriental vem das especiarias da saída e do benjoim da base. O coco é o que puxa tudo para o cremoso. O Musamam White Intense tem cheiro de coco? Tem, no coração: o coco vem cremoso e doce, junto de ylang ylang, ambroxan e mahonial. Na abertura ainda aparecem bergamota, laranja e especiarias. O Musamam White Intense é parecido com o BDK Gris Charnel? O review do ScentClones o descreve como a ""irmã tropical e cremosa"" do Gris Charnel. É a opinião de um autor, então vale conferir na pele. Veja também Perfume árabe unissex — perfumes para homens e mulheres, por estilo. Perfume árabe doce — o lado cremoso e adocicado da perfumaria árabe. Lattafa na loja — a casa do Musamam e outros lançamentos. Yara Lattafa — outro cremoso da Lattafa, mais floral. Khanjar Lattafa — unissex da casa, no lado seco e especiado. Liquid Brun Limited Edition — unissex de outra casa, com baunilha e fava-tonka no fundo. Al Noble Wazeer Lattafa — outro unissex da Lattafa, com maçã e conhaque na abertura e baunilha no fundo.",in stock,new,335.00 BRL,,https://www.perfumearabe.com/produtos/lattafa-musamam-white-intense/,https://dcdn-us.mitiendanube.com/stores/008/297/978/products/01-lattafa-musamam-white-intense-039b1134eeed959a0f17913858904970-1024-1024.webp,Lattafa,370313153
1606870545,Salvo Maison Alhambra Eau de Parfum 100ml,"Resumo ★ 4,19 no Fragrantica · 1,1 mil votos Votos divididos entre dia e noite. 56% dia · primavera e verão Como é o cheiro do Salvo Maison Alhambra Nos primeiros minutos, a bergamota abre com um frescor cítrico e seco, direto, sem fruta nem flor para suavizar. Depois de uma hora, o coração traz lavanda, pimenta de Sichuan, anis-estrelado e noz-moscada. A lavanda dá o lado fougère, herbáceo e limpo; a pimenta de Sichuan esquenta aos poucos, e anis-estrelado e noz-moscada somam um tempero doce e picante. No fim do dia, ambroxan e baunilha deixam uma base ambarada, um pouco adocicada, com o fundo amadeirado e mineral do ambroxan, molécula sintética de cheiro amadeirado, almiscarado e levemente salgado. Especificações Característica Detalhe Casa Maison Alhambra Concentração Eau de Parfum Volume 100 ml Gênero a casa não declara Ano de lançamento 2022 Família olfativa Oriental Fougère Topo Bergamota Coração Lavanda, pimenta de Sichuan, anis-estrelado, noz-moscada Fundo Ambroxan, baunilha Nota Fragrantica 4,19 (1.073 avaliações) Para quem e quando É para quem gosta de oriental fougère: abertura cítrica seca, fundo ambarado, sem virar floral nem gourmand doce. Serve para o dia a dia, e lavanda e especiarias seguram a noite. Em dia quente e úmido, poucas borrifadas bastam; o topo cítrico passa mais rápido e o ambroxan aparece antes. No frio, o fundo de baunilha ganha espaço. Lembra algum perfume famoso? No Fragrantica, o Dior Sauvage aparece ao lado do Salvo nas recomendações automáticas do site para quem gosta deste perfume. É uma sugestão do próprio Fragrantica, não uma medida de semelhança nem um relato de usuário, e a Maison Alhambra não faz essa associação. Perguntas frequentes O Salvo Maison Alhambra é original? Sim. O Salvo sai lacrado e com lote impresso. Sem pressa, a página de originalidade indica o que olhar. O Salvo é parecido com o Dior Sauvage? No Fragrantica, o Dior Sauvage aparece ao lado do Salvo nas recomendações automáticas do site; é uma sugestão do Fragrantica, não uma medida de semelhança. O Salvo tem pirâmide própria: bergamota, lavanda, pimenta de Sichuan, anis-estrelado, noz-moscada, ambroxan e baunilha. O Salvo é fresco ou doce? Abre fresco, com bergamota, e o coração é aromático e picante, com lavanda e pimenta de Sichuan. A doçura aparece no fim, com a baunilha do fundo, sem virar gourmand. Que notas dão o tempero do Salvo? Pimenta de Sichuan, anis-estrelado e noz-moscada, no coração, ao lado da lavanda. É o que impede a abertura cítrica e seca de ficar só ""limpa"". Veja também Perfume árabe masculino — masculinos por estilo, de fresco a especiado. Perfume árabe amadeirado — perfumes que fecham em ambroxan e madeira. Sceptre Malachite Maison Alhambra — outro lançamento da Maison Alhambra. Perseus Maison Alhambra — masculino da casa, de família aromática. Perfumes Maison Alhambra — a casa do Salvo, com notas e perfil de cada perfume.",in stock,new,284.00 BRL,,https://www.perfumearabe.com/produtos/maison-alhambra-salvo/,https://dcdn-us.mitiendanube.com/stores/008/297/978/products/01-maison-alhambra-salvo-ed3b02b29f4dd235ab17913389955848-1024-1024.webp,Maison Alhambra,370313156
1606973072,9PM Afnan Eau de Parfum 100ml,"Resumo ★ 4,33 no Fragrantica · 18,5 mil votos Mais votado para a noite e os dias frios. 69% noite · inverno e outono Como é o cheiro do Afnan 9PM A pirâmide junta duas ideias que puxam para lados opostos: fruta com especiaria (maçã e canela) e sobremesa (baunilha e fava tonka). Quem faz a ponte são o lavandim e a bergamota, de um lado, e as duas flores brancas do coração, do outro. O lavandim é o ""Lavandin"" da lista da Afnan, uma lavanda híbrida. A bergamota traz o cítrico, e a canela dá calor à fruta. No fundo, a fava tonka (semente de aroma que lembra baunilha, amêndoa e cravo) reforça a baunilha, o patchouli entra como contraponto terroso e o âmbar, na perfumaria um acorde quente e resinoso, e não uma matéria-prima só, sustenta o conjunto. O texto corrido da página da Afnan cita ainda pera e hortelã, que não constam na lista de notas; seguimos a lista. Especificações Item Dado Casa Afnan Formato Eau de Parfum em frasco de 100 ml Gênero Masculino na tag e no texto do afnan.com; a opção de variação diz ""Unisex"" no site global e ""Pour Homme"" no site dos EUA Saída Maçã, canela, lavandim, bergamota Meio Flor de laranjeira, lírio-do-vale Base Patchouli, âmbar, baunilha, fava tonka Para quem e quando usar o 9PM Sugestão nossa: com canela, baunilha e fava tonka, o 9PM soa mais à vontade à noite e em dias frescos; no calor forte, poucas borrifadas para o doce não pesar. É para quem procura um perfume adocicado e especiado, com a fruta na frente. Perguntas frequentes O 9PM e o 9PM Black são o mesmo perfume? Sim. A página do produto no afnan.com se chama ""9 PM"", e o texto descritivo dela fala em ""9PM Black"": ""9PM Black is a powerful and refined men's fragrance"". Trata-se da mesma página e da mesma lista de notas. Qual a diferença entre o 9PM, o 9PM Rebel, o 9PM Elixir e o 9PM Night Out? São perfumes diferentes no site da Afnan. O 9PM Rebel é Eau de Parfum de 100 ml, com mandarina, abacaxi e maçã verde no topo e caramelo no fundo. O 9PM Elixir e o 9PM Night Out são Extrait de Parfum de 100 ml. O 9PM Pour Femme é um feminino à parte, com framboesa, maçã, violeta e laranja no topo. Esta página é do 9PM clássico, Eau de Parfum, com maçã e canela na abertura. O 9PM tem lavanda? Tem, na forma de lavandim. A lista de notas da Afnan traz ""Lavandin"" no topo, uma lavanda híbrida. O Parfumo registra a mesma nota como lavanda provençal (""provenzalischer Lavendel""). O 9PM é muito doce? É um perfume doce e frutado, segundo o Parfumo, que lista os acordes doce, frutado, sintético, cremoso e gourmand. A Afnan o descreve com outras palavras: uma mistura de notas ""fresh and spicy"", frescas e picantes, e a página traz as tags ""Fruity"" e ""Spicy"". Na lista de notas, a doçura vem da baunilha, da fava tonka e do âmbar. O 9PM é masculino ou unissex? A Afnan aparece com duas classificações. No afnan.com global, a tag é ""Mens"", o texto fala em ""men's fragrance"" e a opção de variação vem como ""Unisex"". No us.afnan.com, a mesma opção é ""Pour Homme"". O Parfumo o lista para homens. O 9PM fixa bem? Não trazemos número de fixação aqui. O Parfumo, na leitura de 30/09/2026, mostra o que os usuários votaram: 8,2 de 10 para a fixação (2.340 avaliações) e 8,0 para a projeção (2.331). Voto varia com a pele e com o clima do dia. Veja também Perfume árabe masculino — a categoria dos masculinos, separados por família olfativa. Perfume árabe baunilha — outros perfumes com baunilha no fundo, como o do 9PM. 9AM Dive Afnan — da mesma coleção 9AM e 9PM da Afnan, em perfil aromático aquático. Supremacy Collector's Edition Afnan — outro masculino da Afnan, frutal e fresco, com abacaxi na saída. Perfumes Afnan — a página da Afnan, com os perfumes dela que a loja tem. Perfume árabe original — como a loja trata a autenticidade dos frascos.",in stock,new,240.90 BRL,,https://www.perfumearabe.com/produtos/afnan-9pm/,https://dcdn-us.mitiendanube.com/stores/008/297/978/products/01-afnan-9pm-e96b37c750b452077e17905705653528-1024-1024.png,Afnan,370347962
1606973073,Club de Nuit Maleka Armaf EDP 105 ml Feminino,"Resumo ★ 4,22 no Fragrantica · 1,1 mil votos Mais votado para o dia e os dias quentes. 63% dia · primavera e verão Como é o cheiro deste perfume O Armaf Club de Nuit Maleka cheira a lichia fresca com um pó suave de íris por cima e um fundo doce de praliné. É um perfume feminino de 2025, da família floral frutal, para quem gosta de fruta e flor com um final macio, quase de sobremesa, mas sem pesar. Nos primeiros momentos vêm a lichia, que é uma fruta suculenta e levemente floral, a bergamota, que clareia, e a pimenta-rosa, que põe um fio de tempero na doçura. É uma saída luminosa, palavra que a própria Armaf usa para descrevê-lo. No coração, a íris assume. É a raiz de uma flor que perfumaria usa para dar um cheiro pudrado, parecido com pó de maquiagem, e é ela que dá ao Maleka um ar polido, mais elegante do que só frutado. O fundo reúne praliné (açúcar caramelizado com castanhas), sândalo e ambroxan, uma molécula sintética de cheiro limpo e amadeirado. O que se sente no conjunto são acordes: no Fragrantica, íris, pudrado, frutado, amadeirado e doce lideram a lista (leitura de 02/10/2026). Imaginando o conjunto de uma vez: começa em fruta, passa por um pó de flor e termina em doce de nozes. Por isso ele agrada mais a quem aceita um fundo adocicado do que a quem procura frescor de ponta a ponta. A lichia fala alto só no começo, e o resto do tempo na pele é de íris e praliné. Especificações Característica Detalhe Casa Armaf Linha Club de Nuit Gênero Feminino Ano de lançamento 2025 Família olfativa Floral Frutal Concentração Eau de Parfum (EDP), 105 ml Perfumista Olivier Cresp Topo Lichia, bergamota, pimenta-rosa Coração Íris Fundo Praliné, sândalo, ambroxan Gênero, família, perfumista e concentração vêm do site da Armaf; o frasco é de 105 ml. O ano confere com o Fragrantica e o Parfumo. Floral frutal é a família que junta flores e frutas: aqui, a fruta é a lichia, e a flor, a íris. Lembra algum perfume famoso? Club de Nuit Maleka é inspirado em qual perfume? Esta é a pergunta que mais move a busca pelo Maleka, e a resposta honesta começa por um dado: a Armaf não aponta nenhuma referência. A página da casa o descreve como um floral frutal luminoso, criado pelo perfumista Olivier Cresp, e para por aí. O que existe são as listas de quem usa, e elas dizem coisas parecidas, mas não iguais. Entre os perfumes parecidos que a comunidade do Parfumo vota estão La Vie est Belle L'Elixir, da Lancôme, Delina Exclusif, da Parfums de Marly, e Very Good Girl, da Carolina Herrera, entre outros. No Fragrantica, a lista dos perfumes de quem também gosta do Maleka tem o Good Girl, da Carolina Herrera, ao lado de árabes como o Yara, da Lattafa, e o Club de Nuit Woman, da própria Armaf (leituras de 02/10/2026). A Carolina Herrera aparece nas duas listas, com perfumes diferentes, e isso sugere um gosto em comum: fruta e flor com doçura de sobremesa. Mas lista de usuário é associação, não confirmação. O melhor teste continua sendo cheirar o Maleka e o perfume que você tem em mente, um depois do outro, e ver o que resta no papel ou na pele ao fim de uma hora. Maleka Club de Nuit: o feminino da linha Club de Nuit que temos na loja Quem conhece a linha pelo Intense Man pode estranhar: o Maleka é feminino. Entre os Club de Nuit desta loja, o Intense Man , o Iconic e o Urban Man Elixir e o Milestone são masculinos. O Maleka é o mais recente entre os Club de Nuit desta loja, de 2025, e no Fragrantica mais de mil pessoas já o avaliaram, com nota acima de 4 em 5. Se você gosta do nome Club de Nuit mas procura algo mais doce e floral do que cítrico e amadeirado, é por este que se começa. A linha toda, com as versões lado a lado, está em Club de Nuit . Para quem e quando É para quem quer um floral frutal de dia a dia, com cara de encontro. A Armaf o indica para encontros, ocasiões especiais e o ano todo. Nos votos do Fragrantica, primavera e verão lideram, o inverno fica atrás, e o dia leva vantagem sobre a noite (leitura de 30/09/2026). Uma sugestão nossa: o praliné é a parte mais doce, e no calor úmido do Brasil ele pode ficar mais presente do que a lichia, então vale começar com pouco. Em dia ameno ou numa noite de ar-condicionado, o fundo de sândalo e ambroxan se abre com mais conforto. Perguntas frequentes O Club de Nuit Maleka é masculino ou feminino? Feminino. O site da Armaf marca Gender: Women, e as páginas do Fragrantica e do Parfumo o põem entre os perfumes para elas. A confusão vem do nome Club de Nuit, que na linha costuma aparecer em perfumes masculinos, como o Intense Man. Quais são as notas do Club de Nuit Maleka? Lichia, bergamota e pimenta-rosa na saída, íris no coração e praliné, sândalo e ambroxan no fundo. Em uma frase: fruta suculenta, flor pudrada e doce macio. São as notas oficiais da Armaf, conferidas no Fragrantica. O Club de Nuit Maleka é bom? Muita gente gosta: a nota no Fragrantica é 4,22 de 5, e a nota geral no Parfu",in stock,new,352.00 BRL,,https://www.perfumearabe.com/produtos/armaf-club-de-nuit-maleka/,https://dcdn-us.mitiendanube.com/stores/008/297/978/products/01-armaf-club-de-nuit-maleka-220aa780b6d498932d17914192527623-1024-1024.webp,Armaf,370347963
1606973078,Hawas Kobra Rasasi Eau de Parfum Masculino 100ml,"Resumo ★ 4,32 no Fragrantica · 2,5 mil votos Mais votado para o dia e os dias quentes. 69% dia · verão e primavera Como é o cheiro do Hawas Kobra Rasasi O Kobra junta cítrico e especiaria: o gengibre aparece na saída, ao lado da bergamota e da tangerina, e a canela continua no coração, com neróli e chá verde. O comparador WhicClone, que conferimos em 30/09/2026, diz que o gengibre ""é empurrado para a frente desde a primeira borrifada"" e que o chá verde deixa o conjunto ""limpo e levemente sabonete"" (tradução nossa). É a descrição de um site comunitário, não da Rasasi. O fundo é curto na lista: almíscar, âmbar e ""notas amadeiradas"", sem dizer qual madeira. Leitura nossa: como a lista não tem nenhuma nota doce, o âmbar aqui soa mais seco do que resinoso. Especificações Característica Detalhe Marca Rasasi Concentração Eau de Parfum Volume 100 ml Gênero Masculino Família olfativa Oriental Amadeirado Ano de lançamento 2025 Topo Gengibre, bergamota, tangerina Coração Canela, neróli, chá verde Fundo Almíscar, notas amadeiradas, âmbar Para quem e quando Sugestão nossa: a bergamota, a tangerina e o chá verde deixam o Kobra utilizável no calor, e a canela com o âmbar o levam para a noite fresca. É para quem gosta de cítrico com especiaria e quer um fundo seco, sem baunilha nem doce. Fixação e projeção Não trazemos número de fixação aqui, nem relato de projeção: o que circula sobre o Kobra vem de texto sem autor, sem data e sem contagem de votos. O efeito real varia de pele para pele e com o tempo do dia. Perguntas frequentes Hawas Kobra ou Hawas Cobra: qual é o nome certo? Kobra, com K. É assim que o comparador WhicClone e a loja indiana FragsTalk catalogam o perfume (conferidos em 30/09/2026). A grafia com C aparece nas buscas, mas o nome do produto é Hawas Kobra. O Hawas Kobra é o mesmo perfume que o Hawas for Him? Não. Segundo a Rasasi, o Hawas for Him é de 2015 e abre com bergamota, maçã, canela e limão; o coração junta ameixa, flor de laranjeira, cardamomo e notas aquáticas, e o fundo traz âmbar-cinza, almíscar, madeira flutuante e patchouli. O Kobra, de 2025, não tem maçã, ameixa, cardamomo nem notas aquáticas e traz gengibre, tangerina, neróli e chá verde no lugar. Os dois só dividem bergamota, canela e almíscar. O Hawas for Him tem página própria. E a diferença para o Hawas Ice? O Hawas Ice, que a Rasasi chama de aromático aquático, traz maçã, bergamota-da-sicília, limão-italiano e anis-estrelado na saída, ameixa, flor de laranjeira e cardamomo no coração e musgo, almíscar, madeira flutuante e âmbar no fundo. O Kobra não tem fruta nem anis: tem gengibre, canela e chá verde. Os dois dividem bergamota, almíscar e âmbar. Veja o Hawas Ice . Que madeira tem no fundo do Hawas Kobra? As listas que conferimos, do WhicClone e da FragsTalk, trazem só ""notas amadeiradas"", junto com almíscar e âmbar, sem dizer a madeira. Por isso esta página não cita sândalo, cedro nem outra. O Hawas Kobra lembra qual perfume? O WhicClone compara o Kobra ao Louis Vuitton Imagination: diz que gengibre, chá verde e almíscar limpo lembram o Imagination, com o Kobra ""mais alto e mais especiado"", e dá ao par uma nota de semelhança de 76%, atribuída pelo próprio site. A FragsTalk usa a mesma referência na descrição da loja. São duas fontes, uma comunitária e uma loja, e nenhuma é a Rasasi: serve de referência, não de garantia. O Hawas Kobra é original? Sim: o Hawas Kobra que vendemos é da Rasasi. Lacre, lote e caixa da unidade que você receber têm sinais para conferir, listados em Perfume árabe original . Veja também Perfume árabe masculino — a vitrine dos perfumes masculinos. Perfume árabe amadeirado — onde ficam os amadeirados da loja. Hawas for Him — o primeiro Hawas, de 2015. Hawas Ice — o Hawas aromático aquático. Hawas Black — mais um nome da mesma linha. Hawas e a linha da Rasasi — guia para escolher entre eles. Perfumes Rasasi — a casa e seus lançamentos.",in stock,new,297.00 BRL,,https://www.perfumearabe.com/produtos/rasasi-hawas-kobra/,https://dcdn-us.mitiendanube.com/stores/008/297/978/products/01-rasasi-hawas-kobra-b4a86ff0bba37ee21c17907551213956-1024-1024.png,Rasasi,370347966
1607025463,Body Cream Asad Ard Al Zaafaran 280g,"Resumo O Body Cream Asad é um pote de creme corporal de 280 g, vendido com o nome Ard Al Zaafaran e chamado assim por causa do perfume Asad , da Lattafa. Nenhuma das duas casas publica a pirâmide deste creme. O que é (e o que não é) Este produto é um creme, e não um spray de perfume. Nos anúncios de revendedores, o nome do produto traz Ard Al Zaafaran na maioria e Lattafa em um deles. Nem a Ard Al Zaafaran nem a Lattafa mostram este creme nos sites delas, então a autoria do pote fica sem confirmação e as notas do creme não são descritas. Um revendedor brasileiro o descreve como um creme para homens; como a casa não o lista, ele fica sem classificação de gênero aqui. Textura e sensação Um revendedor descreve o Body Cream Asad como um creme de textura cremosa, em pote de 280g com tampa, e cita manteiga de karité e óleo de amêndoas entre os ingredientes principais. Isso é o que o anúncio informa; para a lista completa de ingredientes, vale ler o rótulo do pote. O perfume que dá o nome No site da Lattafa, o perfume Asad abre com pimenta-preta, tabaco e abacaxi e fecha com baunilha, âmbar e madeira seca. O creme leva esse nome, mas isso não quer dizer que tenha as mesmas notas. Como usar Aplique na pele limpa e seca, depois do banho, e massageie até absorver; o anúncio de um revendedor sugere atenção às áreas mais secas, como cotovelos, joelhos e pernas. Se for combinar com o perfume Asad, teste os dois juntos antes de sair. Perguntas frequentes Qual é o tamanho do Body Cream Asad? A embalagem contém 280g, em pote. O Body Cream Asad é da Lattafa? Não há prova nem de um lado nem do outro. Nos anúncios de revendedores, o nome traz Ard Al Zaafaran na maioria e Lattafa em um deles, e nenhum dos sites das duas casas mostra o creme. Body Cream Asad é o perfume Asad? Não. O creme só divide o nome com o perfume Asad da Lattafa, que é um Eau de Parfum com outra concentração e outra duração. O cheiro de um não está confirmado como igual ao do outro. O Body Cream Asad tem cheiro de café? Um revendedor brasileiro (sixparfum.com.br) cita café entre as notas do creme, num bloco único com pimenta-preta, abacaxi, baunilha e âmbar, sem separar topo, coração e fundo. A casa não confirma essa lista. O Body Cream Asad é masculino? Um revendedor brasileiro o descreve como um creme para homens. A casa não lista o creme, então ele fica sem classificação de gênero aqui. Veja também Perfume árabe — a seleção completa da loja, por família e ocasião. Lattafa na loja — os perfumes da Lattafa, como o Asad , que dá nome ao creme. Body Cream Yara e Body Cream Khamrah — os outros dois cremes que aparecem nos mesmos anúncios. Body splash e body cream árabe — o que muda entre um creme corporal e um perfume, e como usar cada formato.",in stock,new,135.90 BRL,,https://www.perfumearabe.com/produtos/body-cream-asad-ard-al-zaafaran/,https://dcdn-us.mitiendanube.com/stores/008/297/978/products/01-body-cream-asad-ard-al-zaafaran-e46662d57b64802f7517913386846055-1024-1024.webp,Ard Al Zaafaran,370363940
1607025470,Body Cream Khamrah Ard Al Zaafaran 300g,"Resumo Body Cream Khamrah é um creme hidratante para corpo e mãos da Ard Al Zaafaran, de textura descrita como leve. Leva o nome do perfume Khamrah , da Lattafa, mas a casa não divulga as notas do creme. O que é (e o que não é) Trata-se de um creme, sem função de perfume em spray. Um dos anúncios de revendedores traz Ard Al Zaafaran e Lattafa juntos no nome do produto, e outro traz só Ard Al Zaafaran. O creme não consta nos sites de nenhuma das duas casas; por isso a autoria do pote não está confirmada e não descrevemos notas dele. Textura e sensação O anúncio de um revendedor descreve a textura como leve e fácil de espalhar, formulada para o corpo e para as mãos, para uso diário. Vale como descrição do anunciante; a lista de ingredientes completa fica no rótulo. O perfume que dá o nome No site da Lattafa, o perfume Khamrah abre com canela, noz-moscada e bergamota, passa por tâmaras e praliné e fecha com baunilha, fava tonka e âmbar-madeira. O mesmo anúncio fala em fragrância de âmbar com toque especiado no creme; é a descrição do revendedor, não confirmada pela casa. Como usar Aplique depois do banho, no corpo e nas mãos. Como o cheiro do creme não é confirmado como igual ao do perfume Khamrah, prove os dois juntos antes de sair, se quiser combinar. Perguntas frequentes Qual é o tamanho do Body Cream Khamrah? A embalagem contém 300g. Quem assina o Body Cream Khamrah? Um anúncio traz Ard Al Zaafaran e Lattafa juntos no nome do produto, e outro traz só Ard Al Zaafaran. Os sites das duas casas não mostram o creme, então a autoria segue em aberto. Body Cream Khamrah é o perfume Khamrah? Não. O creme divide o nome com o perfume Khamrah da Lattafa, que é outro produto, com concentração e duração próprias. Ninguém confirmou que os dois cheirem igual. O Body Cream Khamrah serve para as mãos? Sim, segundo o anúncio de um revendedor, que o descreve como um creme para corpo e mãos, de textura leve e de uso diário. Veja também Perfume árabe — perfumes das casas árabes da loja, por família e ocasião. Perfume árabe doce — outros perfumes com fundo adocicado como o Khamrah. Lattafa na loja — os perfumes da Lattafa, como o Khamrah , que empresta o nome ao creme. Body Cream Yara e Body Cream Asad — os outros dois cremes anunciados como da Ard Al Zaafaran. Body splash e body cream árabe — a diferença entre creme corporal e perfume, formato por formato. Khamrah Lattafa: a linha — Qahwa, Dukhan e o Original.",in stock,new,154.00 BRL,,https://www.perfumearabe.com/produtos/body-cream-khamrah-ard-al-zaafaran/,https://dcdn-us.mitiendanube.com/stores/008/297/978/products/01-body-cream-khamrah-ard-al-zaafaran-102bd4fa3a6e54226617908705484725-1024-1024.png,Ard Al Zaafaran,370363943
1607025487,Body Cream Yara Ard Al Zaafaran 310g,"Resumo O Body Cream Yara é um creme corporal de 310 g anunciado com a marca Ard Al Zaafaran e batizado com o nome do perfume Yara , da Lattafa. As notas deste pote não foram publicadas por nenhuma das duas casas. O que é (e o que não é) Este é um creme corporal, não um perfume em spray. Entre os anúncios de revendedores, um traz só Ard Al Zaafaran no nome do produto e outro traz Ard e Lattafa no endereço da página. Nenhum dos sites das duas casas mostra o creme, então a autoria do pote segue em aberto e as notas dele não são descritas. Um revendedor o descreve como desenvolvido para mulheres; sem o creme no site da casa, não o classificamos por gênero. Textura e sensação O anúncio de um revendedor descreve a textura como cremosa, de fácil absorção e sem sensação pegajosa, e o aroma como uma combinação de frescor e doçura. Essa é a leitura do anunciante, e os ingredientes completos ficam no rótulo do pote. O perfume que dá o nome No site da Lattafa, o perfume Yara abre com orquídea, heliotrópio e tangerina, tem um acorde gourmand e frutas tropicais no coração e fecha com baunilha, almíscar e sândalo. O creme só empresta o nome, sem garantia de que tenha essas notas. Como usar Aplique depois do banho, na pele limpa e seca. Quem usa o perfume Yara pode testar o creme junto, sem esperar o mesmo cheiro. Perguntas frequentes Qual é o tamanho do Body Cream Yara? A embalagem contém 310g. O Body Cream Yara é da Lattafa? Não está provado. Entre os anúncios, um traz só Ard Al Zaafaran no nome do produto e outro traz Ard e Lattafa no endereço da página; nem a loja da Ard Al Zaafaran nem os sites da Lattafa listam o creme, e a autoria segue em aberto. Body Cream Yara é o perfume Yara? Não. O nome é igual ao do perfume Yara da Lattafa, mas o produto é um creme, e o perfume é um Eau de Parfum. Não há confirmação de que tenham o mesmo cheiro. O Body Cream Yara tem cheiro de baunilha? Para o pote de 310 g não há pirâmide publicada. A única lista achada é de uma loja espanhola (arabicparfums.com, lida em 30/09/2026) para o creme Yara de 40 g, com baunilha no fundo ao lado de almíscar e sândalo; não sabemos se o 310 g segue a mesma. O Body Cream Yara é feminino? Um revendedor o descreve como desenvolvido para mulheres; outros anúncios não citam gênero. Como a casa não lista o creme, não o classificamos por gênero. Veja também Perfume árabe — a vitrine de perfumes árabes, filtrada por família olfativa. Lattafa na loja — os perfumes da Lattafa, entre eles o Yara . Body Cream Khamrah e Body Cream Asad — os demais cremes anunciados com o mesmo padrão de nome. Body splash e body cream árabe — a diferença entre os dois formatos e como usar cada um.",in stock,new,154.00 BRL,,https://www.perfumearabe.com/produtos/body-cream-yara-ard-al-zaafaran/,https://dcdn-us.mitiendanube.com/stores/008/297/978/products/01-body-cream-yara-ard-al-zaafaran-d8f421c453e4c54f8617913386900390-1024-1024.webp,Ard Al Zaafaran,370363947
1607107384,Al Nashama Caprice Lattafa 100ml,"Resumo ★ 4,24 no Fragrantica · 2,7 mil votos Votos divididos entre dia e noite. 53% noite · primavera e outono Como é o cheiro do Al Nashama Caprice A abertura esquenta e refresca ao mesmo tempo. Cardamomo e gengibre trazem o calor da especiaria; bergamota e limão, o ácido que acorda. No coração, a lavanda divide espaço com gerânio e menta. A menta é o detalhe que mexe no desenho: dá à lavanda um lado de folha amassada, mais fresco do que a lavanda teria sozinha. Fougère, para quem não conhece o termo, é a família de perfumes construída em torno da lavanda e de ervas sobre madeira. O fundo é seco. Âmbar, cedro, patchouli e vetiver fecham a composição, e não há baunilha nem fava tonka para adoçar a madeira. Especificações Característica Detalhe Casa Lattafa Concentração Não declarada pela Lattafa Volume 100 ml Gênero Masculino e unissex (as duas etiquetas do lattafa.com) Ano de lançamento 2024 Família olfativa Aromática Fougère Topo Cardamomo, gengibre, bergamota, limão Coração Lavanda, gerânio, menta Fundo Âmbar, cedro, patchouli, vetiver Para quem e quando usar o Al Nashama Caprice Lattafa Sugestão nossa: sem baunilha e sem resina doce na base, é uma escolha de dia quente, de calor úmido e de escritório. À noite, vai bem num programa informal. É para quem gosta de lavanda e de gengibre e quer as duas coisas no mesmo frasco, com uma pitada de menta. Perguntas frequentes Al Nashama e Al Nashama Caprice são o mesmo perfume? Não. O Al Nashama, também de 2024, é outro registro da Lattafa, com pirâmide própria. Na hora de comprar, procure a palavra ""Caprice"" no nome da caixa. O Al Nashama Caprice é parecido com o Fakhar Black? Pela pirâmide, são parentes: os dois têm gengibre e bergamota na saída, lavanda e gerânio no coração, cedro e vetiver no fundo. O Caprice acrescenta cardamomo, limão e menta; o Fakhar Black leva maçã, sálvia e zimbro, além de fava tonka, uma nota adocicada que o Caprice não tem. Qual a diferença entre o Al Nashama Caprice e o Fakhar Platin? Dividem cardamomo, bergamota, gengibre e lavanda, mas tomam rumos diferentes: o Fakhar Platin (2025) põe pimenta-rosa e goiaba e fecha em palo santo, incenso e sândalo; o Caprice segue com limão, gerânio e menta e fecha em âmbar, cedro, patchouli e vetiver. O Al Nashama Caprice é masculino ou feminino? O site da Lattafa (lattafa.com/product/al-nashama-caprice/) traz ""Fragrance type: Men , Unisex"", as duas etiquetas juntas (lido em 30/09/2026); a loja oficial dos EUA, lattafa-usa.com, não lista este perfume. O Fragrantica o lista para mulheres e homens (""vůně pro ženy a muže"", na edição tcheca, lida em 30/09/2026). Como a casa põe duas etiquetas, esta página não crava um gênero. O Al Nashama Caprice é original? O Al Nashama Caprice que vendemos é Lattafa original; em Perfume árabe original está o que você pode checar na embalagem ao receber. Veja também Perfume árabe fresco — cítricos, aromáticos e aquáticos. Perfume árabe unissex — a seleção pensada para os dois públicos. Fakhar Black — o masculino da linha Fakhar, com maçã na saída e fava tonka no fundo. Fakhar Platin — outro Lattafa com cardamomo, gengibre e lavanda. Lattafa na loja — a casa inteira.",in stock,new,239.00 BRL,,https://www.perfumearabe.com/produtos/lattafa-al-nashama-caprice/,https://dcdn-us.mitiendanube.com/stores/008/297/978/products/01-lattafa-al-nashama-caprice-2d6f78705d504615ac17913387587633-1024-1024.webp,Lattafa,370388339
1607107388,Al Noble Safeer Lattafa Unissex 100ml,"Resumo ★ 3,98 no Fragrantica · 991 votos Votos divididos entre dia e noite. 58% dia · primavera e outono Especificações Casa Lattafa Linha Al Noble Concentração Não declarada pela Lattafa Tamanho 100 ml Gênero Unissex Acordes principais Cítrico, especiado fresco e amadeirado (segundo o Fragrantica) Notas de topo gengibre, pimenta-preta, bergamota, grapefruit Notas de coração heliotrópio, jasmim, caramelo Notas de fundo almíscar, cipriol, cashmere, âmbar-cinzento, baunilha, madeira de guaiaco Como é o cheiro do Al Noble Safeer Lattafa Nos primeiros minutos, o Safeer é cítrico e picante ao mesmo tempo. Grapefruit e bergamota trazem a casca de fruta, e gengibre e pimenta-preta dão um ardido fresco logo junto, então não é o cítrico limpo de uma colônia. No coração entram caramelo, jasmim e heliotrópio, uma flor de cheiro atalcado. O caramelo puxa o perfume para o doce, e o jasmim e o heliotrópio deixam a passagem mais macia. O fundo reúne madeira de guaiaco, almíscar, cipriol (raiz de cheiro terroso, também chamada nagarmotha), notas de cashmere, âmbar-cinzento e baunilha. No Fragrantica, os acordes mais votados são, nesta ordem, cítrico, especiado fresco, amadeirado, atalcado e almiscarado, com caramelo logo depois. Para quem e quando É para quem gosta de cítrico, mas quer um perfume com mais corpo que um refresco: a saída é fresca, e o caramelo e a baunilha deixam o final redondo. No Fragrantica, os votos de ocasião preferem primavera e outono ao verão e ao inverno, e dia mais que noite. Sugestão nossa para o calor do Brasil: poucas borrifadas de dia bastam para começar; se ficar em dúvida, borrife antes numa tira de papel. Lembra algum perfume famoso? Uma resenha do The Scent Stories associa o Al Noble Safeer ao Pana Dora XVI, até no frasco de cabeça de cervo. É a leitura de um resenhista, não uma comparação da Lattafa. Perguntas frequentes O Al Noble Safeer é original? Sim, com lacre de fábrica e lote impresso na caixa. Se quiser saber o que olhar no recebimento, a página de originalidade explica. O Al Noble Safeer é doce? Tem um lado doce, mas a abertura é cítrica e picante, com grapefruit, bergamota, gengibre e pimenta-preta. O caramelo aparece no coração e a baunilha no fundo, ao lado de guaiaco e almíscar. O Al Noble Safeer é o mesmo perfume que o Safeer? Não. A Lattafa vende também o Safeer, sem ""Al Noble"", catalogado como masculino e com outras notas: bergamota e limão, zimbro, sálvia esclareia e noz-moscada, fava tonka e cipreste. Esta página é do Al Noble Safeer, unissex, de 100 ml. Qual escolher, Al Noble Safeer ou Al Noble Wazeer? O Wazeer tem conhaque, uísque e mirra, e é um perfume escuro. O Safeer vai para o outro lado: abre com grapefruit, bergamota e gengibre e tem caramelo e jasmim no meio. Quem quer o clima de bar vai no Wazeer; quem quer um cítrico picante com final macio, no Safeer. Veja também Perfume árabe unissex — opções que não escolhem um gênero. Perfume árabe fresco — perfumes de abertura cítrica e fresca. Al Noble Wazeer Lattafa — a ponta escura da linha, com conhaque e uísque. Lattafa na loja — mais lançamentos da casa.",in stock,new,225.00 BRL,,https://www.perfumearabe.com/produtos/lattafa-al-noble-safeer/,https://dcdn-us.mitiendanube.com/stores/008/297/978/products/01-lattafa-al-noble-safeer-203deee3d5697c3ec717905719592550-1024-1024.png,Lattafa,370388342
1607107401,Art of Arabia I Lattafa 100ml,"Resumo ★ 4,30 no Fragrantica · 1,3 mil votos Mais votado para o dia e os dias quentes. 78% dia · verão e primavera Especificações Característica Detalhe Casa Lattafa Linha Pride (Art of Arabia) Concentração Não declarada pela Lattafa Volume 100 ml Gênero Masculino (lattafa.com) ou unissex (lattafa-usa.com) Ano de lançamento 2023 Família olfativa Cítrico Aromático Topo Bergamota, Hortelã Coração Chá preto, Gengibre, Lavanda Fundo Ambroxan, Incenso, Canela Como é o cheiro O Art of Arabia I começa como um chá com hortelã e termina em incenso com canela. A bergamota entra cítrica e a hortelã traz um verde refrescante, numa saída leve e sem açúcar. No coração, o chá preto põe um seco levemente tânico, o gengibre um picante quente e a lavanda o lado herbáceo que costura os dois. O fundo fica com ambroxan, incenso e canela. O incenso, resina fumada e balsâmica, dá profundidade; o ambroxan, molécula sintética ligada ao âmbar-cinza, deixa um rastro amadeirado e almiscarado; a canela fecha quente. Sobre o gênero: a Lattafa classifica o Art of Arabia I de duas formas. O lattafa.com traz ""Fragrance type: Men"" e o lattafa-usa.com traz ""type: Unisex"" (as duas lidas em 30/09/2026). O Fragrantica o classifica como perfume masculino (""for men""). Para quem e quando É para quem quer um cítrico aromático que não acaba limpo demais: a bergamota e a hortelã abrem, o incenso e a canela ficam. Sugestão nossa: no calor úmido do Brasil, a bergamota e a hortelã do Art of Arabia I somem mais depressa e o ambroxan aparece cedo; no frio, o chá preto e o gengibre do coração ficam mais tempo à vista. Perguntas frequentes O Art of Arabia I tem cheiro de chá? Tem, no coração: a Lattafa lista chá preto ao lado de gengibre e lavanda. O chá dá um seco tânico depois da saída de bergamota e hortelã. Qual a diferença entre o Art of Arabia I e o Art of Arabia III? Os dois são da linha Art of Arabia, de 2023, e dividem a bergamota e a resina do incenso: o olíbano, que a lattafa-usa.com apresenta como outro nome do incenso, está no fundo do I e na saída do III. O I é cítrico aromático, de chá, gengibre e lavanda; o Art of Arabia III é resinoso, com olíbano, davana, tâmaras, tabaco e tuberosa e mirra e baunilha no fundo. O Art of Arabia I é masculino ou unissex? A Lattafa o classifica de duas formas: o lattafa.com traz ""Fragrance type: Men"" e o lattafa-usa.com traz ""type: Unisex"" (as duas lidas em 30/09/2026). O Fragrantica o classifica como masculino. O Art of Arabia I é original? Sim, Lattafa original. O que vale olhar no frasco e na caixa quando chegarem está em Perfume árabe original . Veja também Art of Arabia II Lattafa — outro perfil da mesma linha Pride, amadeirado especiado. Art of Arabia III Lattafa — perfil aromático especiado, também da linha Pride. Art of Nature I Lattafa — perfil frutado-amadeirado, mesma linha Pride. Perfume árabe unissex — outras opções sem recorte de gênero. Lattafa na loja — toda a seleção da casa.",in stock,new,295.00 BRL,,https://www.perfumearabe.com/produtos/lattafa-art-of-arabia-i/,https://dcdn-us.mitiendanube.com/stores/008/297/978/products/01-lattafa-art-of-arabia-i-e0e3a935040d5e400817913387747538-1024-1024.webp,Lattafa,370388344
1607107406,Art of Arabia II Lattafa Unissex 100ml,"Resumo ★ 3,07 no Fragrantica · 147 votos Especificações Característica Detalhe Casa Lattafa Linha Pride (Art of Arabia) Concentração Não declarada pela Lattafa Volume 100 ml Gênero Unissex Ano de lançamento 2023 Família olfativa Amadeirado Especiado Topo Heliotrópio, Cardamomo, Bergamota, Pimenta-rosa Coração Amêndoa, Jasmim, Lavanda Fundo Oud (Agarwood), Pau-guaiaco, Sândalo, Baunilha Como é o cheiro do Art of Arabia II Lattafa Nos primeiros minutos, o heliotrópio e o cardamomo abrem com um toque adocicado e levemente floral, enquanto a bergamota e a pimenta-rosa somam frescor cítrico e um picante leve. Depois de um tempo, o coração revela amêndoa, jasmim e lavanda: a amêndoa traz uma doçura levemente amargada, o jasmim soma um floral branco marcado por um perfume intenso desde o século XVI, e a lavanda equilibra com o lado herbáceo. No fim do dia, o perfume fecha em oud, pau-guaiaco, sândalo e baunilha. O oud (resina aromática que se forma na madeira de agarwood quando ela sofre um ferimento, de cheiro amadeirado e terroso, às vezes fumado — a matéria-prima mais associada à perfumaria árabe) dá profundidade ao fundo; o sândalo soma um toque cremoso e macio, e a baunilha fecha com doçura. Para quem e quando O Art of Arabia II combina com quem gosta de perfumes amadeirados especiados com um fundo adocicado de amêndoa — um perfil que funciona tanto à tarde quanto à noite, quando o oud e o sândalo do fundo ganham mais espaço. Nos dias quentes e úmidos do Brasil, comece com poucas borrifadas: o topo adocicado e cítrico evapora rápido no calor, e o fundo amadeirado tende a aparecer mais cedo. Em dias frios, a composição sustenta melhor o coração floral-amendoado. Fixação e projeção Não trazemos número de fixação aqui: não encontramos uma fonte confiável que o sustente para este perfume. A duração e a projeção variam com a pele, o clima e a quantidade aplicada. Lembra algum perfume famoso? Segundo um resumo do blog pickmyclone.com, o Art of Arabia II lembra o Parfums de Marly Pegasus, mas com um perfil mais cremoso e menos picante, com uma amêndoa mais suave, enquanto o Pegasus projeta mais forte e sustenta por mais tempo o contraste entre amêndoa e especiarias. É a leitura de quem comparou os dois, publicada no blog pickmyclone.com — não uma promessa da loja. Perguntas frequentes O Art of Arabia II é original? Sim, e dá para conferir: o Art of Arabia II traz o lacre de fábrica e o lote impresso na caixa e no frasco, direto de distribuidor oficial. Veja como conferimos Quanto tempo dura o Art of Arabia II na pele? Não trazemos número de fixação aqui: não encontramos uma fonte confiável que o sustente. A duração varia com a pele, o clima e a quantidade aplicada. O Art of Arabia II é para dia, noite, calor ou frio? A abertura adocicada e cítrica funciona bem à tarde; o coração amendoado e o fundo de oud e sândalo seguram melhor à noite e em dias frios. Para quem combina o Art of Arabia II? Combina com quem gosta de perfumes amadeirados especiados, com um fundo doce de amêndoa e um toque de oud — um perfil versátil entre tarde e noite. O Art of Arabia II é comparado a qual perfume de nicho? Segundo o blog pickmyclone.com, lembra o Parfums de Marly Pegasus, com perfil mais cremoso e menos picante — é a leitura de quem comparou os dois, não uma promessa da loja. Veja também Art of Arabia I Lattafa — perfil cítrico aromático, mesma linha Pride. Art of Arabia III Lattafa — perfil aromático especiado, também da linha Pride. Art of Nature I Lattafa — perfil frutado-amadeirado, mesma linha Pride. Perfume árabe amadeirado — outros perfis amadeirados. Lattafa na loja — toda a seleção da casa.",in stock,new,272.00 BRL,,https://www.perfumearabe.com/produtos/lattafa-art-of-arabia-ii/,https://dcdn-us.mitiendanube.com/stores/008/297/978/products/01-lattafa-art-of-arabia-ii-0c467869081acb283517913387801501-1024-1024.webp,Lattafa,370388346
1607107410,Art of Arabia III Lattafa Unissex 100ml,"Resumo ★ 4,20 no Fragrantica · 810 votos Mais votado para a noite e os dias frios. 70% noite · inverno e outono Especificações Característica Detalhe Casa Lattafa Linha Pride (Art of Arabia) Concentração Não declarada pela Lattafa Volume 100 ml Gênero Unissex Ano de lançamento 2023 Família olfativa Aromático Especiado Topo Olíbano, Davana, Bergamota Coração Tâmaras, Tabaco, Sândalo, Tuberosa Fundo Mirra, Baunilha, Fava tonka, Labdano, Patchouli Como é o cheiro do Art of Arabia III Lattafa O Art of Arabia III é resina por fora e fruta seca por dentro. Na saída, o olíbano, resina balsâmica e um pouco fumada tirada da Boswellia, vem com a davana e a bergamota, num frescor resinoso com um fio cítrico. No coração entram tâmaras, tabaco, sândalo e tuberosa: as tâmaras adoçam como fruta seca, o tabaco põe um seco adocicado e a tuberosa, flor branca intensa, faz o contraste e pede mão leve. A base reúne mirra, baunilha, fava tonka, labdano e patchouli. O labdano (resina de estepes de Cistus, base clássica do acorde âmbar, doce, amadeirada e levemente courada) segura o fundo com o patchouli terroso, e a baunilha e a fava tonka arredondam. Para quem e quando É para quem quer um especiado de resina com miolo de tâmara, mais balsâmico do que doce. Sugestão nossa: mirra, labdano e tâmaras ficam densos no mormaço brasileiro; o Art of Arabia III cai melhor em noite fresca ou ar-condicionado, e no verão uma borrifada já marca presença. Perguntas frequentes O Art of Arabia III tem incenso? Tem, em dose dupla de resina: o olíbano, que é o incenso clássico, está na saída, e a mirra aparece na base ao lado do labdano. É o que dá ao perfume o lado balsâmico e levemente fumado. Qual a diferença entre o Art of Arabia III e o Art of Arabia I? São da mesma linha e de 2023, mas pouco se cruzam. O Art of Arabia I é cítrico aromático, com bergamota, hortelã, chá preto, gengibre e lavanda sobre ambroxan, incenso e canela; o III troca isso por olíbano, davana, tâmaras, tabaco e tuberosa sobre mirra e baunilha. Em comum ficam a bergamota e o olíbano, que a lattafa-usa.com trata como o incenso que fecha o I. Qual a diferença entre o Art of Arabia III e o Art of Arabia II? O Art of Arabia II é amadeirado especiado, com heliotrópio, cardamomo, amêndoa e jasmim e oud, pau-guaiaco e sândalo no fundo. O III não tem oud nem amêndoa e aposta em resinas (olíbano, mirra, labdano) e tâmaras. Dividem bergamota, sândalo e baunilha. O Art of Arabia III é original? É Lattafa original. O guia Perfume árabe original mostra o que examinar no Art of Arabia III que você receber. Veja também Art of Arabia I Lattafa — perfil cítrico aromático, mesma linha Pride. Art of Arabia II Lattafa — perfil amadeirado especiado, também da linha Pride. Art of Nature I Lattafa — perfil frutado-amadeirado, mesma linha Pride. Perfume árabe amadeirado — outros perfis amadeirados. Lattafa na loja — toda a seleção da casa.",in stock,new,279.00 BRL,,https://www.perfumearabe.com/produtos/lattafa-art-of-arabia-iii/,https://dcdn-us.mitiendanube.com/stores/008/297/978/products/01-lattafa-art-of-arabia-iii-56a076c98a44dde4df17913387854308-1024-1024.webp,Lattafa,370388348
1607107420,Art of Nature I Lattafa Unissex 100ml,"Resumo ★ 3,69 no Fragrantica · 345 votos Mais votado para a noite e os dias frios. 64% noite · inverno e outono Especificações Característica Detalhe Casa Lattafa Linha Pride (Art of Nature) Concentração Não declarada pela Lattafa Volume 100 ml Gênero Unissex Ano de lançamento 2024 Família olfativa Oriental Floral Topo Figo, Ameixa, Cassis Coração Couro, Ruibarbo, Rosa Fundo Oud, Âmbar-cinzento, Baunilha Como é o cheiro Nos primeiros minutos, o figo e a ameixa abrem com uma doçura frutada, e o cassis soma um toque ácido que refresca a abertura. Depois de um tempo, o coração revela couro, ruibarbo e rosa: o couro traz um contraste seco e animálico, o ruibarbo soma uma acidez vegetal, e a rosa entra com um floral clássico que amacia o conjunto. No fim do dia, o perfume fecha em oud, âmbar-cinzento e baunilha. O oud (resina aromática que se forma na madeira de agarwood quando ela sofre um ferimento, de cheiro amadeirado e terroso — a matéria-prima mais associada à perfumaria árabe) sustenta o fundo, o âmbar-cinzento reforça o lado amadeirado, e a baunilha adoça o rastro final. Para quem e quando O Art of Nature I combina com quem gosta de perfumes frutados-amadeirados com um toque de couro — um perfil que funciona à noite e em dias frios, quando o oud e o âmbar-cinzento do fundo ganham mais espaço. Nos dias quentes e úmidos do Brasil, comece com poucas borrifadas: o topo frutado evapora rápido no calor, e o fundo amadeirado tende a se impor mais cedo. Em dias frios, a composição sustenta melhor o coração de couro e rosa. Fixação e projeção Não trazemos número de fixação aqui: não encontramos uma fonte confiável que o sustente para este perfume. A duração e a projeção variam com a pele, o clima e a quantidade aplicada. Lembra algum perfume famoso? Segundo o site dupedrop.co, o Art of Nature I é uma alternativa ao Oud Maracujá, com 90% de compatibilidade de cheiro (""scent match""). É a leitura do site dupedrop.co — não uma promessa da loja. Perguntas frequentes O Art of Nature I é original? Original, sim: o Art of Nature I chega de distribuidor oficial com lacre de fábrica e lote impresso na caixa para você conferir. Veja como conferimos Quanto tempo dura o Art of Nature I na pele? Não trazemos número de fixação aqui: não encontramos uma fonte confiável que o sustente. A duração varia com a pele, o clima e a quantidade aplicada. O Art of Nature I é para dia, noite, calor ou frio? O topo frutado de figo e ameixa funciona bem em climas quentes com poucas borrifadas; o coração de couro e rosa e o fundo de oud e âmbar-cinzento seguram melhor à noite e em dias frios. Para quem combina o Art of Nature I? Combina com quem gosta de perfumes frutados-amadeirados com um toque de couro, versáteis entre o frutado da abertura e o amadeirado do fundo. O Art of Nature I é comparado a qual perfume? Segundo o site dupedrop.co, é uma alternativa ao Oud Maracujá, com 90% de compatibilidade de cheiro — é a leitura do site, não uma promessa da loja. Veja também Art of Arabia I Lattafa — perfil cítrico aromático, mesma linha Pride. Art of Arabia II Lattafa — perfil amadeirado especiado, também da linha Pride. Art of Arabia III Lattafa — perfil aromático especiado, também da linha Pride. Perfume árabe amadeirado — outros perfis amadeirados. Lattafa na loja — toda a seleção da casa.",in stock,new,284.00 BRL,,https://www.perfumearabe.com/produtos/lattafa-art-of-nature-i/,https://dcdn-us.mitiendanube.com/stores/008/297/978/products/01-lattafa-art-of-nature-i-e601b8fefbbb5db89617913387906936-1024-1024.webp,Lattafa,370388351
1607107427,Badee Al Oud - Oud for Glory Lattafa Eau de Parfum Unissex 100ml,"Resumo ★ 4,04 no Fragrantica · 8,5 mil votos Mais votado para a noite e os dias frios. 69% noite · inverno e outono Como é o cheiro do Badee Al Oud For Glory Lattafa O Oud for Glory é todo de especiaria e madeira, sem fruta e sem doce na lista de notas. O açafrão e a noz-moscada dão o calor de cozinha, e a lavanda põe um lado de erva seca por cima. Dali em diante a lista muda pouco: oud e patchouli aparecem no coração e voltam no fundo, agora com almíscar. O oud vem da madeira resinada do agarwood e tem cheiro terroso, às vezes defumado. Leitura nossa: é um perfume de uma família só, que fica mais denso sem trocar de personagem. Especificações Característica Detalhe Casa Lattafa Concentração Eau de Parfum Volume 100 ml Gênero Unissex Ano de lançamento 2020 Família olfativa Âmbar Amadeirado Topo Açafrão, noz-moscada, lavanda Coração Oud, patchouli Fundo Oud, patchouli, almíscar Para quem e quando Sugestão nossa: é um amadeirado denso, para noite e tempo fresco. No calor úmido, o oud com patchouli pesa; se for usar no verão, aplique em ambiente com ar-condicionado ou na roupa. Quem ainda não conhece oud pode começar pelo frasco de 25 ml . Fixação e projeção Não trazemos número de fixação aqui: o que achamos sobre duração e projeção do Oud for Glory está em páginas de loja, sem votos contados. O resultado muda de pele para pele e de clima para clima. Perguntas frequentes O Oud for Glory é masculino ou feminino? Unissex. No site da Lattafa, o frasco de 100 ml aparece com ""Fragrance type: Unisex"" e a descrição o dá como perfume para mulheres e homens (conferido em 30/09/2026). Qual a diferença entre o Oud for Glory e o Honor & Glory? São perfumes diferentes, de anos diferentes. O Oud for Glory, de 2020, sai de açafrão, noz-moscada e lavanda sobre oud e patchouli. O Honor & Glory, de 2023, abre com abacaxi e crème brûlée e tem um fundo de baunilha e sândalo, segundo a listagem da Amazon.com. O Honor & Glory tem página própria em 25 ml . O Oud for Glory é o mesmo perfume que o Amethyst? Não, mas o nome confunde: a Lattafa USA escreve o Amethyst como ""Oud For Glory Amethyst"". O Amethyst tem rosas e jasmim no coração e pimenta-rosa e bergamota na saída, sem o açafrão. A página dele está em Amethyst . O Oud for Glory é comparado a qual perfume? O guia de compras da Chaos Fragrances, publicado em 1º de setembro de 2026, põe o Oud for Glory em primeiro lugar entre as alternativas ao Oud for Greatness, da Initio, porque ele segue a pirâmide publicada do Initio ""da forma mais literal"". O mesmo guia diz que a abertura do Lattafa é mais afiada e mais sintética, o patchouli mais terroso e o oud mais linear. Essa é a opinião de uma loja americana, não da Lattafa. Por que a página da Lattafa mostra caramelo e framboesa no Oud for Glory? A página do perfume no site da Lattafa tem dois blocos de notas. O texto descritivo lista açafrão, noz-moscada e lavanda, depois oud e patchouli, e termina em almíscar; a caixa ""Fragrance Notes"" lista bergamota, pimenta-rosa e groselha-preta, peônia, caramelo e oud, framboesa, patchouli e âmbar seco. A Amazon.com repete o texto descritivo, que é o que seguimos aqui (conferido em 30/09/2026). O Oud for Glory é original? Sim. O frasco de Oud for Glory que vendemos é da Lattafa, e o passo a passo de lacre, lote e caixa está em Perfume árabe original . Veja também Perfume oud — mais perfumes com oud na composição. Perfume árabe amadeirado — a vitrine dos amadeirados da loja. Oud for Glory 25 ml — o mesmo nome no frasco pequeno. Amethyst — a linha Bade'e Al Oud com rosas e jasmim. O que é oud — guia do ingrediente que dá nome à linha. Perfume árabe unissex — perfumes sem recorte de gênero.",in stock,new,252.00 BRL,,https://www.perfumearabe.com/produtos/lattafa-badee-al-oud-for-glory/,https://dcdn-us.mitiendanube.com/stores/008/297/978/products/01-lattafa-badee-al-oud-for-glory-119081958caf003f1b17913388285404-1024-1024.webp,Lattafa,370388355
1607107431,Classic Stone Lattafa Eau de Parfum Unissex 100ml,"Resumo ★ 4,40 no Fragrantica · 258 votos Mais votado para a noite e os dias frios. 75% noite · inverno e outono Especificações Casa Lattafa (linha Niche Emarati) Concentração Eau de Parfum Tamanho 100 ml Gênero Unissex Ano de lançamento 2025 Família olfativa Oriental Picante Notas de topo Cardamomo, Açafrão, Cominho, Violeta Notas de coração Camurça (suede), Noz-moscada, Cravo, Osmanthus Notas de fundo Notas amadeiradas, Âmbar-cinzento, Musgo de carvalho, Almíscar Como é o cheiro do Classic Stone Lattafa O Classic Stone abre quente e seco, com cardamomo, açafrão e cominho; a violeta, também na saída, põe um floral empoeirado por cima das especiarias. O coração junta camurça (suede, nota que lembra couro macio e aveludado), noz-moscada, cravo e osmanthus, flor de aroma frutado e levemente couro. É a parte mais densa, com o cravo e a noz-moscada segurando o tempero. Na base ficam notas amadeiradas, âmbar-cinzento, musgo de carvalho e almíscar. O musgo de carvalho dá o tom seco, de mata, que impede o fundo de virar doce. Para quem e quando É para quem gosta de oriental picante e denso e não quer baunilha no fundo. A Fragrantica o lista para homem e mulher, e a peça já pressupõe alguém acostumado a perfume de presença. Sugestão nossa: cominho, cravo e camurça são pesados para tarde abafada no Brasil; o Classic Stone faz mais sentido à noite, em jantar ou em dia frio, começando com uma borrifada só. Fixação e projeção No Fragrantica, em leitura de 30/09/2026, 96 dos 154 votos de usuários marcam a fixação do Classic Stone como ""long lasting"" (longa) e 32 como ""eternal"" (eterna); na projeção, 96 de 151 votos marcam ""strong"" (forte). Um usuário, em resenha de maio de 2025, conta mais de 12 horas na própria pele. São votos e um relato, não teste de laboratório; o resultado em você depende da pele e da temperatura. Lembra algum perfume famoso? Na Fragrantica, o usuário Lilwizprince (resenha de maio de 2025) escreve que o Classic Stone teria sido inspirado no Parfums de Marly Althaïr, ""com uma variação"", e o indica a quem gosta do Althaïr. É a percepção de um usuário, não uma afirmação da Lattafa. Perguntas frequentes O Classic Stone é original? Sim, é o Classic Stone da Lattafa, da linha Niche Emarati. Veja como conferimos Classic Stone e Niche Emarati Antique são o mesmo perfume? Não. Os dois saem da linha Niche Emarati da Lattafa, mas o Antique é de 2024 e o Classic Stone, de 2025, com nome e pirâmide próprios. O Classic Stone tem cheiro de camurça? Tem, no coração: a camurça aparece ao lado de noz-moscada, cravo e osmanthus, depois da saída de cardamomo, açafrão e cominho. Para que serve o cominho no Classic Stone? É uma das três especiarias da saída, com cardamomo e açafrão. O cominho dá o lado quente e seco, de tempero, que separa o Classic Stone de um oriental adocicado. Veja também Perfume árabe unissex — outras opções sem recorte de gênero. Lattafa na loja — outros lançamentos da mesma casa.",in stock,new,299.00 BRL,,https://www.perfumearabe.com/produtos/lattafa-classic-stone/,https://dcdn-us.mitiendanube.com/stores/008/297/978/products/01-lattafa-classic-stone-0d504788d941d3fad917913388446317-1024-1024.webp,Lattafa,370388356
1607107434,Fakhar Platin Lattafa Eau de Parfum 100ml,"Resumo ★ 4,12 no Fragrantica · 833 votos Mais votado para o dia e os dias quentes. 61% dia · primavera e verão Como é o cheiro do Fakhar Platin A saída é fresca e picante. A bergamota vem por cima, e a pimenta-rosa com o cardamomo esquentam logo atrás, sem nenhuma fruta doce na frente. O coração guarda a nota menos comum da pirâmide: goiaba. Ela aparece entre o gengibre e a lavanda e põe um doce de fruta tropical no meio do lado herbáceo, sem tomar conta. A base não adoça. Em vez de fava tonka ou baunilha, o Platin fecha em palo santo, incenso e sândalo, madeira com um fio de fumaça. Palo santo é uma madeira sul-americana de cheiro resinoso, usada também como incenso. Especificações Característica Detalhe Casa Lattafa Linha Fakhar Concentração Eau de Parfum Volume 100 ml Gênero Masculino (lattafa.com) ou unissex (lattafa-usa.com) Ano de lançamento 2025 Família olfativa Fougère Amadeirado Frutal Topo Bergamota, pimenta-rosa, cardamomo Coração Gengibre, lavanda, goiaba Fundo Palo santo, incenso, sândalo Para quem e quando usar o Fakhar Platin Lattafa Sugestão nossa: é um Fakhar para o dia. Bergamota e gengibre combinam com o calor, e a base de madeira e incenso, sem baunilha, é a que a gente indica para o abafado. Entre os Fakhar da loja, é o único com goiaba e palo santo, e não tem a tuberosa que aparece no Rose e no Gold. Quem já usa o Fakhar Black e quer um parente com fruta e fumaça no lugar da fava tonka tem aqui o caminho. Perguntas frequentes Fakhar Platin e Fakhar Platinum são o mesmo perfume? O nome oficial é Fakhar Platin, sem ""um"". No catálogo oficial da Lattafa nos EUA, a linha Fakhar tem Women (o que o mercado chama de Fakhar Rose), Black, Extrait e Platin, sem um ""Platinum"" separado. Algumas lojas americanas vendem este mesmo perfume como ""Pride - Fakhar Platin"". Qual a diferença entre o Fakhar Platin e o Fakhar Black? O Fakhar Black , de 2022, abre em maçã, tem sálvia e zimbro no coração e fecha em fava tonka, amberwood e vetiver. O Platin, de 2025, abre em pimenta-rosa e cardamomo, tem goiaba no coração e fecha em palo santo e incenso. Os dois dividem bergamota, gengibre e lavanda. E a diferença para o Fakhar Gold (Extrait)? O Fakhar Gold (Fakhar Extrait) é de 2023, com toranja na saída, tuberosa e artemísia no coração e couro e cashmeran no fundo, e a Lattafa não declara a concentração dele. Com o Platin, divide só o cardamomo e a pimenta-rosa da abertura. O Fakhar Platin é masculino ou unissex? As duas lojas oficiais da Lattafa não concordam: a global põe o Platin como ""Men"", e a dos EUA como ""Unisex"". O Fragrantica fica com o unissex (""for women and men""). Tudo lido em 30/09/2026. O Fakhar Platin é original? O Fakhar Platin que vendemos é Lattafa original. Para conferir embalagem e lote da sua unidade, veja Perfume árabe original . Veja também Linha Fakhar da Lattafa — o guia da linha inteira. Fakhar Black , Fakhar Rose e Fakhar Gold — os outros Fakhar da loja. Perfume árabe masculino — a seleção masculina. Perfume árabe amadeirado — fundos de sândalo, cedro e incenso. Lattafa na loja — todos os Lattafa.",in stock,new,246.00 BRL,,https://www.perfumearabe.com/produtos/lattafa-fakhar-platin/,https://dcdn-us.mitiendanube.com/stores/008/297/978/products/01-lattafa-fakhar-platin-48b5a96989bfb7492317913385536725-1024-1024.webp,Lattafa,370388357
1607107438,Ishq Al Shuyukh Gold Lattafa Eau de Parfum Feminino 100ml,"Resumo ★ 4,17 no Fragrantica · 1,7 mil votos Mais votado para a noite e os dias frios. 66% noite · inverno e outono Especificações Característica Detalhe Casa Lattafa Concentração Eau de Parfum Volume 100 ml Gênero Feminino no site da Lattafa, que também o indica a homens Ano de lançamento 2022 Família olfativa Âmbar baunilhado Topo Caramelo, Açafrão Coração Camurça (suede), Couro, Fava tonka Fundo Baunilha, Âmbar, Almíscar Como é o cheiro do Ishq Al Shuyukh Gold Lattafa O Ishq Al Shuyukh Gold é doce com um fio de couro por dentro. A saída põe caramelo quente ao lado do açafrão, estigma seco da flor Crocus sativus, de cheiro agridoce, courado e terroso, que dá ao caramelo um toque especiado e quase medicinal. O coração tem camurça (suede), couro e fava tonka: a camurça e o couro secam a doçura com um contraste animálico, e a fava tonka puxa de volta para o lado de amêndoa e baunilha. A base é de baunilha, âmbar e almíscar, um fundo ambarado que mantém o caramelo da saída presente até o final. Sobre o gênero: o lattafa.com traz ""Fragrance type: Women"" e, na descrição, chama o perfume de ""fragrance for women and men""; o Fragrantica o lista para mulheres e homens (""for women and men""). Para quem e quando É para quem gosta de âmbar e baunilha com um traço de couro, um doce que não fica infantil por causa da camurça. Sugestão nossa: caramelo, baunilha e âmbar ficam pesados no mormaço brasileiro; o Gold rende melhor em noite fresca ou inverno, e no verão uma ou duas borrifadas bastam. Fixação e projeção No Fragrantica, 656 dos 1.119 votos de usuários classificam a fixação do Ishq Al Shuyukh Gold como longa (""long lasting"") e 230 como eterna (""eternal""); na projeção, 569 de 1.078 votos marcam forte (""strong"") e 122, enorme (""enormous""), em leitura de 30/09/2026. São votos de quem usou o perfume, não medição de laboratório; o resultado varia com o tipo de pele e o clima. Perguntas frequentes O Ishq Al Shuyukh Gold tem cheiro de couro? Tem, no coração: a Lattafa lista camurça (suede) e couro entre as notas centrais, e o açafrão da saída já anuncia esse lado courado. O couro aparece envolvido por caramelo e fava tonka, não seco como num perfume de couro puro. O Ishq Al Shuyukh Gold é muito doce? É um dos lados fortes dele: caramelo na saída, fava tonka no coração e baunilha na base somam três notas doces na pirâmide. O que equilibra são a camurça, o couro e o açafrão. Qual a diferença entre o Ishq Al Shuyukh Gold e o Khamrah? Dividem só fava tonka e baunilha. O Khamrah vai por canela, noz-moscada, tâmaras e praliné, um doce especiado; o Ishq Al Shuyukh Gold vai por caramelo, açafrão, camurça e couro. Também não se confunde com o Ishq Al Shuyukh Silver, outro perfume da Lattafa. O Ishq Al Shuyukh Gold é feminino, masculino ou unissex? O site da Lattafa (lattafa.com/product/ishq-al-shuyukh-gold/) traz ""Fragrance type: Women"" e, na descrição do produto, ""fragrance for women and men""; o Fragrantica o lista para mulheres e homens (as duas páginas consultadas em 30/09/2026). O Ishq Al Shuyukh Gold é original? É Lattafa original. Em Perfume árabe original explicamos o que olhar na caixa e no frasco do Gold quando ele chegar. Veja também Perfume árabe baunilha — outros perfis baunilhados. Perfume árabe unissex — outras opções unissex. Lattafa na loja — toda a seleção da casa. Khamrah Lattafa — outro oriental baunilhado da casa, com canela e tâmaras. Khamrah Qahwa Lattafa — a versão da linha Khamrah com café.",in stock,new,275.00 BRL,,https://www.perfumearabe.com/produtos/lattafa-ishq-al-shuyukh-gold/,https://dcdn-us.mitiendanube.com/stores/008/297/978/products/01-lattafa-ishq-al-shuyukh-gold-dc768fa9294d196f7917913388660455-1024-1024.webp,Lattafa,370388358
1607107442,Maahir Honor Lattafa Eau de Parfum Unissex 100ml,"Resumo ★ 4,32 no Fragrantica · 288 votos Mais votado para o dia e os dias quentes. 79% dia · verão e primavera Como é o cheiro do Maahir Honor Hortelã e limão abrem juntos, com bergamota e tomilho. Leitura nossa pela pirâmide: o tomilho e, no coração, o alecrim puxam a hortelã para o lado de erva de cozinha, longe da menta doce de bala. O coração continua verde com alecrim e lavanda, e o jasmim põe uma flor branca discreta no meio das ervas. A flor de moringa, nota pouco vista em perfume, fecha esse miolo. O fundo tem só três notas, almíscar, cedro e âmbar, e nenhuma delas é baunilha ou resina doce: a base não adoça o conjunto. Sobre a família, o Fragrantica o classifica como cítrico aromático, e o Wikiparfum e o PerfumeStars, como fougère aromático; aqui seguimos o Fragrantica. Especificações Característica Detalhe Casa Lattafa Linha Maahir Concentração Eau de Parfum Volume 100 ml Gênero Unissex Ano de lançamento 2025 Família olfativa Cítrico Aromático Topo Hortelã, limão, bergamota, tomilho Coração Alecrim, jasmim, lavanda, flor de moringa Fundo Almíscar, cedro, âmbar Para quem e quando usar o Maahir Honor Lattafa Sugestão nossa: pela hortelã e pelo limão na saída e pela base sem doce, é perfume de calor, de manhã, de academia e de fim de semana na praia. Para uma noite fria, a pirâmide pede outro perfil. É para quem quer um perfume árabe verde e herbáceo, sem oud, sem couro e sem baunilha, e para quem gosta de cheiro de horta: tomilho, alecrim e hortelã estão todos aqui. Perguntas frequentes O Maahir Honor é parecido com o Xerjoff Torino21? O blog ScentClones, escrito por um autor só, põe o Maahir Honor em primeiro lugar numa lista de perfumes parecidos com o Xerjoff Torino21, descreve a saída como ""uma explosão de mojito, com limão, hortelã amassada e tomilho"" e o chama de ""a atual alternativa peso-pesado ao Torino 21"". O mesmo texto avisa que nenhum dos perfumes da lista é idêntico ao Torino21. Maahir, Maahir Legacy e Maahir Honor: qual a diferença? São perfumes diferentes com o mesmo nome de linha. O Maahir saiu em 2019 e o Maahir Legacy em 2023; o Honor, de 2025, é o de hortelã, tomilho e alecrim desta página. Existe ainda o Maahir Black, outro registro. É parecido com o Art of Arabia I ou o Club de Nuit Iconic? Os três têm hortelã na saída. O Art of Arabia I segue para chá preto e canela, e o Club de Nuit Iconic , para gengibre, melão e incenso. O Maahir Honor é o único dos três com tomilho e alecrim. O Maahir Honor é original? Sim: o Maahir Honor que vendemos é Lattafa original, e em Perfume árabe original mostramos o que conferir na sua unidade. Veja também Perfume árabe fresco — cítricos e aromáticos para o calor. Perfume árabe unissex — outros perfumes sem recorte de gênero. Art of Arabia I — hortelã com chá preto e canela. Club de Nuit Iconic — hortelã com toranja e melão, da Armaf. Lattafa na loja — todos os Lattafa.",in stock,new,253.00 BRL,,https://www.perfumearabe.com/produtos/lattafa-maahir-honor/,https://dcdn-us.mitiendanube.com/stores/008/297/978/products/01-lattafa-maahir-honor-17dc3949004737524217905881516595-1024-1024.png,Lattafa,370388359
1607107446,Qaed Al Fursan Lattafa Eau de Parfum 90ml,"Resumo ★ 4,21 no Fragrantica · 7,7 mil votos Mais votado para o dia e os dias quentes. 62% dia · verão e primavera Especificações Casa Lattafa Concentração Eau de Parfum Tamanho 90 ml Gênero Masculino (lattafa.com) ou unissex (lattafa-usa.com) Ano de lançamento 2016 Família olfativa Oriental Amadeirado Notas de topo Abacaxi, Açafrão Notas de coração Bálsamo de abeto, Jasmim Notas de fundo Cedro, Âmbar, Agarwood (Oud) Como é o cheiro Abacaxi e açafrão não costumam andar juntos, e é esse choque que abre o Qaed Al Fursan: a fruta doce de um lado, a especiaria quente e seca do outro. No meio, o bálsamo de abeto (resina de conífera, de cheiro balsâmico e um pouco verde) divide espaço com o jasmim, metade resina, metade flor. Cedro, âmbar e oud (madeira resinosa muito usada na perfumaria árabe) fecham num fundo amadeirado e quente, bem longe da fruta do começo. Para quem e quando É para quem gosta de oriental amadeirado com um toque de fruta no começo. Sugestão nossa: o oud e o âmbar do fundo pedem noite ou frio; no calor úmido do Brasil, o abacaxi da saída é a parte que melhor conversa com o dia. Perguntas frequentes O Qaed Al Fursan é original? Sim: lacre de fábrica fechado e lote impresso, do jeito que sai da Lattafa. Ao abrir o pacote, a página de originalidade ajuda a conferir cada ponto. Qual a diferença entre o Qaed Al Fursan, o Unlimited e o Untamed? Este é o Qaed Al Fursan original, de 2016, em 90 ml. O Unlimited (2022) é floral frutal gourmand, e o Untamed é de 2025. Cada um tem pirâmide própria, então confira o nome no frasco antes de comparar. O Qaed Al Fursan é masculino ou feminino? Depende de qual loja da Lattafa se lê. No lattafa.com, o tipo é ""Men"", embora a descrição fale em ""fragrance for women and men""; na lattafa-usa.com, o tipo é ""Unisex"", com a mesma descrição. No Fragrantica, aparece como unissex (""vůně pro ženy a muže"", edição tcheca). Leituras de 30/09/2026. O abacaxi deixa o Qaed Al Fursan doce? Só na saída. O abacaxi é a única fruta da pirâmide e divide o topo com o açafrão; depois dele vêm resina de abeto, jasmim e um fundo de cedro, âmbar e oud, e o conjunto fica no oriental amadeirado, não no frutal. O Qaed Al Fursan tem oud? Tem, no fundo: o agarwood, nome da madeira de onde vem o oud, está ao lado do cedro e do âmbar. Ele não aparece na abertura, que é de abacaxi e açafrão. Que cheiro tem o Qaed Al Fursan? Começa frutal e especiado, com abacaxi e açafrão, passa por um coração de resina e jasmim e termina amadeirado, com cedro, âmbar e oud. Veja também Perfume árabe unissex — perfumes para todo mundo, sem recorte de gênero. Perfume árabe amadeirado — famílias de madeira e resina. Perfume oud — mais perfumes com oud no fundo. Lattafa na loja — toda a seleção da casa do Qaed Al Fursan. Emeer Lattafa — unissex amadeirado, mais cítrico e herbal. Al Noble Wazeer Lattafa — unissex da Lattafa, com maçã e conhaque na abertura. Al Noble Safeer Lattafa — outro unissex da Lattafa: grapefruit e gengibre na saída, caramelo e jasmim no meio.",in stock,new,225.00 BRL,,https://www.perfumearabe.com/produtos/lattafa-qaed-al-fursan/,https://dcdn-us.mitiendanube.com/stores/008/297/978/products/01-lattafa-qaed-al-fursan-f08c336c3da2d5869817913389168240-1024-1024.webp,Lattafa,370388361
1607107449,Teriaq Lattafa Eau de Parfum Feminino 100ml,"Resumo ★ 3,73 no Fragrantica · 3,3 mil votos Vai do dia à noite, com destaque nos dias frios. 58% noite · outono e inverno Especificações Casa Lattafa Concentração Eau de Parfum Tamanho 100 ml Gênero Feminino (lattafa.com e lattafa-usa.com); a descrição da Lattafa diz ""for women and men"" Ano de lançamento 2024 Família olfativa Gourmand Doce Notas de topo Caramelo, Amêndoa amarga, Damasco, Pimenta-rosa Notas de coração Mel, Ruibarbo, Flores brancas, Rosa Notas de fundo Couro, Baunilha, Almíscar, Labdano, Vetiver Como é o cheiro do Teriaq Lattafa O Teriaq abre com caramelo e amêndoa amarga, um doce de confeitaria encorpado; o damasco deixa a saída mais macia e a pimenta-rosa dá uma picada quente por cima do açúcar. No meio, o mel ganha o centro ao lado do ruibarbo, que é o contraponto azedinho, e de flores brancas com rosa. A combinação de mel com flor é o que separa o Teriaq de um gourmand só de baunilha. A base reúne couro, baunilha, almíscar, labdano e vetiver: o couro e o vetiver secam o mel e impedem que a doçura fique melada. Esta é a versão Eau de Parfum original do Teriaq, assinada pelo perfumista Quentin Bisch, e não o Teriaq Intense (pirâmide própria, com açafrão, ameixa e canela) nem o Teriaq Lattafa Mist, que vieram depois com nomes parecidos. Para quem e quando É para quem procura um gourmand com mel e baunilha à frente e aceita um fundo de couro. A Lattafa o cadastra como feminino (""Fragrance type: Women"" no lattafa.com e ""type: Women"" no lattafa-usa.com), mas a descrição nos dois sites diz ""fragrance for women and men"" (lidos em 30/09/2026). Sugestão nossa: caramelo, mel e baunilha juntos pesam no abafado do verão brasileiro; o Teriaq rende mais conversa em noite de inverno ou em ambiente com ar-condicionado, e em dia quente uma borrifada basta. Fixação e projeção O blog ScentClones relata de 7 a 12 horas na pele, com baunilha e couro ainda perceptíveis nos pulsos depois de 10 horas. Na mesma review, a projeção fica a um braço de distância nas primeiras 3 a 4 horas e depois recua para perto da pele. É o teste de um autor, não uma média de usuários; pele e temperatura mudam esse número. Lembra algum perfume famoso? A review da ScentClones compara o Teriaq ao Amouage Guidance, perfume de nicho, e diz que ele captura o ""abraço de mel emocional"" do Guidance por uma fração do preço. A comparação é de um resenhista que testou os dois perfumes. Perguntas frequentes O Teriaq é original? Sim, é o Teriaq da própria Lattafa. Veja como conferimos O Teriaq tem cheiro de mel? Tem, e é o mel que dá a cara dele: aparece no meio da evolução, junto do ruibarbo e das flores brancas, depois da saída de caramelo e amêndoa amarga. Qual perfumista criou o Teriaq? Quentin Bisch, o mesmo nariz do Teriaq Intense. Os dois têm pirâmides diferentes, então assinar os dois não quer dizer que cheiram igual. O Teriaq é comparado a qual perfume? Ao Amouage Guidance, na review do blog ScentClones, pelo mel. É a opinião de um resenhista, sem votação de usuários por trás. Qual a diferença entre o Teriaq e o Teriaq Intense? Este é o Teriaq Eau de Parfum original, com caramelo, mel e baunilha. O Intense tem pirâmide própria, com açafrão, ameixa e canela; o Teriaq Lattafa Mist também é outro produto. Veja também Perfume árabe unissex — outras opções sem recorte de gênero. Perfume árabe doce — outros perfis gourmand como o Teriaq. Lattafa na loja — outros lançamentos da mesma casa.",in stock,new,362.00 BRL,,https://www.perfumearabe.com/produtos/lattafa-teriaq/,https://dcdn-us.mitiendanube.com/stores/008/297/978/products/01-lattafa-teriaq-4ec3e806379ef483df17913389328686-1024-1024.webp,Lattafa,370388362
1607107456,Perseus Maison Alhambra Eau de Parfum Masculino 100ml,"Resumo ★ 4,00 no Fragrantica · 697 votos Vai do dia à noite, com destaque nos dias frios. 54% noite · outono e inverno Especificações Característica Detalhe Casa Maison Alhambra Concentração Eau de Parfum Volume 100 ml Gênero Masculino Ano de lançamento 2022 Família olfativa Aromático (segundo o Fragrantica) Topo Heliotrópio, cominho, bergamota Coração Amêndoa, lavanda, jasmim Fundo Baunilha, âmbar, sândalo Pirâmide olfativa conforme o Fragrantica. Como é o cheiro do Perseus Maison Alhambra O Perseus é um masculino que puxa para o doce de amêndoa, com um cominho seco no meio do caminho. Na saída, a bergamota dá o cítrico, o cominho põe a especiaria e o heliotrópio, flor de cheiro doce e empoado que lembra baunilha e amêndoa, já anuncia o resto. O coração junta amêndoa, lavanda e jasmim: a amêndoa deixa o cheiro cremoso, a lavanda segura o lado aromático e o jasmim entra discreto. A base fica em baunilha, âmbar e sândalo, doce e macia, com o sândalo dando a madeira cremosa. Na página do Fragrantica, os acordes que mais aparecem, nesta ordem, são baunilha, amêndoa e empoado. Para quem e quando É para o homem que quer lavanda e bergamota num perfume de lado cremoso; quem procura um amadeirado seco pode achar o Perseus mais doce do que imagina. Sugestão nossa: a baunilha e a amêndoa crescem no calor úmido, então no verão brasileiro vale uma aplicação leve; em noite fresca ou ambiente com ar-condicionado, o heliotrópio e a lavanda aparecem melhor. Perguntas frequentes O Perseus Maison Alhambra é aromático, amadeirado ou doce? O Fragrantica o classifica como aromático. Entre os acordes que ele lista, os que mais aparecem são baunilha e amêndoa, então o cheiro tem bastante doçura; a lavanda e a bergamota trazem o lado aromático, e o sândalo fica no fundo. De onde vem o lado empoado do Perseus? Principalmente do heliotrópio da saída, uma flor de cheiro doce e empoado que conversa com a amêndoa do coração. No Fragrantica, ""empoado"" é o terceiro acorde mais votado, logo depois de baunilha e amêndoa. Onde entra o cominho no Perseus Maison Alhambra? Na saída, ao lado do heliotrópio e da bergamota. É a única especiaria da pirâmide, e no Fragrantica ""especiado fresco"" é o quarto acorde da lista, depois de baunilha, amêndoa e empoado. Leitura nossa: o cominho tempera o doce da abertura em vez de dominá-lo. Qual a diferença entre o Perseus e o Perseus Exclusif? Este é o Perseus original, lançado em 2022, com heliotrópio, cominho e bergamota na abertura; o Perseus Exclusif é outro lançamento da mesma casa, de 2023. Esta página é exclusivamente sobre o Perseus original. O Perseus Maison Alhambra é original? É Maison Alhambra original. Para saber o que conferir na caixa do seu Perseus, veja Perfume árabe original . Veja também Salvo Maison Alhambra — outro masculino da mesma casa, perfil Oriental Fougère. Sceptre Malachite Maison Alhambra — outro lançamento da mesma casa, em perfil unissex. Perfume árabe masculino — outras opções masculinas. Maison Alhambra — todos os perfumes da casa que a loja tem, o Perseus entre eles.",in stock,new,204.00 BRL,,https://www.perfumearabe.com/produtos/maison-alhambra-perseus/,https://dcdn-us.mitiendanube.com/stores/008/297/978/products/01-maison-alhambra-perseus-a0a45e62be1b11b0b917906519055357-1024-1024.png,Maison Alhambra,370388367
1607109371,Turathi Electric Afnan Eau de Parfum Unissex 90ml,"Resumo ★ 4,05 no Fragrantica · 1,9 mil votos Mais votado para o dia e os dias quentes. 78% dia · verão e primavera Como é o cheiro do Turathi Electric A saída junta bergamota, pomelo rosa, tangerina e pera. O pomelo rosa, parente da toranja, traz o lado ácido e um fio de amargor; a pera responde com um doce aguado, de fruta madura. A abertura vive desse vaivém entre azedo e doce. O coração tem maçã e flor de laranjeira, e o cedro entra por baixo como uma linha de madeira seca. A maçã fica crocante, não em calda, porque a madeira segura o açúcar da fruta. No fundo, a Afnan lista baunilha, âmbar seco, almíscar e ambroxan. ""Seco"" é a palavra da própria casa para o âmbar, e combina com o cedro que vem do coração. O ambroxan é uma molécula sintética de cheiro amadeirado e levemente salgado, associada ao âmbar-cinza; o Fragrantica, aliás, não o inclui na pirâmide. Especificações Característica Detalhe Casa Afnan Linha Turathi Concentração Eau de Parfum Volume 90 ml Gênero Unissex Ano de lançamento 2025 Família olfativa Aromático Frutado Topo Bergamota, pomelo rosa, pera, tangerina Coração Maçã, cedro, flor de laranjeira Fundo Baunilha, âmbar seco, almíscar, ambroxan Para quem e quando usar o Turathi Electric Afnan Sugestão nossa: é um frutado de dia. No verão brasileiro, o melhor dele está na saída de pomelo e tangerina, que combina com manhã quente, faculdade e trabalho; à noite, ou em sala com ar-condicionado, quem aparece mais é a dupla baunilha e âmbar seco. Serve a quem procura um perfume árabe de fruta cítrica em vez de resina, couro ou oud, e a quem quer dividir o mesmo frasco em casa, já que não tem recorte de gênero. Perguntas frequentes Turathi Electric e Turathi Blue são o mesmo perfume? Não, são dois perfumes da mesma linha da Afnan. O Turathi Blue , de 2021, é masculino e aromático aquático, com bergamota e mandarina na saída, âmbar e notas amadeiradas no coração e patchouli no fundo. O Electric, de 2025, é unissex e troca esse miolo por maçã, cedro e flor de laranjeira. Existe ainda o Turathi Brown, outra versão da linha. O Turathi Electric é doce? É doce de fruta, não de confeitaria: não há caramelo, mel nem praliné na pirâmide. A baunilha só aparece na base, ao lado do âmbar seco e do almíscar. O Turathi Electric tem cheiro de maçã? Tem. Na lista da Afnan, a maçã é uma das três notas do coração, com cedro e flor de laranjeira. Antes dela vem a pera, junto dos cítricos, então a fruta aparece em duas etapas: pera na saída e maçã no meio. O Turathi Electric é masculino ou feminino? A Afnan o classifica como unissex. Algumas lojas brasileiras anunciam o Electric como masculino, mas esse recorte não vem da casa. O Turathi Electric é original? O Turathi Electric que vendemos é Afnan original; o que dá para conferir na caixa e no frasco da sua unidade está em Perfume árabe original . Veja também Turathi Blue — o Turathi masculino e aquático, de 2021. Perfume árabe unissex — outros perfumes sem recorte de gênero. Perfume árabe fresco — cítricos e frutados para o calor. Perfume árabe baunilha — quando a baunilha é o centro, e não só a base. Perfumes Afnan — a casa do Turathi, do 9PM e do Supremacy.",in stock,new,350.00 BRL,,https://www.perfumearabe.com/produtos/afnan-turathi-electric/,https://dcdn-us.mitiendanube.com/stores/008/297/978/products/01-afnan-turathi-electric-076867a7c975cce6d617905881424155-1024-1024.png,Afnan,370388937
1607109376,Odyssey Mandarin Sky Armaf Eau de Parfum Masculino 100ml,"Resumo ★ 4,22 no Fragrantica · 4,7 mil votos Votos divididos entre dia e noite. 52% noite · inverno e outono Como é o cheiro do Odyssey Mandarin Sky A saída é de tangerina e laranja, mas não fica só no suco: a sálvia deixa o cítrico mais herbal, e o açafrão põe um tempero leve por cima. O coração muda o perfume de lado. Caramelo e fava tonka puxam para o gourmand, a família de notas que lembram doce de comer, e a tagetes, flor que no Brasil se chama cravo-de-defunto, entra com um verde meio picante que corta o açúcar. Tangerina com caramelo é o par que define o Mandarin Sky; o resto da pirâmide existe para equilibrar esse encontro. O Fragrantica chama a tagetes de ""marigold"", e é a mesma flor. A base volta ao seco com vetiver e cedro. O ambroxan, molécula sintética de cheiro amadeirado e um pouco salgado, fecha por baixo como madeira limpa. Especificações Característica Detalhe Casa Armaf Concentração Eau de Parfum Volume 100 ml Gênero Masculino Ano de lançamento 2023 Família olfativa Fresco Cítrico-Amadeirado com fundo Gourmand Topo Sálvia, tangerina, laranja, açafrão Coração Caramelo, fava tonka, tagetes (cravo-de-defunto) Fundo Vetiver, cedro, ambroxan Para quem e quando usar o Odyssey Mandarin Sky Sugestão nossa: é perfume do fim da tarde em diante e de dias amenos. A saída cítrica engana, porque o caramelo chega logo depois; no abafado do verão brasileiro, aplique menos do que aplicaria num cítrico puro e deixe o doce aparecer aos poucos. Combina com quem gosta de cítrico mas sente falta de um doce por baixo, e com quem acha seco demais o masculino de lavanda e madeira. Perguntas frequentes Qual a diferença entre o Mandarin Sky, o Elixir e a Vintage Edition? No Fragrantica, são três registros diferentes. O Mandarin Sky Elixir saiu em 2025, e a Vintage Edition, de 2026, troca o caramelo por notas florais. Esta página é a do Eau de Parfum de 2023, o que tem caramelo e fava tonka no coração. O Odyssey Mandarin Sky é um Club de Nuit? Não. Os dois são da Armaf, mas o nome oficial é Odyssey Mandarin Sky, sem ""Club de Nuit"". Pela lista de notas, o Club de Nuit da loja que mais se aproxima dele é o Urban Man Elixir , que também tem tagetes, cedro e ambroxan. Por que o nome é ""Mandarin Sky""? ""Mandarin"" é tangerina em inglês, e é ela que abre o perfume, ao lado da laranja. O Odyssey Mandarin Sky é original? Sim, o Mandarin Sky que vendemos é Armaf original. O guia para conferir caixa, frasco e lote da sua unidade está em Perfume árabe original . Veja também Perfume árabe masculino — a seleção masculina da loja. Perfume árabe doce — gourmands com caramelo, baunilha e mel. Perfume árabe amadeirado — fundos de cedro e vetiver. Armaf na loja — a casa do Odyssey e do Club de Nuit. Club de Nuit Urban Man Elixir — o Armaf com tagetes e ambroxan na pirâmide.",in stock,new,262.00 BRL,,https://www.perfumearabe.com/produtos/armaf-odyssey-mandarin-sky/,https://dcdn-us.mitiendanube.com/stores/008/297/978/products/01-armaf-odyssey-mandarin-sky-a37ec5c0dd7a49415817905728825001-1024-1024.png,Armaf,370388939
1607109380,Spectre Wraith French Avenue Eau de Parfum Masculino 80ml,"Resumo ★ 3,82 no Fragrantica · 1,1 mil votos Mais votado para a noite e os dias frios. 79% noite · inverno e outono Especificações Dado Informação Casa French Avenue Frasco Eau de Parfum, 80 ml Para quem Masculino, pela tag ""For Him"" e pela coleção ""For Him"" Lançamento 2024, segundo o Parfumo Estilo, pela casa Amadeirado, âmbar-baunilha, intensidade forte Notas de saída Rum, especiarias Notas de meio Café, vetiver, patchouli, sândalo Notas de fundo Cana-de-açúcar Como é o cheiro do Spectre Wraith Rum, café e açúcar de cana, com uma madeira seca por baixo. O rum e as especiarias formam a parte quente da saída; o café ocupa o meio, ao lado do vetiver (raiz de aroma que lembra terra, madeira e cítricos), do patchouli e do sândalo; a cana-de-açúcar é a única nota da base na lista da casa. A French Avenue o descreve como intoxicantemente doce, com um toque de especiaria, e diz que ele combina o calor do rum, a riqueza do café e a doçura da cana-de-açúcar, com um toque terroso que permanece. O Parfumo o chama de picante e gourmand e lista os acordes picante, gourmand, doce, resinoso e amadeirado. Para quem e quando usar o Spectre Wraith Sugestão nossa: pela doçura de rum, café e cana e pela intensidade forte que a casa indica, aplique com moderação e reserve o perfume para a noite ou para o tempo fresco. Quem prefere fundo seco ou cítrico vai encontrar outra proposta. Perguntas frequentes O Spectre Wraith cheira a café e a rum? O café é a nota central da pirâmide, no coração, e o rum abre a saída; os dois, com a cana-de-açúcar, são as três notas-chave que a French Avenue destaca. Não é só café e rum: na lista entram também vetiver, patchouli e sândalo. O Spectre Wraith é muito doce? A French Avenue o apresenta como intoxicantemente doce, com um toque de especiaria, e o Parfumo põe doce entre os acordes, ao lado de picante e gourmand. Na lista de notas, a cana-de-açúcar, na base, é a nota de perfil doce. O Spectre Wraith vem em 100 ml? A página do perfume na French Avenue lista 80 ml e não mostra outro tamanho. Esta página é do frasco de 80 ml. Dá para combinar o Spectre Wraith com outro perfume? A página da French Avenue tem um bloco ""Layer & Save"" que sugere o Liquid Brun junto com o Wraith. É uma sugestão da casa, sem descrição do resultado. O Spectre Wraith é forte? Quanto tempo dura? A casa classifica a intensidade como forte (""strong""). Não trazemos número de fixação aqui; no Parfumo (30/09/2026), 107 votos dão à fixação a média 7,8 e 106 votos dão à projeção a média 7,5, amostra pequena perto de outros perfumes da casa. O Spectre Wraith é masculino? Sim: a tag do produto é ""For Him"" e o site da casa o coloca na coleção ""For Him"". O Parfumo também o registra para homens. Veja também Perfume árabe masculino — outras opções masculinas, com notas e perfil lado a lado. Perfume árabe doce — perfumes de fundo adocicado, como o de cana-de-açúcar do Wraith. Spectre Ghost French Avenue — o outro Spectre da loja, picante e âmbar-floral. Liquid Brun French Avenue — outro lançamento da French Avenue, que a página da casa sugere combinar com o Wraith no bloco ""Layer & Save"" do perfume. Perfumes French Avenue — tudo o que a loja tem da French Avenue.",in stock,new,425.00 BRL,,https://www.perfumearabe.com/produtos/french-avenue-spectre-wraith/,https://dcdn-us.mitiendanube.com/stores/008/297/978/products/01-french-avenue-spectre-wraith-96639accc5183fb83b17905728992671-1024-1024.png,French Avenue,370388940
1607109385,Al Noble Wazeer Lattafa Unissex 100ml,"Resumo ★ 3,94 no Fragrantica · 672 votos Mais votado para a noite e os dias frios. 61% noite · inverno e outono Especificações Casa Lattafa Concentração Não informada pela Lattafa Tamanho 100 ml Gênero Unissex Ano de lançamento 2022 Notas de topo Maçã, Conhaque, Noz-moscada, Açafrão Notas de coração Uísque, Carvalho, Cedro, Sândalo Notas de fundo Almíscar, Mirra, Ambroxan, Baunilha Como é o cheiro do Al Noble Wazeer Lattafa O Wazeer tem duas bebidas na pirâmide: conhaque no topo e uísque no coração. A maçã doce e suculenta abre ao lado do conhaque, e noz-moscada e açafrão põem uma pitada de especiaria nesse destilado. O carvalho fica junto do uísque, e cedro e sândalo dão o corpo amadeirado. Por baixo, almíscar e mirra (resina de cheiro balsâmico e levemente amargo, usada há séculos em incensos árabes) se juntam a ambroxan e baunilha, e o doce volta no fim. Para quem e quando É para quem gosta de amadeirado com um lado alcoólico e doce, o tipo de perfume que lembra um bar de madeira. Sugestão nossa: o conhaque e a mirra pedem noite ou um dia frio de julho; no calor úmido do Brasil, uma aplicação menor evita que o destilado domine. Perguntas frequentes O Al Noble Wazeer é original? É. O Wazeer chega com o lacre fechado e o lote na caixa, e a página sobre originalidade explica onde olhar. O Al Noble Wazeer cheira a bebida alcoólica? Tem conhaque no topo e uísque no coração, além de carvalho, então o efeito de destilado envelhecido é parte da proposta. Ele vem misturado com maçã, especiarias, mirra e baunilha. Quais são as notas do Al Noble Wazeer? A Lattafa e o Fragrantica trazem as mesmas 12: maçã, conhaque, noz-moscada e açafrão; depois uísque, carvalho, cedro e sândalo; no fundo, almíscar, mirra, ambroxan e baunilha. A própria página da Lattafa tem, num outro bloco de texto, uma descrição com hortelã, íris e chocolate amargo que não bate com essa pirâmide; esta página segue a pirâmide. O Wazeer é masculino, feminino ou unissex? A Lattafa o apresenta como unissex, e o perfil de destilado, madeira e baunilha não pende para nenhum lado. Qual a diferença entre o Wazeer e o Safeer? Os dois são da linha Al Noble, da Lattafa, em frasco de 100 ml, e os dois estão catalogados como unissex. O Safeer é Eau de Parfum; a Lattafa não informa a concentração do Wazeer. O Wazeer é escuro e alcoólico, com conhaque, uísque e mirra. O Safeer é cítrico e picante na saída, com grapefruit, bergamota, gengibre e pimenta-preta, e tem caramelo e jasmim no coração. Veja também Perfume árabe unissex — perfumes que servem a homens e mulheres. Perfume árabe amadeirado — outros perfumes de carvalho, cedro e sândalo. Al Noble Safeer Lattafa — a outra ponta da linha Al Noble, com grapefruit, bergamota e gengibre na abertura. Lattafa na loja — o resto da seleção Lattafa. Qaed Al Fursan Lattafa — outro unissex da Lattafa, com cedro, âmbar e oud no fundo.",in stock,new,269.00 BRL,,https://www.perfumearabe.com/produtos/lattafa-al-noble-wazeer/,https://dcdn-us.mitiendanube.com/stores/008/297/978/products/01-lattafa-al-noble-wazeer-fe27e8f84f89fa177217905728855946-1024-1024.png,Lattafa,370388942
1607110618,Afnan 9AM Dive Eau de Parfum 100ml,"Resumo ★ 4,15 no Fragrantica · 3,7 mil votos Mais votado para o dia e os dias quentes. 83% dia · verão e primavera Como é o cheiro do Afnan 9AM Dive A saída junta limão, pimenta-rosa, menta e cassis: um cítrico frio e apimentado, em que a menta dá a sensação quase mentolada e o cassis põe fruta sem açúcar. O coração é de maçã, incenso e cedro. O incenso (resina da árvore Boswellia, balsâmica e um pouco fumada) é o que tira o 9AM Dive do aquático simples e dá profundidade à maçã. No fundo ficam patchouli, jasmim, gengibre e sândalo, madeira de cheiro suave e cremoso. O gengibre na base mantém um picante leve até o final. A pirâmide é a que a Afnan publica no site oficial. Especificações Casa Afnan Concentração Eau de Parfum Tamanho 100 ml Gênero Feminino e masculino Ano de lançamento 2022 Família olfativa Aromático Aquático Notas de topo Limão, Pimenta-rosa, Menta, Cassis Notas de coração Maçã, Incenso, Cedro Notas de fundo Patchouli, Jasmim, Gengibre, Sândalo Para quem e quando É para quem gosta de cítrico fresco na abertura e de um fundo amadeirado-floral discreto. A Afnan o apresenta para mulheres e homens. Sugestão nossa: o limão e a menta da saída combinam com manhã quente e dia de trabalho no verão brasileiro; para a noite, o incenso e o sândalo seguram o perfume, mas ele não perde o tom de frescor. Lembra algum perfume famoso? O site dupedrop.co chama o 9AM Dive de híbrido ""blue"" e o liga ao Bleu de Chanel, com o lado frutado e adocicado do YSL Y EDP e do Versace Eros. É a descrição editorial do site, sem resenhas de usuários por trás. Perguntas frequentes O Afnan 9AM Dive é original? Sim, é o 9AM Dive da própria Afnan. Veja como conferimos 9AM Dive e 9AM são o mesmo perfume? Não. O 9AM sem ""Dive"" é outro perfume da Afnan, floral e feminino. O 9AM Dive, de 2022, é o aromático aquático de limão, menta e incenso, vendido para mulheres e homens. O 9AM Dive é masculino ou unissex? A Afnan o apresenta para mulheres e homens; é unissex. O 9AM Dive lembra qual perfume? O dupedrop.co o descreve como uma mistura do DNA do Bleu de Chanel com o frutado do YSL Y EDP e do Versace Eros. É o texto do site, não votação de usuários. Qual a diferença entre o 9AM Dive e o 9PM? O 9AM Dive é aromático aquático, com limão, maçã e fundo de patchouli e sândalo, pensado para o dia. O 9PM tem maçã, canela e lavanda na abertura, com fundo de baunilha e âmbar, num perfil mais noturno. Veja também Perfume árabe original — toda a seleção Lattafa, Armaf e outras casas, por família e ocasião. Perfume árabe unissex — outras opções compartilháveis. 9PM Afnan — outro lançamento da mesma linha, em perfil mais noturno. Perfumes Afnan — todos os perfumes da casa lado a lado, com notas e perfil.",in stock,new,287.00 BRL,,https://www.perfumearabe.com/produtos/afnan-9am-dive/,https://dcdn-us.mitiendanube.com/stores/008/297/978/products/01-afnan-9am-dive-839f30aa084e74fb1a17913385588711-1024-1024.webp,Afnan,370389429
1607110627,Afnan Turathi Blue Eau de Parfum Masculino 90ml,"Resumo ★ 4,31 no Fragrantica · 8,4 mil votos Mais votado para o dia e os dias quentes. 68% dia · verão e primavera Como é o cheiro do Turathi Blue Um cítrico com madeira e um fundo levemente empoado. A lista da Afnan vai da bergamota e da mandarina a um meio de âmbar e madeira e a uma base de almíscar, patchouli e especiarias frescas. Na resenha do Scentimentalist (28/04/2025), o autor diz que, no final, as especiarias e o patchouli dão ao perfume um toque levemente empoado, de doçura equilibrada. A lista da Afnan não tem fruta além dos cítricos nem baunilha: o âmbar (acorde de cheiro doce, resinoso e quente) é a única nota de perfil doce. Especificações Dado Informação Casa Afnan Frasco Eau de Parfum, 90 ml Para quem Masculino: ""Homme"" no texto e tag ""Mens"" da Afnan Notas de topo Bergamota, Mandarina Notas de coração Âmbar, Notas amadeiradas Notas de fundo Almíscar, Patchouli, Notas especiadas frescas Para quem e quando usar o Turathi Blue O autor do Scentimentalist o considera uma escolha segura para escritório, encontros e academia. Sugestão nossa: a pirâmide não tem baunilha nem nota de sobremesa, e por isso ele tende a ser mais confortável no calor brasileiro do que os Afnan adocicados, como o 9PM . Comece com poucas borrifadas. Perguntas frequentes O Turathi Blue é o mesmo que o Turathi Blue Homme? Sim. O endereço da página na Afnan é turathi-blue-homme, o título é ""TURATHI BLUE"" e o texto abre com ""Homme EDP 90ML"". No mesmo site, o Turathi Electric é outro perfume, com bergamota, toranja-rosa, pera e tangerina no topo e baunilha, âmbar seco, almíscar e ambroxan no fundo. O Turathi Brown Homme também é outro, e o Turathi Red e o Purple aparecem como femininos. O Turathi Blue é de 90 ml ou de 100 ml? É de 90 ml. O texto da página da Afnan abre com ""Homme EDP 90ML"", e o gift set do Turathi Blue no catálogo também é de 90 ML. A página carrega ainda a tag ""100ML"", que não bate com o texto; seguimos o tamanho escrito. O Turathi Blue tem toranja? A lista da Afnan nomeia só bergamota e mandarina no topo. O autor do Scentimentalist diz sentir ""a burst of grapefruit"" no primeiro jato, mas é impressão dele: a lista de notas que o blog publica diz apenas ""Citruses"". O Turathi Blue é fresco ou doce? Os dois lados aparecem, com o fresco na frente. O Scentimentalist o chama de ""a fresh, slightly sweet blue fragrance"" e diz que o âmbar e a madeira o deixam doce e frutado ""in a very controlled, pleasant way"". O Parfumo o descreve como cítrico e fresco e lista os acordes cítrico, fresco, frutado, amadeirado e aquático. Quanto tempo o Turathi Blue dura na pele? No Scentimentalist, em resenha de 28/04/2025, o autor escreve: ""On my skin, it easily lasts over eight hours, with strong projection during the first two to three hours"". É o relato de uma pessoa. Já os votos do Parfumo, conferidos em 30/09/2026, ficam em 7,6 de 10 para a fixação (3.806 avaliações) e 7,4 para a projeção (3.789). O Turathi Blue é masculino? A Afnan o trata como masculino: ""Homme"" no texto da página e tag ""Mens"". O Parfumo o lista para homens. O autor do Scentimentalist escreve que ""it leans masculine, but its freshness makes it wearable for anyone who enjoys clean, modern blue scents"". Veja também Turathi Electric Afnan — o outro Turathi da loja, com pera e baunilha na lista da Afnan. Perfume árabe fresco — a categoria de perfumes de perfil fresco, onde o Turathi Blue se encaixa. Perfume árabe masculino — a categoria masculina da loja, para comparar com outros perfis. Afnan: guia da marca — a casa e as linhas 9PM, Turathi e Supremacy, no guia do blog. Perfumes Afnan — a lista dos Afnan da loja, na página da casa.",in stock,new,378.00 BRL,,https://www.perfumearabe.com/produtos/afnan-turathi-blue/,https://dcdn-us.mitiendanube.com/stores/008/297/978/products/01-afnan-turathi-blue-16a1c73ec23b1d1af117905881366724-1024-1024.png,Afnan,370389431
1607110628,Kit Badee Al Oud Collection 4x25ml Lattafa — 4 Perfumes de 25 ml,"Resumo Kit Badee Al Oud Collection 4x25 ml reúne os quatro perfumes da linha Bade'e Al Oud, da Lattafa (Oud for Glory, Honor & Glory, Sublime e Noble Blush), cada um em frasco de 25 ml, do amadeirado ao floral gourmand. O que vem no kit Bade'e Al Oud - Oud for Glory 25 ml (unissex, 2020) — âmbar amadeirado, com açafrão, oud e patchouli. Veja a versão avulsa: Badee Al Oud For Glory 25ml . Bade'e Al Oud Honor & Glory 25 ml (unissex, 2023) — gourmand especiado, com abacaxi, canela e baunilha. Veja: Badee Al Oud Honor & Glory 25ml . Bade'e Al Oud Sublime 25 ml (unissex, 2023) — amadeirado aromático, com maçã, lichia e patchouli. Veja: Badee Al Oud Sublime 25ml . Bade'e Al Oud Noble Blush 25 ml (feminino, 2024) — floral frutal gourmand, com leite de rosas, amêndoa e baunilha. Veja: Badee Al Oud Noble Blush 25ml . Como aproveitar os 4 frascos Os quatro perfumes do kit não foram feitos para aplicar juntos — cada um tem pirâmide e personalidade próprias. A ideia é revezar: um para o dia, outro para a noite, um mais floral, outro mais amadeirado. É um jeito de ter opção pronta na gaveta sem comprar quatro frascos de 100 ml de uma vez. Para quem e quando presentear O kit combina com quem ainda não decidiu qual das versões prefere, ou quer montar a coleção completa aos poucos. Três das quatro versões são unissex e uma é feminina (Noble Blush) — dá para presentear sem saber exatamente o gosto de quem recebe, porque o kit cobre registros bem diferentes entre si. Nos dias quentes e úmidos do Brasil, comece com poucas borrifadas em qualquer um dos quatro: o equilíbrio entre abertura e fundo de cada perfume está detalhado na página de cada um. Especificações Item Volume Gênero Ano Bade'e Al Oud - Oud for Glory 25 ml Unissex 2020 Bade'e Al Oud Honor & Glory 25 ml Unissex 2023 Bade'e Al Oud Sublime 25 ml Unissex 2023 Bade'e Al Oud Noble Blush 25 ml Feminino 2024 Perguntas frequentes O que vem no kit Badee Al Oud Collection 4x25ml? Os quatro perfumes da linha Bade'e Al Oud, cada um em frasco de 25 ml: Oud for Glory, Honor & Glory, Sublime e Noble Blush. Os 4 perfumes do kit devem ser usados juntos? Não. Cada um é um perfume independente, com pirâmide própria — a ideia do kit é ter as quatro opções para revezar conforme a ocasião, não misturar os frascos. O kit serve para presente? Sim. Com três versões unissex e uma feminina, cobre gostos diferentes numa única caixa, sem precisar acertar de primeira qual perfume a pessoa prefere. Dá para comprar cada frasco do kit separado? Sim, cada um dos quatro perfumes de 25 ml também é vendido avulso na loja, com página própria de notas e recomendação de uso. Veja também Kit perfume árabe — outros conjuntos Lattafa com miniatura e item de banho. Marca Lattafa — outros perfumes da casa. Badee Al Oud Amethyst — outra versão da linha Badee Al Oud. Bade'e Al Oud - Oud for Glory 100ml — a versão cheia de um dos quatro perfumes do kit. Perfume árabe unissex — outras opções sem recorte de gênero.",in stock,new,239.90 BRL,,https://www.perfumearabe.com/produtos/kit-lattafa-badee-al-oud-colecao-4x25ml/,https://dcdn-us.mitiendanube.com/stores/008/297/978/products/01-kit-lattafa-badee-al-oud-colecao-4x25ml-14ad98ebd071d6db2217905719468055-1024-1024.jpg,Lattafa,370389432
1607110636,Badee Al Oud - Oud for Glory Lattafa 25ml,"Resumo ★ 4,04 no Fragrantica · 8,5 mil votos Mais votado para a noite e os dias frios. 69% noite · inverno e outono Como é o cheiro A lista é a que a Lattafa publica para o Oud for Glory: açafrão, noz-moscada e lavanda na saída, oud e patchouli no coração, oud, patchouli e almíscar no fundo. A página da coleção 4x25 ml na Lattafa USA não traz pirâmide própria para os frascos pequenos, então esta é a do nome. Em resumo, é um amadeirado especiado, sem fruta na lista. O retrato completo está na página do frasco de 100 ml . Especificações Característica Detalhe Casa Lattafa Concentração não declarada pela casa Volume 25 ml (frasco da coleção Badee Al Oud 4x25 ml) Gênero Unissex Ano de lançamento 2020 Família olfativa Âmbar Amadeirado Notas de topo Açafrão, Noz-moscada, Lavanda Notas de coração Agarwood (Oud), Patchouli Notas de fundo Agarwood (Oud), Patchouli, Almíscar Para quem e quando Sugestão nossa: o 25 ml serve para provar na sua pele o Oud for Glory antes de assumir o frasco de 100 ml, ou para levar na bolsa. Como o frasco é pequeno, a escolha útil é qual dos quatro da coleção levar, e a página do kit mostra os outros três. Fixação e projeção Não trazemos número de fixação aqui, seja para o frasco de 25 ml, seja para o de 100 ml. O que você sente depende da pele, do tempo e da dose. Perguntas frequentes O frasco de 25 ml é o mesmo Oud for Glory do de 100 ml? Tem o mesmo nome, e a lista de notas que a Lattafa publica é a do nome Oud for Glory. A coleção na Lattafa USA (conferida em 30/09/2026) descreve os quatro como frascos de 25 ml de perfumes da linha Badee Al Oud, sem pirâmide por frasco; a diferença que podemos afirmar é o volume. O que muda entre o Oud for Glory e os outros três frascos da coleção? Os três têm notas próprias: o Honor & Glory traz abacaxi, crème brûlée, canela e baunilha; o Sublime, maçã, lichia, ameixa e jasmim; o Noble Blush, leite de rosas, merengue e amêndoa. O Oud for Glory é o único dos quatro sem fruta nem doce na lista de notas. Só o Noble Blush é classificado pela Lattafa como feminino. Vale testar o 25 ml antes de levar o 100 ml? Se a dúvida é como o Oud for Glory, com açafrão, lavanda e oud na lista publicada, assenta na sua pele, sim: o frasco pequeno serve para provar o nome. Se você já sabe que gosta de amadeirado denso, o de 100 ml é o mesmo nome em volume maior. O Oud for Glory de 25 ml vem junto com os outros três? Sim, a Lattafa o junta aos outros três no Badee Al Oud Collection 4x25 ml. A página do kit traz a lista completa. O Oud for Glory de 25 ml é original? Sim. O frasco de 25 ml que vendemos é o da coleção da Lattafa, e os sinais de lacre e de lote que valem olhar ao abrir a caixa estão em Perfume árabe original . Veja também Oud for Glory 100 ml — o mesmo nome no frasco de 100 ml. Kit Badee Al Oud 4x25 ml — a caixa que reúne este frasco e mais três. Perfume árabe amadeirado — onde ficam os amadeirados da loja. Marca Lattafa — a casa que assina a linha. Como passar perfume — guia de aplicação.",in stock,new,95.90 BRL,,https://www.perfumearabe.com/produtos/lattafa-badee-al-oud-for-glory-25ml/,https://dcdn-us.mitiendanube.com/stores/008/297/978/products/01-lattafa-badee-al-oud-for-glory-25ml-74d80f873f662910c417913858647012-1024-1024.webp,Lattafa,370389437
1607110639,Badee Al Oud Honor & Glory Lattafa 25ml,"Resumo ★ 4,13 no Fragrantica · 8,1 mil votos Votos divididos entre dia e noite. 51% dia · outono e inverno Como é o cheiro do Badee Al Oud Honor & Glory A lista mistura sobremesa e especiaria. Em vez de um cítrico na saída, o Honor & Glory põe abacaxi com crème brûlée, o creme de açúcar queimado. No coração, a canela vem com cúrcuma e pimenta-preta, especiarias quentes e secas, e o benjoim, uma resina de cheiro doce e baunilhado, faz a ligação com o fundo de baunilha e sândalo. O cashmeran é uma molécula sintética de cheiro amadeirado e macio, e o musgo fecha a lista com um lado de terra úmida. Leitura nossa: o abacaxi com caramelo queimado lembra calda de sobremesa, e a cúrcuma e a pimenta impedem que a doçura fique só de calda. Especificações Característica Detalhe Casa Lattafa Concentração não declarada pela casa Volume 25 ml (frasco da coleção Badee Al Oud 4x25 ml) Gênero Unissex Ano de lançamento 2023 Família olfativa Gourmand Especiado Notas de topo Abacaxi brûlée Notas de coração Cúrcuma, Canela, Pimenta-preta, Benjoim Notas de fundo Baunilha, Cashmeran, Sândalo, Musgo Para quem e quando Sugestão nossa: doce com especiaria pede tempo fresco ou ar-condicionado; no calor úmido, o abacaxi com baunilha tende a enjoar. O 25 ml é um jeito de ver se abacaxi com canela combina com você sem assumir um frasco grande. Fixação e projeção Não trazemos número de fixação nem relato de projeção do Honor & Glory: nenhuma resenha assinada e datada que reabrimos os sustenta. A pele e a temperatura do dia decidem o resto. Perguntas frequentes Honor & Glory e Oud for Glory são o mesmo perfume? Não. O Oud for Glory, de 2020, é o de açafrão, lavanda e oud; o Honor & Glory, de 2023, é o de abacaxi e canela. Os dois são da linha Bade'e Al Oud e têm o ""Glory"" no nome, o que gera a confusão. A página do outro está em Oud for Glory 25 ml . O Honor & Glory é masculino ou feminino? Unissex: a Amazon.com o anuncia como Unisex e o descreve como feminino e masculino ao mesmo tempo, na listagem lida em 30/09/2026. O único feminino entre os quatro frascos é o Noble Blush, segundo a classificação da Lattafa. Existe o Honor & Glory de 100 ml? Existe: a Lattafa também faz o Honor & Glory em frasco de 100 ml, que a Amazon.com lista com a lista de notas que seguimos aqui. Esta página é do frasco de 25 ml da coleção. O que o Honor & Glory tem que os outros três frascos da coleção não têm? É o único dos quatro com abacaxi, canela, cúrcuma e cashmeran na lista de notas. O Oud for Glory não tem fruta, o Sublime tem maçã e lichia, e o Noble Blush tem leite de rosas e merengue. O que é a nota de crème brûlée do Honor & Glory? Crème brûlée é a sobremesa francesa de creme de baunilha coberto por uma crosta de açúcar queimado. Como nota de perfume, a lista a põe na saída, ao lado do abacaxi. Leitura nossa: é o que dá ao perfume um lado de caramelo torrado logo de entrada. O Honor & Glory de 25 ml é original? Sim: o Honor & Glory de 25 ml que vendemos é da coleção da Lattafa, e Perfume árabe original explica como conferir caixa e lacre da sua unidade. Veja também Kit Badee Al Oud 4x25 ml — onde o Honor & Glory aparece ao lado dos outros da linha. Perfume árabe doce — a vitrine dos perfumes de sobremesa. Oud for Glory 25 ml — o outro ""Glory"" da linha, de açafrão e oud. Perfume árabe unissex — perfumes para qualquer pessoa, sem recorte de gênero. Marca Lattafa — o resto do catálogo da casa.",in stock,new,95.90 BRL,,https://www.perfumearabe.com/produtos/lattafa-badee-al-oud-honor-glory-25ml/,https://dcdn-us.mitiendanube.com/stores/008/297/978/products/01-lattafa-badee-al-oud-honor-glory-25ml-b3df1d8b6c0e0d9fa917913388338280-1024-1024.webp,Lattafa,370389439
1607110642,Badee Al Oud Noble Blush Lattafa Feminino 25ml,"Resumo Bade'e Al Oud Noble Blush 25 ml é um perfume feminino floral frutal gourmand: abre com leite de rosas, passa por merengue e amêndoa e termina em baunilha, sândalo e almíscar, no frasco da coleção 4x25 ml. Como é o cheiro É um perfume de confeitaria delicada. A Lattafa USA o descreve como ""uma fantasia doce e sonhadora"", com saída em leite de rosas, um coração de merengue aerado e amêndoa que traz uma riqueza ""macia e cremosa"", e uma base de baunilha, almíscar e sândalo que deixa um acabamento aveludado (tradução nossa, da página do produto conferida em 30/09/2026). Leitura nossa: a amêndoa com o merengue dá a textura de doce de colher, e o sândalo segura a baunilha para que o conjunto não fique só de açúcar. Especificações Característica Detalhe Casa Lattafa Concentração não declarada pela casa Volume 25 ml (frasco da coleção Badee Al Oud 4x25 ml) Gênero Feminino Família olfativa Floral Frutal Gourmand Topo Leite de rosas Coração Merengue, amêndoa Fundo Baunilha, sândalo, almíscar Para quem e quando Sugestão nossa: é um doce claro, sem especiaria nem madeira escura na lista, para quem gosta de baunilha com rosa e quer algo mais leve que um oriental de oud. No calor úmido o doce pode enjoar, então o ar-condicionado e as horas frescas favorecem. O frasco de 25 ml é a forma de conhecer o perfil antes de decidir por um tamanho maior. Fixação e projeção Não trazemos número de fixação aqui: nem resenha datada e assinada, nem contagem de votos, sustentam um número para o Noble Blush. Quem decide é a sua pele, o clima e a dose. Perguntas frequentes O Noble Blush é feminino ou unissex? A Lattafa USA o classifica como feminino na página do frasco de 100 ml, enquanto a coleção com os quatro frascos aparece lá como unissex. Listagens de revenda, como a da Amazon.com, o chamam de unissex. Seguimos a classificação da Lattafa para o perfume: feminino. Se a linha se chama Bade'e Al Oud, o Noble Blush tem oud? A lista de notas da Lattafa USA para o Noble Blush não traz oud: só leite de rosas, amêndoa, merengue, sândalo, baunilha e almíscar. Já o texto da coleção 4x25 ml, na mesma loja, fala em ""rich oud"" por baixo da doçura floral. As duas informações não batem, e a pirâmide que seguimos é a lista de notas. Qual a diferença entre o Noble Blush de 25 ml, o de 100 ml e o Perfume Mist? Segundo a Lattafa USA (30/09/2026), a casa faz o Noble Blush em frasco de 100 ml, em um Perfume Mist de 250 ml e em um set de presente com o frasco de 100 ml, um spray de viagem de 20 ml e um hair mist de 50 ml. O frasco desta página é o de 25 ml da coleção. O Noble Blush e o Honor & Glory são os dois doces da coleção. O que separa? O Noble Blush é de leite e creme: leite de rosas, merengue, amêndoa e baunilha. O Honor & Glory tem abacaxi, crème brûlée, canela e cúrcuma. Leitura nossa: um é doce de confeitaria clara e o outro, sobremesa quente e especiada. O que é o leite de rosas do Noble Blush? É o nome da nota de saída: a Lattafa escreve ""Rose Milk"" e fala da ""doçura delicada"" do leite de rosas (Lattafa USA, 30/09/2026). Leitura nossa: é uma rosa suave, de efeito lácteo, sem a acidez de uma rosa fresca. O Noble Blush de 25 ml é original? Sim: o Noble Blush de 25 ml que vendemos é o da Lattafa, e os pontos de lacre e lote a conferir estão em Perfume árabe original . Veja também Kit Badee Al Oud 4x25 ml — o conjunto em que o Noble Blush é o único feminino. Perfume árabe feminino — a vitrine de perfumes femininos. Perfume árabe doce — outros perfumes de sobremesa. Honor & Glory 25 ml — a sobremesa quente e especiada da coleção. Marca Lattafa — o resto dos lançamentos da casa.",in stock,new,95.90 BRL,,https://www.perfumearabe.com/produtos/lattafa-badee-al-oud-noble-blush-25ml/,https://dcdn-us.mitiendanube.com/stores/008/297/978/products/01-lattafa-badee-al-oud-noble-blush-25ml-6c06bf2ab948aca94817913858710461-1024-1024.webp,Lattafa,370389442
1607110648,Badee Al Oud Sublime Lattafa 25ml,"Resumo ★ 4,14 no Fragrantica · 3,2 mil votos Mais votado para o dia e os dias quentes. 70% dia · primavera e verão Como é o cheiro do Badee Al Oud Sublime A fruta domina a lista e o fundo é terroso. Maçã e lichia são frutas de polpa clara e doce, a rosa entra junto, e a ameixa, mais escura, faz a ponte com o jasmim do coração. Musgo e patchouli dão ao fim da lista um lado de sub-bosque úmido, e a baunilha adoça esse fundo sem escondê-lo. Leitura nossa: é uma fruta sem calda, já que a lista que seguimos não traz leite, creme nem caramelo; o patchouli segura a doçura da maçã com lichia. Especificações Característica Detalhe Casa Lattafa Concentração não declarada pela casa Volume 25 ml (frasco da coleção Badee Al Oud 4x25 ml) Gênero Unissex Ano de lançamento 2023 Família olfativa Amadeirado Aromático Topo Maçã, lichia, rosa Coração Ameixa, jasmim Fundo Baunilha, musgo, patchouli Para quem e quando Sugestão nossa: é para quem gosta de fruta doce, mas não quer perfume de sobremesa, porque o patchouli e o musgo puxam para terra. A fruta clara é mais fácil no calor do que um doce cremoso. O frasco de 25 ml serve para ver se o patchouli por baixo da maçã combina com a sua pele. Fixação e projeção Não trazemos número de fixação aqui: sem resenha assinada e datada nem votos contados, qualquer número para o Sublime seria palpite. Pele, temperatura e dose mudam o resultado. Perguntas frequentes Por que a lista de notas do Sublime muda de um site para outro? Na própria página do Sublime na Lattafa há dois blocos. O texto do perfume lista maçã, lichia e rosa, ameixa e jasmim, baunilha, musgo e patchouli. A caixa ""Fragrance Notes"" lista ameixa e maçã, magnólia, jasmim, nota solar, labdano e âmbar, almíscar, musgo e oud caramelizado. A Lattafa USA repete o texto do perfume. Seguimos o primeiro, que é também a descrição (conferido em 30/09/2026). O Sublime é masculino ou feminino? Unissex: o Sublime aparece no site da Lattafa como ""Fragrance type: Unisex"", e a Lattafa USA o classifica da mesma forma. Existe o Sublime de 100 ml? Existe: a Lattafa e a Lattafa USA listam o Sublime em 100 ml, além do frasco de 25 ml da coleção 4x25 ml, de um set de presente e de um All Over Spray de 150 ml. Esta página é do frasco de 25 ml. O que o Sublime tem que os outros três frascos da coleção não têm? É o único dos quatro com maçã, lichia e ameixa na lista. O Honor & Glory tem abacaxi, o Noble Blush tem leite de rosas e o Oud for Glory não tem fruta. O Sublime de 25 ml tem as mesmas notas do de 100 ml? O nome e a lista de notas são os que a Lattafa publica para o Sublime. O texto da coleção, no site dela nos EUA, só nomeia os quatro perfumes e não dá notas por frasco; por isso a única diferença que afirmamos é o volume. O Sublime de 25 ml é original? Sim. O Sublime de 25 ml que vendemos vem da coleção da Lattafa. Perfume árabe original lista o que observar no lacre, no lote e na caixa quando ele chegar. Veja também Kit Badee Al Oud 4x25 ml — a coleção completa dos quatro frascos pequenos. Perfume árabe amadeirado — a vitrine dos amadeirados da loja. Perfume árabe unissex — a vitrine sem recorte de gênero. Honor & Glory 25 ml — o frutado com especiaria da mesma coleção. Marca Lattafa — a casa por trás da linha Bade'e Al Oud.",in stock,new,95.90 BRL,,https://www.perfumearabe.com/produtos/lattafa-badee-al-oud-sublime-25ml/,https://dcdn-us.mitiendanube.com/stores/008/297/978/products/01-lattafa-badee-al-oud-sublime-25ml-4c56f0e162a32db7a017913388393708-1024-1024.webp,Lattafa,370389446
1607110651,Fakhar Gold (Fakhar Extrait) Lattafa 100ml,"Resumo ★ 4,15 no Fragrantica · 1,5 mil votos Vai do dia à noite, com destaque nos dias frios. 58% noite · outono e inverno Como é o cheiro: notas do Fakhar Gold (Fakhar Extrait) O Fakhar Extrait é um perfume de perfil seco. A parte cítrica é de grapefruit, cardamomo e pimenta-rosa: um cítrico apimentado, mais seco e menos doce do que um cítrico comum. No coração, a tuberosa dá um floral intenso, as notas solares entram ao lado e a artemísia soma um verde herbal levemente amargo. Âmbar e couro sustentam a base, junto do cashmeran (molécula sintética de cheiro especiado, almiscarado e amadeirado, usada para dar sensação de caxemira macia) e do labdano (resina que compõe o acorde âmbar clássico): um fundo seco, quente e com textura de couro. Especificações Casa Lattafa Nome oficial Fakhar Extrait (o varejo o vende também como Fakhar Gold) Concentração Não declarada pela Lattafa na página do produto (""Extrait"" faz parte do nome). A loja da Lattafa nos EUA o anuncia como ""Edp Spray"" e revendas listam EDP Tamanho 100 ml Gênero A Lattafa declara dois: ""Unisex"" no site global (lattafa.com) e ""Men"" na loja oficial dos EUA (lattafa-usa.com) Ano de lançamento 2023 Frasco Dourado, com medalhão preto na tampa e faixa preta no gargalo (foto oficial da Lattafa) Notas de topo grapefruit, cardamomo, pimenta-rosa Notas de coração tuberosa, notas solares, artemísia Notas de fundo âmbar, cashmeran, couro, labdano Para quem e quando usar Combina com quem gosta de um cítrico apimentado na abertura e de um fundo seco de âmbar e couro. Sugestão nossa: funciona bem à noite e em ambientes fechados; com o grapefruit no topo, dá para usar de dia, mas no calor forte vale começar com pouco e ir ajustando. Perguntas frequentes Fakhar Gold e Fakhar Extrait são o mesmo perfume? No varejo, sim: o produto da Lattafa se chama Fakhar Extrait, e ""Fakhar Gold"" é como algumas lojas o anunciam. No cadastro oficial da Lattafa nos EUA não existe produto com esse nome, e o Fakhar Extrait de 100 ml tem o código de barras 6290360593166, o mesmo que duas lojas de fora usam ao vender o ""Gold"". Qual a concentração do Fakhar Extrait? A Lattafa não declara: o site global o chama de ""Fakhar Lattafa Extrait"" e a loja dos EUA de ""Fakhar Extrait"", sem concentração na página do produto, e a caixa e o frasco da foto oficial não trazem a concentração impressa. ""Extrait"" faz parte do nome e não é a concentração declarada. A loja da Lattafa nos EUA anuncia o produto como ""Edp Spray"" e revendas o listam como EDP; por isso não afirmamos uma concentração. Por que algumas lojas trazem outras notas no ""Fakhar Gold""? Porque misturam perfumes. As notas de maçã, bergamota e lavanda que algumas lojas atribuem ao ""Gold"" são as do Fakhar Black . O Fragrantica tem ainda uma página separada chamada Fakhar Gold, de 2023, com tuberosa e sal no topo, âmbar, cashmeran e fava-tonka no coração e cedro, vetiver e labdano no fundo; não confirmamos que exista um perfume à parte, e as notas desta página são as do Fakhar Extrait. O Fakhar Gold é masculino ou unissex? No site global da Lattafa o tipo é ""Unisex""; na loja oficial dos EUA, ""Men"". O Fragrantica o classifica como masculino. Por isso não afirmamos um gênero só: o cítrico apimentado da abertura e o fundo de âmbar e couro agradam a quem quiser usá-lo, seja qual for o rótulo. Qual a diferença entre o Fakhar Extrait e o Fakhar Black? O Fakhar Extrait é de 2023, com grapefruit, cardamomo e fundo de âmbar e couro, e a Lattafa não declara a concentração dele. O Fakhar Black é um Eau de Parfum masculino de 2022, com maçã, bergamota e gengibre na abertura e cedro, vetiver e amberwood no fundo. E o Fakhar Platin, o que muda? O Fakhar Platin também tem cardamomo e pimenta-rosa no topo, mas troca o grapefruit por bergamota e segue para gengibre, lavanda e goiaba no coração e para palo santo, incenso e sândalo no fundo. O Extrait tem tuberosa, artemísia, couro e âmbar, que o Platin não tem. O Fakhar Gold Lattafa é original? O perfume que vendemos é original. Veja em Perfume árabe original como conferir a sua unidade. Veja também Perfume árabe — a loja completa. Perfume árabe masculino — a categoria dos masculinos. Lattafa Fakhar: a linha completa — compare o Extrait com o Black e o Rose. Lattafa na loja — conheça também o Fakhar Black e o Fakhar Rose , da mesma linha.",in stock,new,329.99 BRL,,https://www.perfumearabe.com/produtos/lattafa-fakhar-extrait/,https://dcdn-us.mitiendanube.com/stores/008/297/978/products/01-lattafa-fakhar-extrait-ad5c32d6749b64a12617914192435981-1024-1024.webp,Lattafa,370389449
1607110654,Khamrah Lattafa Original Unissex 100ml,"Resumo ★ 4,21 no Fragrantica · 30,7 mil votos Mais votado para a noite e os dias frios. 69% noite · inverno e outono Como é o cheiro do Khamrah Lattafa O Khamrah tem cheiro de doce de especiaria: canela e noz-moscada dão o calor condimentado, e a bergamota só suaviza esse tempero com um toque cítrico. Tâmaras e praliné (nota ""gourmand"", de perfumaria, com cheiro de doce de sobremesa) trazem o lado adocicado, enquanto a tuberosa dá o contraponto floral. Baunilha e fava tonka dividem o fundo com amberwood, mirra, benjoim e akigalawood — um fundo denso, quente e levemente resinoso, que é a assinatura de toda a linha Khamrah. O Fragrantica classifica como oriental especiado. Especificações Casa Lattafa Tamanho 100 ml Gênero Feminino e masculino Ano de lançamento 2022 Notas de topo Canela, Noz-moscada, Bergamota Notas de coração Tâmaras, Praliné, Tuberosa, Mahonial Notas de fundo Baunilha, Fava tonka, Amberwood, Mirra, Benjoim, Akigalawood Para quem e quando O Khamrah combina com quem gosta de perfumes especiados e adocicados, sem medo de um fundo denso e presente — é unissex, funciona tanto para elas quanto para eles. Sugestão nossa: é perfume de noite e de dias frios, quando a baunilha, o âmbar e a mirra do fundo combinam com o clima. No calor e na umidade do Brasil, prefira o fim do dia ou um ambiente com ar-condicionado. Fixação e projeção Quem vota no Parfumo dá ao Khamrah 8,4/10 de fixação (4.472 votos) e 8,2/10 de sillage, o rastro que fica no ar (4.453 votos), em setembro de 2026; o site põe os dois números acima da média. É a percepção de quem usou, cada um com a sua pele e o seu clima, e não uma medição. É comparado com algum perfume famoso? É comparado com o Angels' Share, da By Kilian, mas a maioria dos votantes do Fragrantica discorda (2,5 mil contra 1,3 mil) e as resenhas veem, no máximo, parentesco no fundo doce. É a opinião dos usuários, não uma afirmação da casa. Perguntas frequentes O Khamrah Lattafa é original? Sim, é Lattafa. Como checar o seu frasco quando ele chegar: Perfume árabe original . O Khamrah Lattafa é masculino ou feminino? É unissex, vendido como perfume feminino e masculino. O que decide é gostar de canela, tâmara e baunilha juntas. O Khamrah é comparado ao Angels' Share, da By Kilian? A comparação aparece, mas não convence a maioria: no Fragrantica, 2,5 mil votos discordam contra 1,3 mil que concordam. Nas resenhas que citam o Angels' Share, o parentesco, quando aparece, fica no fundo doce. O Khamrah é muito doce? É doce, mas com tempero. Tâmaras, praliné, baunilha e fava tonka puxam para a sobremesa; canela e noz-moscada seguram o doce no lado especiado, e a tuberosa dá um contraponto floral. Qual a diferença entre o Khamrah, o Khamrah Qahwa e o Khamrah Dukhan? O Khamrah tem tâmaras, praliné e tuberosa num fundo de baunilha e âmbar. O Khamrah Qahwa puxa para café e frutas cristalizadas; o Khamrah Dukhan é mais resinoso e defumado, com tabaco e incenso. São três pirâmides diferentes dentro da mesma linha. A linha Khamrah Lattafa Khamrah Qahwa — puxa para café e frutas cristalizadas. Khamrah Dukhan — mais resinoso e defumado, com tabaco e incenso. Kit Lattafa Khamrah — o mesmo Khamrah em caixa de presente, com miniatura de 12ml e hair mist. Veja também Perfume árabe original — toda a seleção Lattafa, Armaf e outras casas, por família e ocasião. Perfume árabe unissex — outras opções compartilháveis. Khamrah Lattafa: a linha completa — compare o original com o Qahwa e o Dukhan. Lattafa na loja — conheça também o Khamrah Qahwa , o Khamrah Dukhan e o Kit Khamrah .",in stock,new,245.00 BRL,,https://www.perfumearabe.com/produtos/lattafa-khamrah/,https://dcdn-us.mitiendanube.com/stores/008/297/978/products/01-lattafa-khamrah-e1bd6c60d93a739aad17913388826921-1024-1024.webp,Lattafa,370389452
1607110662,Rayhaan Pacific Aura Eau de Parfum Masculino 100ml,"Resumo ★ 4,28 no Fragrantica · 2,0 mil votos Mais votado para o dia e os dias quentes. 88% dia · verão e primavera O perfume Pacific Aura, da Rayhaan, é um Eau de Parfum masculino de 2025, em frasco de 100 ml. Abre gelado, com menta e citron, e fecha num fundo adocicado de figo. No Fragrantica a nota é 4,28, e quem mais votou aponta o dia e o clima quente. Como é o cheiro O Pacific Aura começa gelado e termina com gosto de terra doce. Menta e citron dão o frio da saída, o cassis põe fruta escura por cima e o coentro acrescenta um verde levemente picante. A surpresa está no coração: semente de cenoura, manjericão e rosa, uma combinação verde e adocicada pouco comum num masculino fresco, em que a cenoura traz uma doçura de raiz. O figo fica por baixo de tudo e deixa o rastro adocicado do fim. As fontes divergem no resto da pirâmide. O Fragrantica lista tangerina, menta, citron, bergamota, cassis e coentro no topo; manjericão, cenoura e rosa no coração; figo, ambroxan e âmbar no fundo. O site da Rayhaan lista citron, menta, laranja, limão, groselha-preta e coentro no topo; damasco, manjericão, sementes de cenoura e rosa-de-maio no coração; figo, tâmaras e ambrette no fundo. Não escolhemos entre as duas: o texto acima usa só o que aparece nas duas (citron, menta, cassis, coentro, manjericão, cenoura, rosa e figo). Especificações Casa Rayhaan Concentração Eau de Parfum Tamanho 100 ml Gênero Masculino Ano de lançamento 2025 Família olfativa Aromático Aquático Notas de topo Citron, Menta, Laranja, Limão, Cassis, Coentro Notas de coração Damasco, Manjericão, Semente de cenoura, Rosa de maio Notas de fundo Figo, Tâmaras, Ambreta Para quem e quando É para quem gosta de cítrico fresco, mas se cansa de aquático que só tem limão: aqui a menta e o citron vêm com cenoura e figo por trás. Sugestão nossa: no verão do Brasil, a menta é a parte que mais aparece no dia quente; numa noite amena, é o figo que fica. Perguntas frequentes Qual o código de barras do Pacific Aura de 100 ml? O cadastro da casa traz o EAN-13 6297001571170 para a variante de 100 ml em Eau de Parfum do Pacific Aura; os demais sinais de autenticidade estão no guia Perfume árabe original . O Pacific Aura é mais cítrico ou aquático? Os dois. O Fragrantica o classifica como aromático aquático, e na pirâmide da Rayhaan quase todo o topo é cítrico: citron, laranja e limão, com menta, cassis e coentro. O aquático é a sensação de frescor; o cítrico é o que se nota primeiro. O Pacific Aura tem ambroxan? Depende de qual lista se lê. O Fragrantica põe ambroxan e âmbar no fundo, ao lado do figo; o site da Rayhaan não traz nenhum dos dois e fecha em figo, tâmaras e ambreta, uma semente de cheiro almiscarado. Em que estação o Pacific Aura aparece mais? No verão. Nos votos do Fragrantica, o verão lidera, com cerca de 1,5 mil votos, seguido pela primavera, com cerca de 1,1 mil; inverno e outono somam bem menos. É coerente com o topo de menta e citron. O Pacific Aura tem cheiro de cenoura? A cenoura está no coração, com manjericão e rosa, e traz uma doçura de terra. Ela aparece como um detalhe verde e adocicado, depois da abertura cítrica e mentolada. Qual a diferença entre o Pacific Aura e o Rayhaan Obsidian? O Pacific Aura é cítrico e mentolado. O Obsidian é escuro, com couro, oud e cedro, um perfil mais de noite. Veja também Perfume árabe masculino — mais masculinos, do fresco ao escuro. Perfume árabe fresco — cítricos, mentolados e aquáticos. Rayhaan Obsidian — o Rayhaan de couro e oud, para a noite. Rayhaan Elixir — o Rayhaan doce, de lavanda e baunilha. Club de Nuit Iconic Armaf — masculino de outra casa, com toranja e hortelã na abertura.",in stock,new,252.00 BRL,,https://www.perfumearabe.com/produtos/rayhaan-pacific-aura/,https://dcdn-us.mitiendanube.com/stores/008/297/978/products/01-rayhaan-pacific-aura-8ea17819275aaa106317905728794709-1024-1024.png,Rayhaan,370389458
1607722842,Mayar Lattafa Eau de Parfum Feminino 100ml,"Resumo ★ 4,04 no Fragrantica · 2,0 mil votos Mais votado para o dia e os dias quentes. Fixação 7,6/10 · Projeção 7,2/10 · 79% dia · verão e primavera Mayar Lattafa é um perfume feminino floral frutado: abre com framboesa, lichia e folha de violeta, passa por peônia, rosa branca e jasmim e termina em almíscar e baunilha macios. Como é o cheiro O Mayar é fruta vermelha com pétala clara. Framboesa e lichia dão uma doçura suculenta, e a folha de violeta entra por trás com um verde que impede a saída de ficar só açucarada. O centro é um buquê de peônia, rosa branca e jasmim, com a fruta ainda por perto. A base é curta, só baunilha e almíscar: o almíscar de hoje é quase sempre sintético e lembra pele limpa, e a baunilha deixa o rastro macio. Especificações Característica Detalhe Casa Lattafa Concentração Eau de Parfum Volume 100 ml Gênero Feminino Ano de lançamento 2022 Família olfativa Floral Frutado Topo Framboesa, lichia, folha de violeta Coração Peônia, rosa branca, jasmim Fundo Almíscar, baunilha Para quem e quando É para quem gosta de floral com fruta, num desenho claro e doce. Não há oud, tabaco nem especiarias na pirâmide, então ele não tem o peso dos perfumes árabes de noite. Sugestão nossa: framboesa e lichia pedem dia, trabalho e passeio; no calor úmido a doçura fica mais evidente, então vá de pouco. Esta página é do Mayar de 2022, não das variantes Intense lançadas depois (veja as perguntas abaixo). Fixação e projeção Uma resenha do blog Perfume Compass (17/02/2025) fala em 6 a 10 horas na pele e projeção de moderada a forte, ""perceptível, mas sem exagero"". É a impressão de um autor só, num blog de afiliado, e a pirâmide que ele publica não bate com a da Lattafa; sua pele e o seu clima podem dar outro resultado. Perguntas frequentes O Mayar Rosa é o mesmo que o Mayar? Sim. A Lattafa não tem um lançamento chamado Mayar Rosa: é o nome que algumas lojas brasileiras dão ao Mayar de 2022, o de framboesa, lichia e rosa branca. Qual a diferença entre o Mayar e o Mayar Cherry Intense? São perfumes diferentes. O Mayar Cherry Intense e o Mayar Natural Intense são variantes de 2024, com outra fórmula e outro frasco; o Cherry é puxado para cereja. O Mayar desta página é o de 2022. O Mayar tem rosa? Tem rosa branca, no coração, com peônia e jasmim, nas listas da Lattafa e do Fragrantica. A saída é de framboesa, lichia e folha de violeta. O Mayar é original? É Lattafa, o Mayar de 2022. Como examinar a embalagem do seu frasco ao receber: Perfume árabe original . Veja também Perfume árabe feminino — outras opções para elas. Perfume árabe doce — perfis adocicados da loja. Lattafa na loja — os outros perfumes da casa. Yara Lattafa — outro feminino doce da casa. Atheeri Lattafa — outro feminino da casa.",in stock,new,354.00 BRL,,https://www.perfumearabe.com/produtos/lattafa-mayar/,https://dcdn-us.mitiendanube.com/stores/008/297/978/products/01-lattafa-mayar-dfa5f959236cb5d7b017906888226691-1024-1024.png,Lattafa,370600348
1607722852,Nebras Elixir Lattafa Unissex 100ml,"Resumo ★ 4,13 no Fragrantica · 1,1 mil votos Vai do dia à noite, com destaque nos dias frios. 59% dia · inverno e outono Como é o cheiro do Nebras Elixir A saída já é sobremesa. A Lattafa lista bala de leite e creme no topo, que aqui chamamos de doce de leite e chantilly, e não há nenhum cítrico ou fruta para abrir espaço antes do doce. No coração, a cana-de-açúcar traz um doce mais ralo, de caldo, que alivia o creme do começo. O heliotrópio, flor de perfil doce e atalcado, faz a ponte para a base. A base junta baunilha, almíscar e ambroxan, uma molécula sintética de cheiro amadeirado e um pouco salgado. Leitura nossa: é o ambroxan que impede a baunilha de ficar só açúcar e dá a ela um fundo mais limpo. Especificações Característica Detalhe Casa Lattafa (linha Lattafa Pride) Concentração Não declarada pela Lattafa Volume 100 ml Gênero Unissex Ano de lançamento 2025 Família olfativa Oriental Baunilha Topo Doce de leite, chantilly Coração Cana-de-açúcar, heliotrópio Fundo Baunilha, ambroxan, almíscar Para quem e quando usar o Nebras Elixir Lattafa É para quem gosta de baunilha cremosa, de perfume de conforto, e não quer floral pesado nem madeira seca. Sendo unissex, serve a qualquer pessoa que goste desse lado gourmand. Sugestão nossa: guarde para a noite, o inverno e o ar-condicionado. Um doce de leite sem nenhum cítrico por cima tende a ficar enjoativo no calor úmido; se for usar num dia quente, aplique menos e prefira a roupa, que é onde a resenha abaixo diz que ele fica mais forte. Fixação e projeção Na resenha do blog Zoba's Scent Steals (Chizoba, março de 2026), a duração na pele é ""moderada, mais curta do que o ideal"", e o autor aponta isso como a única limitação honesta do perfume; na roupa, ele fica bem mais forte. A projeção é descrita como suave e rente à pele, ""um perfume de conforto pessoal"". É a experiência de um resenhista, e a sua pele pode responder de outro jeito. Perguntas frequentes Nebras e Nebras Elixir são o mesmo perfume? Não. O Nebras é de 2022 e tem outra pirâmide; o Nebras Elixir, de 2025, é o de doce de leite, chantilly e cana-de-açúcar desta página. Na caixa, confira a palavra ""Elixir"". Qual a diferença entre o Nebras Elixir e o Eclaire Pistache? Os dois são doces cremosos da Lattafa com chantilly, baunilha e almíscar. O Eclaire Pistache tem pistache, coco e cacau; o Nebras Elixir não tem nenhuma dessas notas e as troca por doce de leite, cana-de-açúcar e heliotrópio. E a diferença para o Khamrah? O Khamrah é doce de especiaria: canela, noz-moscada, tâmara e praliné, com mirra e benjoim no fundo. O Nebras Elixir não tem especiaria nem resina; é leite, creme e baunilha. O Nebras Elixir é original? É original: o Nebras Elixir que vendemos vem da Lattafa, e o jeito de conferir a sua unidade está em Perfume árabe original . Veja também Perfume árabe baunilha — perfis em que a baunilha manda. Perfume árabe doce — gourmands de caramelo, mel e especiaria. Perfume árabe unissex — outros perfumes sem recorte de gênero. Eclaire Pistache — o cremoso de pistache e cacau. Khamrah — o doce de canela e tâmara. Lattafa na loja — os outros perfumes da casa.",in stock,new,396.00 BRL,,https://www.perfumearabe.com/produtos/lattafa-nebras-elixir/,https://dcdn-us.mitiendanube.com/stores/008/297/978/products/01-lattafa-nebras-elixir-5e4b802895c20e281a17906888564915-1024-1024.png,Lattafa,370600353
1607722860,Eternal Oud Lattafa Pride Unissex 100ml,"Resumo ★ 4,07 no Fragrantica · 3,4 mil votos Mais votado para a noite e os dias frios. 66% noite · inverno e outono Como é o cheiro do Eternal Oud A ameixa é a primeira impressão, fruta escura e madura, e a toranja corta essa doçura com um amargo cítrico. A saída tem só essas duas notas. No meio, heliotrópio e orquídea, flores macias e de perfil doce, fazem a passagem para a base sem mudar o tom. O oud fica embaixo, não na frente. Oud é a madeira resinada da árvore Aquilaria, a matéria-prima mais associada à perfumaria árabe. No Eternal Oud, ele divide o fundo com cinco notas doces ou resinosas (benjoim, baunilha, labdano, âmbar e fava tonka), que arredondam a madeira. Especificações Característica Detalhe Casa Lattafa (vendido como Lattafa Pride) Concentração Não declarada pela Lattafa Volume 100 ml Gênero Unissex Ano de lançamento 2022 Família olfativa Oriental / Âmbar Topo Ameixa, toranja Coração Heliotrópio, orquídea Fundo Benjoim, baunilha, labdano, âmbar, fava tonka, oud Para quem e quando usar o Eternal Oud Lattafa Sugestão nossa: é uma porta de entrada para quem nunca usou oud, porque a madeira chega amortecida por baunilha e âmbar. Serve também a quem já gosta de orientais e quer um oud sem fumaça nem couro. É perfume de noite e de frio. No verão brasileiro, prefira usar depois do pôr do sol e aplicar menos do que no inverno. Fixação e projeção Na resenha do blog My Scent Stories (dezembro de 2025), o autor escreve que o Eternal Oud chega com facilidade a dez horas na pele, às vezes mais, conforme o lote e a química da pele, e que dura ainda mais na roupa. A projeção, para ele, é moderada: ""não é um perfume que enche a sala"", mas deixa rastro. É a experiência de um autor só. Perguntas frequentes O Eternal Oud é da linha Lattafa Pride? É vendido assim: lojas no Brasil e o próprio nome de venda usam ""Lattafa Pride Eternal Oud"", mas a página do perfume no site da Lattafa não cita a linha Pride no texto. Aqui na loja, o Breeze e o Nebras Elixir também são vendidos como Lattafa Pride. O Eternal Oud tem cheiro forte de oud? Não é um oud seco nem fumado: a madeira está lá, mas misturada a baunilha, âmbar e fava tonka. Para oud mais aparente, o Bade'e Al Oud For Glory tem oud no coração e no fundo, com açafrão e patchouli. Qual a diferença para o Bade'e Al Oud Amethyst? Os dois têm oud, âmbar e baunilha no fundo. O Amethyst é de rosa, turca e búlgara, com pimenta-rosa na saída; o Eternal Oud é de ameixa, heliotrópio e orquídea, e soma benjoim, labdano e fava tonka à base. O Eternal Oud é original? O Eternal Oud que vendemos é Lattafa original. Como checar a caixa e o lote do seu frasco: Perfume árabe original . Veja também Perfume oud — todos os perfumes com oud da loja. Perfume árabe baunilha — baunilha em primeiro plano. Perfume árabe unissex — outros perfumes sem recorte de gênero. Bade'e Al Oud Amethyst e Bade'e Al Oud For Glory — os oud da linha Bade'e. Lattafa Pride Breeze e Nebras Elixir — os outros Pride da loja. Lattafa na loja — a casa completa.",in stock,new,342.00 BRL,,https://www.perfumearabe.com/produtos/lattafa-pride-eternal-oud/,https://dcdn-us.mitiendanube.com/stores/008/297/978/products/01-lattafa-pride-eternal-oud-e057f22359531dd6a217906888885920-1024-1024.png,Lattafa,370600354
1607722873,Lattafa Pride Breeze Eau de Parfum Unissex 100ml,"Resumo ★ 3,99 no Fragrantica · 895 votos Mais votado para o dia e os dias quentes. 79% dia · verão e primavera Como é o cheiro do Lattafa Pride Breeze Nos primeiros minutos, bergamota dá o frescor cítrico e o cardamomo entra com um toque especiado e aromático. O incenso, resina que queima com fumaça suave, aparece junto e evita que a abertura fique só de citrus. Depois de uma hora, jasmim e ciclâmen formam o coração. O jasmim é uma flor branca e presente. O ciclâmen, uma flor de perfil fresco, mantém o conjunto leve. No fim do dia, almíscar, cedro e sândalo deixam uma base amadeirada e macia. O almíscar hoje é quase sempre sintético e lembra pele limpa; o cedro dá o lado seco, e o sândalo, o cremoso. O nome quer dizer brisa em inglês, e a pirâmide é de fato fresca. Especificações Característica Detalhe Casa Lattafa (linha Lattafa Pride) Concentração Eau de Parfum Volume 100 ml Gênero Unissex Ano de lançamento 2024 Família olfativa Floral Amadeirado Almiscarado Topo Bergamota, cardamomo, incenso Coração Jasmim, ciclâmen Fundo Almíscar, cedro, sândalo Para quem e quando É para quem quer um perfume limpo e discreto, sem doçura de baunilha nem oud. Serve a quem usa um perfume só para o dia a dia e prefere fresco a gourmand. A saída cítrica e especiada combina com o dia e com o calor do Brasil: duas ou três borrifadas costumam bastar no trabalho ou no almoço. À noite ele fica mais macio, com o sândalo e o cedro à frente. Fixação e projeção variam com a pele e o clima. Fixação e projeção O blog ScentClones publicou um review do Breeze em janeiro de 2026, e a própria resenha dá faixas diferentes em trechos diferentes. Na mais conservadora, o perfume fica detectável na pele por 6 a 8 horas em média, cai para 5 a 6 horas em pele seca e chega a 8 a 10 horas ou mais em pele oleosa; em outro trecho, o mesmo autor fala em 6 a 9 horas. Na roupa, ele relata de 12 a 24 horas ou mais. Na pele, a projeção é moderada e fica perto do corpo depois de 4 a 5 horas. São impressões de um único autor, não medição de laboratório — o resultado muda com a pele e o clima. Perguntas frequentes Quanto tempo fixa e como projeta? No review do blog ScentClones, a faixa mais conservadora é de 6 a 8 horas na pele em média (5 a 6 em pele seca, 8 a 10 ou mais em pele oleosa); em outro trecho, o mesmo autor fala em 6 a 9 horas. A projeção é moderada e fica perto da pele depois de 4 a 5 horas. São impressões de um autor, e variam com a pele e o clima. É para dia, noite, calor ou frio? É mais de dia e de calor, por causa da bergamota e do cardamomo na saída. À noite e no frio, o fundo de cedro e sândalo fica mais evidente. Em calor forte, comece com poucas borrifadas. Para quem combina? Para quem gosta de floral amadeirado limpo e discreto, com jasmim no coração e almíscar no fundo. Quem procura perfume doce, gourmand ou com oud vai encontrar outra proposta aqui. Veja também Perfume árabe unissex — outras opções unissex. Perfume árabe amadeirado — outros amadeirados da loja. Lattafa na loja — os outros perfumes da casa. Emeer Lattafa — outro unissex de abertura cítrica. Khanjar Lattafa — outro unissex amadeirado da casa.",in stock,new,274.00 BRL,,https://www.perfumearabe.com/produtos/lattafa-pride-breeze/,https://dcdn-us.mitiendanube.com/stores/008/297/978/products/01-lattafa-pride-breeze-fa892173c2e75c0cd217913389108235-1024-1024.webp,Lattafa,370600357
1607722882,Mashrabya Lattafa Unissex 100ml,"Resumo ★ 4,30 no Fragrantica · 2,1 mil votos Mais votado para a noite e os dias frios. 73% noite · inverno e outono Como é o cheiro do Mashrabya Lattafa A saída é um acorde de maçã com shisha, fruta com fumaça. Shisha é o narguilé do Oriente Médio, em que o tabaco costuma ser aromatizado com fruta; a pimenta-rosa põe um picante seco por cima. O coração esquenta com tabaco, canela e tâmara. O tabaco seca, a canela aquece e a tâmara traz a doçura de fruta seca que liga a maçã da saída ao caramelo da base. O fundo junta fumaça de oud, caramelo, baunilha e patchouli. Oud é a madeira resinada da árvore Aquilaria, amadeirada e às vezes fumada; no Mashrabya ele aparece como fumaça sobre o doce de caramelo e baunilha, com o patchouli dando um lado de terra. Especificações Característica Detalhe Casa Lattafa Concentração Não declarada pela Lattafa Volume 100 ml Gênero Unissex Ano de lançamento 2024 Família olfativa Oriental Baunilha Topo Acorde de maçã com shisha, pimenta-rosa Coração Tabaco, canela, tâmara Fundo Fumaça de oud, caramelo, baunilha, patchouli Para quem e quando É para quem quer um perfume quente, doce e fumado de uma vez: tabaco e canela com caramelo por baixo. A Lattafa o classifica como unissex. Sugestão nossa: o doce fumado de caramelo e oud pesa no abafado brasileiro; o Mashrabya fica melhor em noite fresca ou ambiente climatizado, e em dia quente uma borrifada só já marca presença. Fixação e projeção O blog Zoba's Scent Steals (review de 07/04/2026) relata de 7 a 9 horas na pele, com o fundo seguindo até a noite, e uma projeção forte na primeira hora que depois se aproxima da pele. É a avaliação de um só resenhista; na sua pele e no seu clima o resultado pode ser outro. Perguntas frequentes O Mashrabya tem cheiro de narguilé? Lembra, na saída: a Lattafa descreve o topo como um acorde de maçã com shisha, o nome árabe do narguilé, e a pimenta-rosa fica por cima. Depois o tabaco do coração reforça essa ideia. O Mashrabya tem oud? Tem, na base: a Lattafa lista a fumaça de oud ao lado de caramelo, baunilha e patchouli, ou seja, o oud entra pelo lado fumado, não como madeira pura. Que fruta aparece no Mashrabya além da maçã? A tâmara, no coração, ao lado do tabaco e da canela. É ela que dá o doce de fruta seca no meio da evolução. Veja também Perfume árabe unissex — outras opções unissex. Perfume árabe baunilha — perfis baunilhados. Perfume árabe doce — outros perfumes doces. Lattafa na loja — os outros perfumes da casa. Khamrah Lattafa — outro oriental doce da casa. Teriaq Lattafa — outro doce da casa.",in stock,new,224.00 BRL,,https://www.perfumearabe.com/produtos/lattafa-mashrabya/,https://dcdn-us.mitiendanube.com/stores/008/297/978/products/01-lattafa-mashrabya-5bb77b21f902acc79617906889423289-1024-1024.png,Lattafa,370600360
1607725752,Club de Nuit Urban Man Elixir Armaf EDP 105 ml Masculino,"Resumo ★ 4,34 no Fragrantica · 4,5 mil votos Votos divididos entre dia e noite. 51% dia · primavera e outono Como é o cheiro deste perfume O perfume Club de Nuit Urban Man Elixir, da Armaf, cheira a bergamota e lavanda sobre um fundo seco de ambroxan e âmbar. Lançado em 2022 e da família âmbar, é um masculino para quem quer um aromático limpo, com a lavanda no centro e um toque de açafrão que dá textura sem virar especiaria forte. A saída é cítrica e floral: bergamota, pimenta-rosa, flor de laranjeira e jasmim. A flor de laranjeira e o jasmim suavizam o corte da bergamota, e a pimenta-rosa põe só um fio de tempero. No coração ficam lavanda, tagetes, gerânio, vetiver, elemi e açafrão. O tagetes é uma flor de cheiro herbal, e o elemi, uma resina de toque cítrico e fresco. Na resenha do Perfume Majlis, de 18/01/2026, o autor nota que a lavanda e o gerânio trazem uma pontada levemente ensaboada. No fundo estão ambroxan, uma molécula sintética de cheiro amadeirado e salgadinho, âmbar, patchouli, cedro e labdanum, uma resina escura que firma o âmbar. Os acordes, que são as impressões gerais do conjunto, aparecem no Fragrantica nesta ordem: âmbar, aromático, cítrico e fresco picante (leitura de 02/10/2026). Entre as notas oficiais não há baunilha nem fruta doce, e é isso que faz o conjunto ler mais seco do que doce: a lavanda e o âmbar seguram o centro, e o açafrão, que é uma especiaria, aparece só como textura. Especificações Característica Detalhe Casa Armaf Linha Club de Nuit Gênero Masculino Ano de lançamento 2022 Família olfativa Âmbar Concentração Eau de Parfum (EDP) Tamanho 105 ml Topo Bergamota, pimenta-rosa, flor de laranjeira, jasmim Coração Lavanda, tagetes, gerânio, vetiver, elemi, açafrão Fundo Ambroxan, âmbar, patchouli, cedro, labdanum Os dados de concentração, gênero e família são os do site da Armaf, que tem o perfume em 10, 30, 105 e 250 ml; este é o de 105 ml (3,6 oz). O ano confere com o Fragrantica e o Parfumo. Club de Nuit Urban Elixir ou Urban Man Elixir: é o mesmo perfume? É o mesmo. O título da página da Armaf é ""Club de Nuit Urban Man Elixir"", e o endereço de uma delas usa ""urban-elixir"". O Fragrantica lista o perfume como Club de Nuit Urban Elixir, e o Parfumo, como Urban Man Elixir. São jeitos diferentes de escrever o mesmo nome, e qualquer um deles leva ao mesmo frasco de EDP e 105 ml. A busca usa todos, inclusive a grafia ""Urban Man Elixer"", com e, que não é a da casa. Cuidado com o Club de Nuit Urban Man, sem a palavra Elixir: é outro perfume da Armaf, com pirâmide própria. Para não errar, confira no anúncio o nome completo, a sigla EDP e os 105 ml (leitura de 02/10/2026). Lembra algum perfume famoso? Lembra, para quem usa. Na votação de parecidos do Parfumo, o primeiro nome é o Sauvage, da Dior, nas versões Eau de Toilette e Eau de Parfum. No Fragrantica, o Dior Sauvage também é o primeiro entre os perfumes de quem gosta do Urban Man Elixir (leituras de 02/10/2026). As duas fontes concordam no nome, o que dá mais peso à associação. Ela continua sendo de usuários, não da Armaf, que não cita referência. As notas do Urban Man Elixir são as da tabela acima, e a melhor forma de comparar é cheirar os dois lado a lado, em dias diferentes, para não confundir a lembrança de um com a do outro. Urban Man Elixir ao lado do Iconic e do Intense Man Dentro da linha Club de Nuit, o Urban Man Elixir é o aromático de lavanda. O Iconic , também da família âmbar e de 2022, é o cítrico com hortelã e incenso, e o Intense Man é o frutado com bétula e âmbar-cinza. Não é só coincidência de catálogo: o Fragrantica põe o Iconic e o Intense Man na lista de perfumes de quem gosta do Urban Man Elixir (leitura de 02/10/2026). Se você gosta de um deles, vale conhecer os outros, e a escolha vira uma questão de qual desses caminhos combina com a sua semana. Para quem e quando Nos votos do Fragrantica, as quatro estações e o dia e a noite ficam quase empatados, com leve vantagem da primavera e do dia (leitura de 30/09/2026). Nenhuma estação tem menos de 2 mil votos. Serve para quem quer um só perfume para a semana inteira: o Perfume Majlis o descreve como versátil, bom para ocasiões casuais, de trabalho e sociais, e à vontade em tempo fresco ou de meia-estação. Como sugestão nossa, no calor úmido daqui a bergamota e a lavanda dão leveza, e poucas borrifadas ajudam, já que o mesmo resenhista avisa que o calor forte acentua o lado doce e aromático. Em tempo fresco e à noite, o âmbar e o cedro ganham espaço, e o perfume fica mais quente. Perguntas frequentes O Club de Nuit Urban Man Elixir tem 100 ml ou 105 ml? Este é o de 105 ml, que a Armaf escreve como 3,6 oz. O endereço de uma das páginas da casa traz ""100ml"", mas o tamanho descrito no texto dela é 3,6 oz, ou seja, 105 ml. A casa também tem 10, 30 e 250 ml. O Club de Nuit Urban Man Elixir é bom? Muita gente aprova: a nota no Fragrantica é 4,34 de 5, a maior entre os C",in stock,new,315.00 BRL,,https://www.perfumearabe.com/produtos/armaf-club-de-nuit-urban-man-elixir/,https://dcdn-us.mitiendanube.com/stores/008/297/978/products/01-armaf-club-de-nuit-urban-man-elixir-f6509580a6ca91bbfc17906884182168-1024-1024.png,Armaf,370601565
1607725763,Club de Nuit Iconic Armaf EDP 105 ml Masculino,"Resumo ★ 4,23 no Fragrantica · 5,0 mil votos Pede o dia e o calor, mas o fundo de incenso aguenta a noite fresca. Fixação 7,5/10 · Projeção 7,3/10 · 60% dia · verão e primavera O Armaf Club de Nuit Iconic, que muita gente procura como Club de Nuit Blue Iconic, é o perfume masculino que abre gelado, com toranja, limão e hortelã, e fecha quente, em incenso e âmbar. É um Eau de Parfum de 105 ml, da família âmbar, lançado em 2022. Como é o cheiro do Club de Nuit Iconic? Primeiro vem o ar frio: toranja e limão azedinhos, com a hortelã por cima, como a primeira golada de uma bebida gelada. Pimenta-rosa e coentro entram junto e dão um traço seco e especiado que corta o azedo da fruta. No coração, gengibre e noz-moscada esquentam a mistura, enquanto jasmim e melão a suavizam. É onde o perfume deixa de ser só frescor e ganha corpo. O fundo é de resina e madeira: incenso (aquela fumaça suave de resina queimando), âmbar, cedro, sândalo e patchouli, com labdanum, uma resina escura e adocicada, sustentando o calor. É um final seco, mais de madeira e resina do que de doce. O perfume Club de Nuit Iconic é bom? Sim, para quem gosta de cítrico fresco com final seco: a nota média é 4,23 de 5, em quase 5 mil votos de quem usa. Quem prefere perfume doce e de baunilha pode estranhar o fundo de incenso e madeira. Fixa quanto? Projeta? Tem fixação e projeção bem avaliadas por quem usa, e o placar lá em cima mostra as médias. Horas exatas dependem da pele, do clima e de quantas borrifadas você dá. Dia ou noite? Calor ou frio? Dá para usar nos dois, com viés de dia e de estação quente: a maioria dos votos põe o Iconic no dia, na primavera e no verão, e o inverno fica bem atrás. Sugestão nossa para o calor do Brasil: a toranja, o limão e a hortelã dão leveza na abertura, boa para o trabalho e para o fim de semana. Quando esfria ou cai a noite, o incenso e o âmbar aparecem mais e o mesmo perfume parece outro, mais fechado e quente. Lembra algum perfume famoso? Lembra, para quem usa: muita gente o associa ao Bleu de Chanel Eau de Parfum, que lidera a lista de parecidos da comunidade do Parfumo. É uma associação dos usuários, não da Armaf, e parecido na lista não quer dizer igual: o Iconic tem hortelã, gengibre e melão na pirâmide, e o jeito certo de comparar é cheirar os dois. O Armaf Club de Nuit Blue Iconic é o mesmo perfume? É. O Club de Nuit Blue Iconic Armaf e o Club de Nuit Iconic são o mesmo perfume, o frasco azul da casa, e as notas são as mesmas; só o apelido muda. Armaf Club de Nuit Iconic: EDP ou Extrait de Parfum? Esta página é do EDP, o Eau de Parfum, em 105 ml. O Iconic Extrait de Parfum é outro perfume, com entrada própria nos sites de referência; como os dois dividem o nome na busca, confira a sigla e os ml no anúncio. Iconic, Intense Man e Milestone: como se separam Dentro da linha, o Iconic é o cítrico seco com incenso. O Intense Man troca a hortelã por abacaxi e maçã e leva bétula, uma madeira que lembra fumaça, além do âmbar-cinza no fundo. O Milestone segue para o lado marinho, com notas de mar, violeta, vetiver e ambroxan. Em resumo: se você quer o mais seco e resinoso dos três, é o Iconic. O mais frutado é o Intense Man, e o mais aquático, o Milestone. A comparação sai das pirâmides oficiais de cada um, nota por nota. O Club de Nuit Iconic é original? Dá para conferir: o EAN 6294015164152 é o da variante EDP 105 ml, e a sigla e os ml devem bater com o rótulo. Para o passo a passo completo, siga o guia Perfume árabe original . Se você quer um amadeirado com abertura gelada que aguente o dia quente e ainda mude de cara quando a noite chega, é este o frasco; se o seu gosto é doce e baunilhado, olhe outra linha. Especificações Característica Detalhe Casa Armaf Linha Club de Nuit Gênero Masculino Ano de lançamento 2022 Família olfativa Âmbar Concentração Eau de Parfum (EDP) Tamanho 105 ml Topo Toranja, Limão, Hortelã, Pimenta-rosa, Coentro Coração Gengibre, Noz-moscada, Jasmim, Melão Fundo Incenso, Âmbar, Cedro, Sândalo, Patchouli, Labdanum, Notas amadeiradas Perguntas frequentes O Club de Nuit Iconic é masculino ou feminino? Masculino. Armaf, Fragrantica e Parfumo o classificam para homens; só a frase de descrição no site da Armaf fala em ""elegante e feminino"", mas a etiqueta de gênero da mesma página diz masculino. O Club de Nuit Iconic tem 100 ml ou 105 ml? Este é de 105 ml, que equivalem a 3,6 oz. Alguns anúncios e buscas escrevem ""100 ml"", mas o frasco desta página é o de 105 ml, EDP. O Club de Nuit Iconic é parecido com o Bleu de Chanel? Na lista da comunidade, sim: o Bleu de Chanel Eau de Parfum é o mais citado como parecido, mas estar na lista não quer dizer igual. O Iconic abre com toranja, limão, hortelã, pimenta-rosa e coentro, tem gengibre e melão no coração e fecha em incenso e âmbar; o jeito certo de comparar é cheirar os dois. O incenso do Iconic aparece muito? Aparece com o tempo, principalmente em noit",in stock,new,345.00 BRL,,https://www.perfumearabe.com/produtos/armaf-club-de-nuit-iconic/,https://dcdn-us.mitiendanube.com/stores/008/297/978/products/01-armaf-club-de-nuit-iconic-53b104d6475a16d4ec17906884496874-1024-1024.png,Armaf,370601575
1607725773,Club de Nuit Milestone Armaf EDP 105 ml Masculino,"Resumo ★ 3,92 no Fragrantica · 4,9 mil votos Mais votado para o dia e os dias quentes. Fixação 7,4/10 · Projeção 7,2/10 · 75% dia · verão e primavera Como é o cheiro deste perfume O Armaf Club de Nuit Milestone cheira a mar e fruta vermelha, com uma violeta empoada no meio e um fundo limpo de vetiver e almíscar. É um perfume masculino de 2019, da família amadeirada floral almiscarada, para quem quer um fresco aquático, sem doce nem especiaria pesada. A saída junta bergamota, frutas vermelhas e notas marinhas, aquelas que lembram brisa e sal. As frutas vermelhas dão um toque suculento, e a bergamota deixa tudo claro. No coração, a violeta, uma flor de perfil empoado, divide o espaço com sândalo e madeiras brancas. Elas deixam o centro macio e claro, e é nessa passagem que o mar dá lugar a algo mais quieto e elegante. O fundo traz vetiver (uma raiz de cheiro seco e terroso), almíscar e ambroxan, molécula sintética de cheiro amadeirado e limpo. O que se sente no conjunto são acordes, as impressões gerais que várias notas formam juntas: no Fragrantica, os principais são marinho, aromático, amadeirado e empoado (leitura de 02/10/2026). Vale dizer o que ele não tem: entre as notas oficiais não há baunilha, especiaria nem madeira escura. Quem espera um perfume de fundo quente pode achá-lo discreto, e quem quer ar limpo costuma acertar com ele. Especificações Característica Detalhe Casa Armaf Linha Club de Nuit Gênero Masculino Ano de lançamento 2019 Família olfativa Amadeirado Floral Almiscarado Concentração Eau de Parfum (EDP) Tamanho 105 ml Topo Bergamota, frutas vermelhas, notas marinhas Coração Violeta, sândalo, madeiras brancas Fundo Vetiver, almíscar, ambroxan Concentração e tamanho vêm do site da Armaf, que lista o Milestone em 200, 105 e 30 ml; este é o de 105 ml. A família é a do Fragrantica, e a Armaf o descreve como ""Fresh & Magnetic"". Club de Nuit Milestone é masculino, feminino ou unissex? Masculino, pela classificação da casa. O Fragrantica o classifica como perfume para mulheres e homens, e o Parfumo, como para damas e cavalheiros. A Armaf é a exceção: a página dela o apresenta como ""Fresh & Magnetic EDP for Men"", com a etiqueta Men (leitura de 02/10/2026). A Armaf o classifica como masculino; algumas lojas vendem como unissex. Para ver outros perfumes sem gênero marcado, entre em Perfume árabe unissex . Club de Nuit Milestone inspiração: lembra qual perfume? A Armaf não nomeia inspiração alguma para o Milestone, e o que existe são as listas de quem usa. Os parecidos votados no Parfumo têm no topo o Millésime Impérial, da Creed, e incluem o Green Irish Tweed, da mesma casa. No Fragrantica, entre os perfumes de quem também gosta do Milestone aparecem o Acqua di Giò Profumo, da Armani, e o Aventus, da Creed (leituras de 02/10/2026). As duas listas citam perfumes diferentes, e isso conta uma história: não há uma referência única. A associação é dos usuários desses sites, não da casa. Se a dúvida é se o Milestone lembra o perfume que você já usa, cheire os dois em sequência e veja o que fica na pele depois de uma hora. O Milestone dentro da linha Club de Nuit O Milestone Club de Nuit saiu em 2019, quatro anos depois do Intense Man, de 2015, e três antes do Iconic , de 2022. Entre os Club de Nuit masculinos desta loja, é o único marinho: o Intense Man é frutado com fumaça, o Iconic é cítrico com incenso, e o Urban Man Elixir é de lavanda e açafrão. Por isso a escolha dentro da linha costuma ser menos sobre qual é melhor e mais sobre o clima que você quer carregar: mar e violeta, fruta e fumaça, incenso ou lavanda. Cheirar mais de um, em dias diferentes, costuma esclarecer a dúvida melhor do que qualquer lista de notas. Para quem e quando É para quem quer um perfume fresco e limpo, sem especiaria pesada nem doçura de baunilha, daqueles de escritório, de dia corrido e de ambiente fechado. Nos votos do Fragrantica, verão e primavera lideram, o inverno fica bem atrás, e o dia ganha da noite com folga (leitura de 30/09/2026). Sugestão nossa: no calor úmido do Brasil, o lado marinho e a bergamota são o que combina com o clima. Numa noite amena, a violeta e o sândalo do centro deixam o perfume mais macio, e o vetiver aparece com mais calma. Perguntas frequentes Qual a diferença entre o Club de Nuit Milestone e o Intense Man? São perfumes diferentes da mesma linha, cada um com pirâmide própria. O Milestone é marinho e empoado, com notas marinhas, violeta, vetiver e ambroxan. O Intense Man é cítrico e defumado, com abacaxi, maçã, bétula e patchouli. Bergamota e almíscar são as únicas notas em comum. Qual vale mais a pena é questão de gosto: quem quer fresco aquático tende ao Milestone, e quem quer fruta com fumaça, ao Intense Man. O Club de Nuit Milestone é bom? Divide mais do que os outros da linha: a nota no Fragrantica é 3,92 de 5, a menor entre os Club de Nuit desta loja, e o Parfumo dá 7,1 em 10 ao cheiro em s",in stock,new,275.00 BRL,,https://www.perfumearabe.com/produtos/armaf-club-de-nuit-milestone/,https://dcdn-us.mitiendanube.com/stores/008/297/978/products/01-armaf-club-de-nuit-milestone-818513f41313abf32a17906884810867-1024-1024.png,Armaf,370601586
1607725785,Rayhaan Elixir Eau de Parfum Masculino 100ml,"Resumo ★ 4,29 no Fragrantica · 1,5 mil votos Mais votado para a noite e os dias frios. 71% noite · inverno e outono Como é o cheiro do Rayhaan Elixir Nos primeiros minutos, a bergamota dá o brilho cítrico e a artemísia, erva de cheiro amargo e aromático, traz o verde. A descrição oficial fala em cítrico e menta na abertura. Depois de uma hora, a lavanda assume o coração, aromática e limpa. O benjoim, resina de cheiro doce e balsâmico, começa a esquentar a mistura. No fim do dia, baunilha e fava-tonka (semente de aroma adocicado, lembra amêndoa) deixam uma base cremosa e adocicada. É a parte que dá o lado oriental. Especificações Característica Detalhe Casa Rayhaan Concentração Eau de Parfum Volume 100 ml Gênero Masculino Ano de lançamento 2024 Família olfativa Oriental Amadeirado Topo Bergamota, artemísia Coração Lavanda, benjoim Fundo Baunilha, fava-tonka Para quem e quando É para quem gosta de um masculino doce com lavanda, sem chegar ao gourmand pesado. Combina com noite, jantar e clima mais ameno. Quando o calor aperta, baunilha e fava-tonka pesam mais: duas ou três borrifadas e o fim do dia são um bom encaixe. No frio, a base doce aparece melhor. Lembra algum perfume famoso? Nas resenhas do Fragrantica aparece a comparação do Rayhaan Elixir com o Le Male Elixir, da Jean Paul Gaultier, e as opiniões se dividem sobre o quanto os dois se aproximam. A comparação é dos usuários; a Rayhaan não faz essa associação. Perguntas frequentes O Rayhaan Elixir é original? Sim. O Elixir da Rayhaan chega lacrado, e o lote vem impresso. Para conferir sem dúvida, use a página de originalidade . O Rayhaan Elixir é doce? É um oriental amadeirado com baunilha e fava-tonka no fundo, e benjoim no coração, então tem doçura. A lavanda e a artemísia mantêm o conjunto aromático, longe do gourmand pesado. O Rayhaan Elixir é parecido com o Le Male Elixir? A comparação aparece nas resenhas do Fragrantica, e as opiniões se dividem sobre o quanto os dois se aproximam. O Elixir da Rayhaan tem pirâmide própria, com bergamota, artemísia, lavanda, benjoim, baunilha e fava-tonka. Qual a diferença entre o Rayhaan Elixir e o Pacific Aura? O Elixir é oriental amadeirado e doce, e pede noite e tempo ameno. O Pacific Aura é aquático e cítrico, de citron e menta, e vai melhor de dia. Veja também Perfume árabe masculino — masculinos da loja, por estilo. Perfume árabe de baunilha — para quem curte fundo de baunilha. Rayhaan Pacific Aura — o Rayhaan aquático e fresco. Rayhaan Obsidian — o Rayhaan de couro, oud e cedro.",in stock,new,247.00 BRL,,https://www.perfumearabe.com/produtos/rayhaan-elixir/,https://dcdn-us.mitiendanube.com/stores/008/297/978/products/01-rayhaan-elixir-5c9852d49c189fbfaf17913391541719-1024-1024.webp,Rayhaan,370601595
1607725799,Rayhaan Obsidian Eau de Parfum Masculino 100ml,"Resumo ★ 4,38 no Fragrantica · 1,4 mil votos Mais votado para a noite e os dias frios. 66% noite · inverno e outono Como é o cheiro do Rayhaan Obsidian Nos primeiros minutos, a íris traz um lado empoado e frio, e a laranja dá um brilho cítrico e doce. É uma saída mais suave do que a de um cítrico comum. Depois de uma hora, o couro entra com cheiro seco e escuro, e a rosa arredonda o conjunto sem deixá-lo floral demais. No fim do dia, sândalo (madeira cremosa), ambrette (semente de cheiro de almíscar vegetal), oud (madeira resinosa de cheiro fumado) e cedro formam uma base amadeirada e escura. Especificações Característica Detalhe Casa Rayhaan Concentração Eau de Parfum Volume 100 ml Gênero Masculino Família olfativa Amadeirado Topo Íris, laranja Coração Couro, rosa Fundo Sândalo, ambrette, oud, cedro Para quem e quando É para quem gosta de perfume masculino escuro, de couro e madeira, e não busca doçura de baunilha. Combina com noite, jantar e ocasiões mais formais. No calor do Brasil, o fundo de oud e couro pesa mais com a umidade; duas ou três borrifadas costumam bastar. No frio, a base escura aparece melhor. Lembra algum perfume famoso? No Fragrantica, usuários comparam o Obsidian ao Dior Homme Parfum, mas discordam sobre qual versão do Dior, a de 2014 ou a de 2025. Alguns também citam o Ultra Male, da Jean Paul Gaultier, pela semelhança no fundo. A leitura é dos usuários, não da casa. Perguntas frequentes O Rayhaan Obsidian é original? Sim, o Obsidian chega com o lacre intacto e o lote impresso. Veja o que olhar ao receber na página sobre originalidade . O Rayhaan Obsidian tem cheiro de couro? Tem, no coração, junto da rosa: o couro entra seco e escuro depois da abertura de íris e laranja. No fundo, ele divide a cena com sândalo, ambrette, oud e cedro. O Rayhaan Obsidian lembra o Dior Homme Parfum? Usuários do Fragrantica fazem essa comparação, e não há acordo sobre qual versão do Dior. Outros citam o Ultra Male, da Jean Paul Gaultier. Nenhuma das duas vem da Rayhaan. Qual a diferença entre o Obsidian e o Rayhaan Elixir? O Obsidian é amadeirado e escuro, com couro, oud e cedro, sem baunilha. O Elixir é oriental amadeirado e doce, com lavanda, baunilha e fava-tonka. Veja também Perfume árabe masculino — masculinos da vitrine, por ocasião. Perfume árabe amadeirado — outros de sândalo e cedro. Perfume oud — perfumes com oud em destaque. Rayhaan Pacific Aura — o Rayhaan aquático, na ponta oposta do Obsidian. Rayhaan Elixir — o Rayhaan doce de lavanda e baunilha. Club de Nuit Iconic Armaf — masculino da Armaf, com toranja e hortelã na saída e cedro e sândalo no fundo.",in stock,new,321.90 BRL,,https://www.perfumearabe.com/produtos/rayhaan-obsidian/,https://dcdn-us.mitiendanube.com/stores/008/297/978/products/01-rayhaan-obsidian-22db7aa3966e57e80917913391704167-1024-1024.webp,Rayhaan,370601603
1607725812,Voux Zingy Paris Corner Eau de Parfum Unissex 100ml,"Resumo ★ 4,04 no Fragrantica · 508 votos Mais votado para o dia e os dias quentes. 88% dia · verão e primavera Como é o cheiro do Voux Zingy Paris Corner O Voux Zingy começa ácido e verde: limão, cidra italiana e bergamota fazem a parte cítrica, e o manjericão entra com aquele cheiro de erva fresca de folha amassada na mão. Na sequência vem a verbena, planta de perfil cítrico e verde que prolonga a saída, com jasmim de flor branca e ambrettolide no coração. Sobra só almíscar no final, um fundo limpo e macio. Não há baunilha nem madeira pesada para adoçar ou engrossar o perfume. Especificações Característica Detalhe Casa Paris Corner Concentração Eau de Parfum Volume 100 ml Gênero Unissex Ano de lançamento 2025 Família olfativa Cítrico Aromático Topo Manjericão, limão, cidra italiana, bergamota Coração Verbena, jasmim, ambrettolide Fundo Almíscar Para quem e quando É para quem quer um cítrico de erva, sem doce e sem especiaria. A Fragrantica o lista como unissex, para homem e para mulher. Sugestão nossa: limão, cidra e manjericão pedem manhã quente, escritório e fim de semana de praia; no calor úmido do Brasil ele fica no tom de colônia fresca, sem pesar. Fixação e projeção No Fragrantica, 15 resenhas dizem quanto tempo o Voux Zingy durou na pele (contagem nossa, lida em 30/09/2026): 9 ficam em até 1 hora, a maior parte entre 10 e 30 minutos; 3 ficam entre 1 e 5 horas; 3 chegam a 7 ou 8 horas, uma delas com 2 horas de projeção forte e mais 5 rente à pele. A projeção descrita vai de fraca a moderada. É a contagem de opiniões de usuários, sem medição; pele e temperatura pesam no resultado. Perguntas frequentes O Voux Zingy parece um body mist? Duas resenhas do Fragrantica (lidas em 30/09/2026) comparam a duração dele à de um body mist, o spray corporal leve. Outras três falam em 7 a 8 horas, então a experiência muda bastante de pessoa para pessoa. O Voux Zingy tem cheiro de manjericão? Tem, logo na saída, junto do limão, da cidra italiana e da bergamota. É o manjericão que tira o Zingy do cítrico comum e dá o lado de erva. Émir Voux Zingy e Voux Zingy são perfumes diferentes? Não. Émir é a linha comercial da Paris Corner em que o Voux Zingy está, e algumas lojas usam o nome completo; a Fragrantica registra só Voux Zingy, com as mesmas notas. Veja também Perfume árabe unissex — outras opções para todos. Voux Zeste Paris Corner — da mesma linha, cítrico com fundo doce. Voux Elegante Paris Corner — da mesma linha, oriental especiado.",in stock,new,277.00 BRL,,https://www.perfumearabe.com/produtos/paris-corner-voux-zingy/,https://dcdn-us.mitiendanube.com/stores/008/297/978/products/01-paris-corner-voux-zingy-6b17fe59eda5fb44ba17914192591954-1024-1024.webp,Paris Corner,370601612
1607725821,Voux Zeste Paris Corner Eau de Parfum Unissex 100ml,"Resumo ★ 4,13 no Fragrantica · 315 votos Mais votado para usar durante o dia. 71% dia · primavera e outono Como é o cheiro do Voux Zeste Paris Corner Nos primeiros minutos, a bergamota e a laranja abrem com brilho cítrico, de casca fresca. É a parte mais leve do perfume. Depois de uma hora, o jasmim traz uma flor branca para o meio da composição e faz a ponte entre o cítrico do começo e o doce que vem depois. No fim do dia, baunilha e caramelo assumem o fundo, doces e cremosos, sobre um almíscar (nota de cheiro limpo e macio, que lembra roupa limpa ou pele). É o lado gourmand, termo para perfume com cheiro de sobremesa. Em algumas lojas, o perfume aparece como Émir Voux Zeste. Émir é o nome da coleção da Paris Corner; o perfume é o mesmo. Especificações Característica Detalhe Casa Paris Corner Concentração Eau de Parfum Volume 100 ml Gênero Unissex Ano de lançamento 2025 Família olfativa Cítrico Gourmand Topo Bergamota, laranja Coração Jasmim Fundo Baunilha, caramelo, almíscar Para quem e quando É para quem gosta de começar com cítrico e terminar com doce, sem chegar a um perfume de sobremesa pesado. Como é unissex, serve para homem e para mulher. Combina com dias amenos e com o fim de tarde. No calor e na umidade do Brasil, a baunilha e o caramelo pesam mais do que o cítrico da abertura. Use duas ou três borrifadas e prefira o fim do dia. Fixação e projeção Os relatos de usuários no Fragrantica variam muito. Das 7 resenhas que dizem quantas horas ele durou na pele (lidas em 30/09/2026), 4 falam em 6 a 8 horas ou mais, 1 em cerca de 4 horas e 2 dizem que ele some em 15 a 20 minutos. Vários dizem que melhora com maceração (o tempo de descanso do perfume no frasco). A projeção também se divide: uns a descrevem como acima da média ou moderada, outros como rente à pele e fraca. São relatos de quem usou, não medição de laboratório — o resultado muda com a pele e o clima. Perguntas frequentes Quanto tempo fixa e como projeta? Os relatos de usuários no Fragrantica variam muito: das 7 resenhas que citam horas na pele (lidas em 30/09/2026), 4 falam em 6 a 8 horas ou mais, 1 em cerca de 4 horas e 2 dizem que ele some em 15 a 20 minutos. A projeção também se divide, entre moderada ou acima da média e rente à pele. Muda com a pele e o clima. É para dia, noite, calor ou frio? Mais para o tempo ameno e para o fim do dia, por causa da baunilha e do caramelo no fundo. A bergamota e a laranja deixam a abertura fresca, mas no calor forte use poucas borrifadas. Para quem combina? Para quem gosta de cítrico com fundo doce, homem ou mulher. Quem prefere um perfume seco, sem baunilha nem caramelo, vai encontrar outra proposta. Veja também Perfume árabe unissex — outras opções para todos. Perfume árabe de baunilha — outros perfumes com baunilha no fundo. Voux Zingy Paris Corner — da mesma linha, cítrico aromático sem doce.",in stock,new,310.90 BRL,,https://www.perfumearabe.com/produtos/paris-corner-voux-zeste/,https://dcdn-us.mitiendanube.com/stores/008/297/978/products/01-paris-corner-voux-zeste-3e1d236ac6992c402a17906886078642-1024-1024.png,Paris Corner,370601619
1607725828,Voux Elegante Paris Corner Eau de Parfum Unissex 100ml,"Resumo ★ 3,95 no Fragrantica · 515 votos Vai do dia à noite, com destaque nos dias frios. 57% noite · inverno e outono Como é o cheiro do Voux Elegante Paris Corner O Voux Elegante começa limpo, com lavanda aromática e bergamota cítrica, e só depois deixa o doce entrar. No meio, mel e canela esquentam a mistura; o jasmim põe uma flor branca e o cashmeran, molécula sintética de cheiro especiado, almiscarado e limpo, encorpa o coração. O tabaco (que lembra feno doce e folha curada) fecha com baunilha e fava-tonka, semente de cheiro doce entre baunilha e amêndoa. É uma base quente, de sobremesa com folha seca. Especificações Característica Detalhe Casa Paris Corner Concentração Eau de Parfum Volume 100 ml Gênero Unissex Ano de lançamento 2024 Família olfativa Oriental Especiado Topo Lavanda, bergamota Coração Mel, cashmeran, canela, jasmim Fundo Tabaco, baunilha, fava-tonka Para quem e quando É para quem gosta de doce especiado, com mel e canela no centro e tabaco no fundo; na Fragrantica aparece como perfume unissex. Sugestão nossa: mel, tabaco e baunilha juntos pedem jantar, noite ou ar-condicionado; no abafado do verão, guarde o Voux Elegante para depois do pôr do sol e vá com duas borrifadas. Fixação e projeção No Fragrantica, 8 resenhas citam quantas horas o Voux Elegante durou na pele (contamos em 30/09/2026), e elas discordam: 4 ficam entre 4 e 6 horas, 2 em até 2 horas (uma diz que quase nada resta depois de 1 hora) e 2 passam de 6 horas. A projeção descrita vai de fraca a moderada e logo fica rente à pele. É contagem de opiniões, sem teste de laboratório; pele e temperatura pesam. Perguntas frequentes Voux Elegante e Voux Elegant são o mesmo perfume? São. Alguns fornecedores escrevem ""Emir Voux Elegant"", sem o ""e"" final, mas é o mesmo Voux Elegante da Paris Corner em 100 ml, com lavanda, mel e tabaco. Qual a diferença entre o Voux Elegante e o Voux Zingy? São perfis opostos da mesma linha. O Voux Elegante, de 2024, é oriental especiado, com mel, canela e tabaco; o Voux Zingy, de 2025, é cítrico aromático, com limão, manjericão e só almíscar no fundo. O Voux Elegante tem canela? Tem, no coração, ao lado do mel, do jasmim e do cashmeran. A canela dá o calor de especiaria antes de o tabaco e a baunilha tomarem a base. Veja também Perfume árabe unissex — outras opções para todos. Perfume árabe de baunilha — outros perfumes com baunilha no fundo. Voux Zeste Paris Corner — da mesma linha, cítrico com fundo doce.",in stock,new,278.00 BRL,,https://www.perfumearabe.com/produtos/paris-corner-voux-elegante/,https://dcdn-us.mitiendanube.com/stores/008/297/978/products/01-paris-corner-voux-elegante-928601c7765004b36b17913390760613-1024-1024.webp,Paris Corner,370601625
1607725839,Spectre Ghost French Avenue Eau de Parfum Masculino 80ml,"Resumo ★ 4,23 no Fragrantica · 3,3 mil votos Mais votado para a noite e os dias frios. 63% noite · inverno e outono Como é o cheiro do Spectre Ghost Especiaria fresca por cima, flor no meio, doce no fim. O gengibre e a pimenta-rosa dão o picante da saída, com a bergamota como toque cítrico e as notas verdes como frescor. No coração, o cardamomo e o cassis (groselha-preta) convivem com a rosa turca. Na base, a baunilha e o benjoim (resina de aroma doce, semelhante ao da baunilha) puxam para o doce, enquanto o sândalo, o cedro e o patchouli seguram a madeira. A French Avenue descreve uma saída picante e fresca, com um toque cítrico, que leva a um coração doce e floral e termina numa mistura quente e reconfortante, com um toque de almíscar. O Parfumo o chama de doce e picante e lista os acordes doce, picante, gourmand, oriental e amadeirado, com as notas nas mesmas posições. Especificações Característica Detalhe Casa French Avenue Frasco Eau de Parfum, 80 ml Gênero Tag ""For Him"" (masculino) e presença na coleção ""Unisex"" do site Estilo, pela casa Picante, âmbar-floral, intensidade média Saída Gengibre, bergamota, pimenta-rosa, notas verdes Meio Cardamomo, cassis, rosa turca Base Baunilha, benjoim, âmbar-cinza, sândalo, cedro, patchouli, almíscar Para quem e quando usar o Spectre Ghost Sugestão nossa: pelo picante da saída e pela baunilha do fundo, o Spectre Ghost combina com noite fresca e ambiente aberto; com calor forte, prefira menos borrifadas, porque a doçura do fundo pesa. A própria casa classifica a intensidade como média. Perguntas frequentes O Spectre Ghost é da French Avenue ou da Fragrance World? French Avenue é a marca. No cadastro do produto no site da casa, o campo de fornecedor aparece como Fragrance World, e o Parfumo informa que o perfume é comercializado pela Fragrance World Trading LLC. Por isso o mesmo perfume aparece com um nome ou com o outro em listagens diferentes. Qual a diferença entre o Spectre Ghost e o Spectre Wraith? São dois perfumes do site da French Avenue. O Ghost é picante e âmbar-floral, de intensidade média, com pimenta-rosa, cardamomo e baunilha como notas-chave. O Spectre Wraith é amadeirado e âmbar-baunilha, de intensidade forte, com rum, café e cana-de-açúcar. O Spectre Ghost tem cheiro de rosa? A rosa turca está no coração, e a French Avenue descreve esse coração como doce e floral. Mas as notas-chave que a casa destaca são pimenta-rosa, cardamomo e baunilha, e o Parfumo não põe floral entre os acordes que lista. Pimenta-rosa é uma especiaria, não a flor. Existe conjunto com o Spectre Ghost? O catálogo da French Avenue tem o ""Alter Ego Duo"", que junta o Liquid Brun e o Spectre Ghost. Esta página é só do Spectre Ghost, Eau de Parfum de 80 ml. O Spectre Ghost é masculino ou unissex? Pela tag ""For Him"", masculino; mas o site da casa também o coloca na coleção ""Unisex"", e o Parfumo o registra para mulheres e homens. Quanto tempo o Spectre Ghost dura? Sem número de fixação aqui. A média dos votos de fixação no Parfumo é 8,0 (455 votos) e a de projeção, 7,9 (452), na leitura de 30/09/2026; são impressões de quem usou, e pele e clima mudam o resultado. Veja também Perfume árabe masculino — os masculinos da loja, em um só lugar. Perfume árabe baunilha — perfumes com baunilha no fundo, como o do Spectre Ghost. Spectre Wraith French Avenue — o outro Spectre da loja, com café e rum. Liquid Brun French Avenue — outro perfume da French Avenue na loja, o que faz par com o Ghost no Alter Ego Duo. Perfumes French Avenue — a marca e os outros perfumes dela na loja.",in stock,new,369.00 BRL,,https://www.perfumearabe.com/produtos/french-avenue-spectre-ghost/,https://dcdn-us.mitiendanube.com/stores/008/297/978/products/01-french-avenue-spectre-ghost-238303c29a11ad898f17906887897917-1024-1024.png,French Avenue,370601634
1607728613,Liquid Brun Limited Edition Extrait de Parfum Unissex 150ml,"Resumo ★ 4,48 no Fragrantica · 1,4 mil votos Mais votado para a noite e os dias frios. 64% noite · inverno e outono Como é o cheiro do Liquid Brun Limited Edition A saída mistura frutas cítricas com cardamomo, especiaria fresca, e lavanda aromática. É a lavanda que dá o lado fougère, de barbearia clássica, logo no começo. O coração passa para flor de laranjeira e rosa, duas flores de cheiro doce, com o guaiaco, madeira de cheiro defumado, por baixo delas. A base junta âmbar seco, baunilha e fava-tonka (semente de perfume doce, com lembrança de amêndoa). O musgo de carvalho, terroso e úmido, puxa o fundo para o seco e impede a baunilha de dominar. Especificações Característica Detalhe Casa French Avenue Edição Limited Edition Concentração Extrait de Parfum Volume 150 ml Gênero Unissex Ano de lançamento 2025 Família olfativa Fougère Oriental Âmbar Topo Frutas cítricas, lavanda, cardamomo Coração Flor de laranjeira, rosa, guaiaco Fundo Âmbar seco, baunilha, fava-tonka, musgo de carvalho Para quem e quando É para quem quer lavanda e especiaria na saída e baunilha seca no fundo, sem ficar só no doce. No Fragrantica, os votos de uso se concentram no inverno e na noite. Sugestão nossa: no verão úmido, use de noite e com duas borrifadas; o âmbar e a baunilha ficam pesados em pleno sol. Perguntas frequentes O Liquid Brun Limited Edition é original? Sim, é a edição limitada da própria French Avenue. Como conferir está na página de originalidade . Qual a diferença entre o Liquid Brun e o Limited Edition? O Liquid Brun é Eau de Parfum masculino de 100 ml, de 2024, com canela, praliné e guaiaco. O Limited Edition é Extrait de Parfum de 150 ml, de 2025, com cardamomo, lavanda, flor de laranjeira, baunilha e âmbar seco. São dois perfumes diferentes. O Liquid Brun Limited Edition é masculino ou unissex? O Fragrantica o lista como ""women and men"". O site da French Avenue descreve a edição como mais rica e quente (""more masculine"") e com um ""masculine trail"" no fundo, sem rotulá-la como unissex. Aqui ele está como unissex, seguindo o Fragrantica. O Liquid Brun Limited Edition tem lavanda? Tem, na saída, junto das frutas cítricas e do cardamomo. A lavanda é o que puxa esta edição para o fougère; o Liquid Brun comum não traz lavanda na pirâmide. O que é Extrait de Parfum? É a concentração mais alta de óleo perfumado, acima do Eau de Parfum. No Liquid Brun Limited Edition, isso vem com uma abertura de lavanda e cardamomo e um fundo de baunilha e âmbar seco. Veja também Liquid Brun (versão comum, Eau de Parfum 100 ml) — o original, com canela e guaiaco. Perfume árabe unissex — perfumes para qualquer pessoa. Perfume árabe de baunilha — quem gostou do fundo de baunilha e tonka. Vulcan Feu — mais um French Avenue da vitrine. Perfumes French Avenue — a casa da edição limitada, lado a lado.",in stock,new,644.90 BRL,,https://www.perfumearabe.com/produtos/french-avenue-liquid-brun-limited-edition/,https://dcdn-us.mitiendanube.com/stores/008/297/978/products/01-french-avenue-liquid-brun-limited-edition-3bc4576b97983604d117906877297545-1024-1024.png,French Avenue,370603433
1607728615,Royal Blend Nero Extrait de Parfum Masculino 100ml,"Resumo ★ 4,53 no Fragrantica · 961 votos Mais votado para a noite e os dias frios. 75% noite · inverno e outono Como é o cheiro do Royal Blend Nero Um cítrico que vira sobremesa com especiaria. A bergamota traz o brilho cítrico da saída, e a noz-moscada, a tâmara e a maçã dão a ela um lado de fruta seca e especiaria quente. No coração, a canela e o açafrão (especiaria de cheiro agridoce e terroso) ficam sobre uma madeira seca. A base é de baunilha, benjoim (resina de aroma doce, semelhante ao da baunilha), fava tonka (semente que lembra baunilha, amêndoa e cravo) e almíscar. Especificações Item Dado Casa French Avenue Frasco Extrait de Parfum, 100 ml Gênero Tag ""For Him""; coleção ""Unisex"" do site; a página fala em ""unisex"" Estilo, pela casa Amadeirado, cítrico-baunilha, intensidade forte Notas de saída Bergamota, noz-moscada, tâmara, maçã Notas de meio Canela, açafrão, madeira seca Notas de base Baunilha, benjoim, fava tonka, almíscar Para quem e quando usar o Royal Blend Nero A própria French Avenue o indica para dias mais frios (""Ideal for cooler days""). Sugestão nossa: no calor brasileiro, um Extrait de intensidade forte pede poucas borrifadas, de preferência à noite. Perguntas frequentes O Royal Blend Nero é Extrait ou Eau de Parfum? É Extrait de Parfum de 100 ml. A especificação da página da French Avenue diz ""Product - Extrait"" e ""Size - 100 Ml"", e a tag do produto também é ""Extrait"". Qual a diferença entre o Royal Blend Nero e os outros Royal Blend? O site da French Avenue tem cinco perfumes com esse nome: Royal Blend, Royal Blend Bourbon, Royal Blend Vintage, Royal Blend Sequoia e Royal Blend Nero, todos marcados como Extrait. O Sequoia leva a tag ""For Her"" e os demais, ""For Him"". Cada um é um perfume à parte, com notas próprias; este é o Nero, cítrico-baunilha. O Royal Blend Nero tem cheiro de tâmara? A tâmara é uma das quatro notas de topo, junto com bergamota, noz-moscada e maçã, tanto na lista da French Avenue quanto na do Parfumo. A lista não diz em que proporção ela aparece. O Royal Blend Nero é mais cítrico ou mais doce? A French Avenue o resume como cítrico com calor de baunilha, um toque de especiaria e um fundo amadeirado, e dá ao perfil o nome ""Citrus - Vanilla"". O Parfumo o descreve como gourmand e doce e lista os acordes gourmand, doce, oriental, picante e cremoso. O Royal Blend Nero é masculino ou unissex? A tag é ""For Him"", mas o site da French Avenue põe o perfume na coleção ""Unisex"", e o texto da página o chama de ""unisex citrus-vanilla fragrance"". O Parfumo o registra para mulheres e homens. Quanto tempo o Royal Blend Nero dura? Não há número de fixação nesta página. No Parfumo, em 30/09/2026, 142 pessoas deram média 8,7 à fixação e 143 deram 8,5 à projeção; as duas dependem da pele e do clima. Veja também Perfume árabe masculino — os masculinos da loja e a família olfativa de cada um. Perfume árabe de baunilha — outros perfumes com baunilha na base, como o Nero. Vulcan Feu — outro French Avenue da loja, presente na coleção ""Unisex"" do site da casa, como o Nero. Perfumes French Avenue — os French Avenue da loja, na página da casa.",in stock,new,304.00 BRL,,https://www.perfumearabe.com/produtos/french-avenue-royal-blend-nero/,https://dcdn-us.mitiendanube.com/stores/008/297/978/products/01-french-avenue-royal-blend-nero-c2f9a620a072cd9b3117906877615761-1024-1024.png,French Avenue,370603435
1607728678,Attar Al Wesal Al Wataniah Eau de Parfum Unissex 100ml,"Resumo ★ 4,35 no Fragrantica · 698 votos Mais votado para a noite e os dias frios. 73% noite · inverno e outono Como é o cheiro: notas do Attar Al Wesal O Attar Al Wesal põe uma fruta doce no meio de ervas: a pera suculenta vem cercada de lavanda e menta, e bergamota e limão cortam o doce antes que ele domine. Por baixo dessa saída está a especiaria: canela, alcaravia (semente aromática, de cheiro seco) e sálvia-esclareia, uma erva de cheiro limpo e levemente adocicado. A casca de baunilha negra, o âmbar e o patchouli deixam um fundo quente e terroso, com cedro por baixo. O âmbar é um acorde doce e resinoso, não uma matéria-prima única. O ""attar"" do nome remete ao perfume árabe tradicional em óleo, sem álcool. Este produto é um Eau de Parfum, não um óleo. Especificações Característica Detalhe Casa Al Wataniah Concentração Eau de Parfum Volume 100 ml Gênero Unissex, segundo o iScentive (o site da Al Wataniah não informa gênero) Ano de lançamento 2020 Família olfativa Aromático Especiado Amadeirado Topo Pera, lavanda, menta, bergamota, limão Coração Canela, alcaravia, sálvia-esclareia Fundo Casca de baunilha negra, âmbar, patchouli, cedro Para quem e quando É para quem gosta de perfume aromático com canela e baunilha, mais quente do que fresco. O site da Al Wataniah não diz se é masculino, feminino ou unissex; o iScentive o lista como unissex. O iScentive, com base em 9 avaliações (dado provisório), aponta ocasião especial e encontro como os usos mais bem avaliados e o considera adequado ao ano todo. Sugestão nossa para o calor e a umidade do Brasil: a pera e a menta da saída são a parte leve, mas a canela e o patchouli dão o tom do perfume, então ele combina mais com a noite e com os meses frescos. Não confunda com o Attar Al Wesal Elixir: é outro perfume. Fixação e projeção O iScentive, que reúne avaliações da comunidade, dá longevidade de 7,1/10 e projeção de 7,0/10 (forte), com duração estimada de 8 horas, em 9 avaliações; o próprio site marca os números como provisórios. Com tão poucos votos, o número serve de pista, não de regra. Perguntas frequentes O Attar Al Wesal chega ao fim de um dia de trabalho? O único número que achamos é do iScentive: duração estimada de 8 horas, com longevidade 7,1/10 e projeção 7,0/10. São só 9 avaliações, que o próprio site chama de provisórias. O Attar Al Wesal é um óleo? Não. Apesar do ""attar"" no nome, que lembra o perfume árabe tradicional em óleo, este é um Eau de Parfum em spray, de 2020. O Attar Al Wesal é doce? É doce na medida da pera e da baunilha negra, mas não é um gourmand: lavanda, menta, limão e sálvia-esclareia puxam para o aromático, e a canela e o patchouli deixam o conjunto mais quente que açucarado. Qual a diferença entre o Attar Al Wesal e o Sabah Al Ward? Os dois são da Al Wataniah e só dividem baunilha e patchouli no fundo. O Sabah Al Ward é um feminino frutado gourmand, com laranja-mandarina, flor de laranjeira, cacau e jasmim; o Attar Al Wesal fica no aromático especiado, com pera, lavanda, menta e canela. Também não é o Attar Al Wesal Elixir, que é outro perfume. Veja também Perfume árabe unissex — outras opções unissex. Perfume árabe amadeirado — outros amadeirados da loja. Sabah Al Ward — outro Al Wataniah da loja.",in stock,new,187.50 BRL,,https://www.perfumearabe.com/produtos/al-wataniah-attar-al-wesal/,https://dcdn-us.mitiendanube.com/stores/008/297/978/products/01-al-wataniah-attar-al-wesal-aaa4aed4ac2ed882b917906518331692-1024-1024.png,Al Wataniah,370603458
1607728683,Rasasi Hawas Ice Eau de Parfum Unissex 100ml,"Resumo ★ 4,39 no Fragrantica · 8,6 mil votos Mais votado para o dia e os dias quentes. 71% dia · verão e primavera Como é o cheiro O Hawas Ice é frio por cima e quente por baixo. A maçã gelada (""Frozen Apple"", no bloco de notas da Rasasi) abre junto com bergamota e limão da Itália, e o anis-estrelado, especiaria com cheiro de alcaçuz, corta esse gelo com um traço seco. O calor vem do cardamomo, que divide o coração com flor de laranjeira e ameixa. O mesmo bloco da Rasasi lista ainda um acorde marinho gelado (""Marine Accord Iced""), a nota que puxa o perfume para o lado aquático. Musgo cristal (""Crystral Moss"", na grafia da Rasasi), madeira flutuante, âmbar e almíscar formam a base, limpa e amadeirada. O almíscar, hoje quase sempre sintético, lembra pele limpa. Especificações Característica Detalhe Casa Rasasi Concentração Eau de Parfum Volume 100 ml Gênero Unissex na loja da Rasasi; a descrição do mesmo produto fala em masculino Ano de lançamento 2023 Família olfativa Aromático Aquático Topo Maçã gelada, bergamota da Itália, limão da Itália, anis-estrelado Coração Flor de laranjeira, acorde marinho gelado, ameixa, cardamomo Fundo Musgo cristal, madeira flutuante, âmbar, almíscar Topo, coração e fundo seguem o bloco de notas (""Fragrance Notes"") da página da loja oficial da Rasasi, lida em 30/09/2026. A descrição do mesmo produto e o Fragrantica trazem o coração sem o acorde marinho e o fundo com ""musgo"" simples; a pirâmide da loja traz as duas notas, a descrição não, e esta página não escolhe entre as listas. Para quem e quando É para quem quer um perfume gelado, sem baunilha nem oud. Sugestão nossa: é o Hawas da loja para o calor úmido de janeiro, no trabalho ou depois da academia. Perguntas frequentes De onde vem o efeito gelado do Hawas Ice? De duas notas que a Rasasi chama de geladas no bloco de notas da loja oficial: a maçã gelada do topo (""Frozen Apple"") e o acorde marinho gelado do coração (""Marine Accord Iced""). Bergamota e limão da Itália reforçam o frescor na saída. O Hawas Ice tem cheiro de anis? Tem um toque. O anis-estrelado está no topo, ao lado da maçã e dos cítricos, e dá um fundo de alcaçuz seco que impede a abertura de ficar só frutada. Qual a diferença entre o Hawas Ice e o Hawas For Him? O Hawas For Him é o original da linha, de 2015, com canela no topo e âmbar-cinza e patchouli no fundo. O Hawas Ice, de 2023, troca a canela por anis-estrelado e maçã gelada e traz o acorde marinho gelado no coração. O Hawas Ice aguenta o verão brasileiro? É a estação em que ele mais aparece: no Fragrantica, verão e primavera lideram os votos de uso, com o dia bem à frente da noite. Sugestão nossa: no calor úmido, a maçã gelada e os cítricos são a parte que mais se nota. O Hawas Ice é masculino ou unissex? É unissex pela Rasasi: a loja oficial (rasasistore.com) traz no campo de gênero ""Gender UNISEX"" e na coleção ""UNISEX / EAU DE PARFUM / 100 ML"", lidos em 30/09/2026. A descrição do mesmo produto usa ""spray for him"", e o Fragrantica o põe entre os masculinos (""for men""). Veja também Perfume árabe unissex — outras opções unissex. Hawas Black — outro Hawas da Rasasi na loja. Hawas For Him — a versão original da linha.",in stock,new,334.00 BRL,,https://www.perfumearabe.com/produtos/rasasi-hawas-ice/,https://dcdn-us.mitiendanube.com/stores/008/297/978/products/01-rasasi-hawas-ice-a55b554810cc0941f717913391193366-1024-1024.webp,Rasasi,370603460
1607728686,Ophidian Mango Bliss Paris Corner 100ml,"Resumo ★ 4,18 no Fragrantica · 678 votos Mais votado para o dia e os dias quentes. Fixação 7,3/10 · Projeção 7,5/10 · 76% dia · verão e primavera Como é o cheiro do Ophidian Mango Bliss Paris Corner O Mango Bliss engana pela saída. A manga madura domina, com limão para cortar o doce, gengibre para dar picância e frutas vermelhas para deixar tudo mais suculento. O meio é de jasmim, flor branca de cheiro intenso, com notas amadeiradas e cumarina, substância de cheiro doce e de feno. A base é bem mais escura do que a manga sugere: almíscar, âmbar, óleo de cipriol (raiz de cheiro terroso, também chamada nagarmotha), agarwood e oud. Oud é a resina de uma madeira de cheiro profundo, muito ligada à perfumaria árabe. Especificações Característica Detalhe Casa Paris Corner Concentração A Paris Corner cadastra como Extrait de Parfum; a descrição do nosso fornecedor traz Eau de Parfum Volume 100 ml Gênero Mulheres e homens no Fragrantica e no Parfumo; coleção Men no site da Paris Corner Ano de lançamento 2024 Família olfativa Frutado Tropical Topo Manga, limão, gengibre, frutas vermelhas Coração Jasmim, notas amadeiradas, cumarina Fundo Almíscar, âmbar, óleo de cipriol, agarwood, oud Para quem e quando É para quem gosta de perfume de fruta, mas quer madeira e oud por baixo em vez de só doce. Fragrantica e Parfumo o põem como perfume para os dois públicos; no site da Paris Corner, ele está na coleção Men. Sugestão nossa: manga e limão pedem clima quente, passeio e trabalho casual; à noite, é o oud do fundo que dá corpo. Fixação e projeção No Parfumo, a durabilidade tem média de 7,3/10 em 57 votos e a projeção (sillage), 7,5/10 em 56 votos (consulta em 30/09/2026). Com menos de 60 votos, a amostra é pequena, e cada voto vem de uma pele e de um clima; não trazemos número de horas. Perguntas frequentes O Ophidian Mango Bliss é Extrait de Parfum ou Eau de Parfum? A Paris Corner cadastra o Ophidian Mango Bliss como Extrait de Parfum; a descrição do nosso fornecedor traz Eau de Parfum. Por isso não afirmamos uma só concentração: as duas informações aparecem aqui, cada uma com a sua origem. O Ophidian Mango Bliss tem oud? Tem, na base, com agarwood, almíscar, âmbar e cipriol, segundo o site da Paris Corner e o Fragrantica. Ele não aparece na saída, que é toda de fruta: manga, limão, gengibre e frutas vermelhas. O Ophidian Mango Bliss é muito doce? A saída é: a Paris Corner o classifica como frutado tropical, e os acordes mais votados no Fragrantica são frutado, tropical, doce e cítrico. A cumarina do meio também é doce, mas o fundo de oud e cipriol tira o perfume do território de sobremesa. O Ophidian Mango Bliss é original? É Paris Corner original. O que conferir no frasco e na caixa do seu Mango Bliss está em Perfume árabe original . Veja também Perfume árabe unissex — mais opções de perfume árabe unissex. Perfume árabe doce — outros perfumes de fundo doce e frutado. Perfume árabe com oud — perfumes com oud no fundo. Lueur d'Espoir Serene Grove — outro Paris Corner da loja, floral frutado.",in stock,new,304.00 BRL,,https://www.perfumearabe.com/produtos/paris-corner-ophidian-mango-bliss/,https://dcdn-us.mitiendanube.com/stores/008/297/978/products/01-paris-corner-ophidian-mango-bliss-da4b90b86398376db517913390658614-1024-1024.webp,Paris Corner,370603462
1607728701,Lueur d'Espoir Serene Grove Paris Corner Unissex 100ml,"Resumo ★ 4,05 no Fragrantica · 115 votos Como é o cheiro do Lueur d'Espoir Serene Grove Paris Corner O Serene Grove mistura fruta de pomar com erva de horta. Limão e laranja trazem a acidez, a groselha-preta um frutado escuro e a hortelã o frescor. O coração junta figo, manjericão, jasmim e cenoura. O figo dá um doce verde, o manjericão um toque de erva de cozinha, o jasmim uma flor branca presente, e a cenoura um lado de raiz, discreto. Pêssego e almíscar formam a base macia: o pêssego mantém o doce de fruta, e o almíscar, hoje quase sempre sintético, lembra pele limpa. Especificações Característica Detalhe Casa Paris Corner (linha Emir) Concentração não declarada pela casa Volume 100 ml Gênero Unissex Ano de lançamento 2025 Família olfativa Floral Frutado Topo Limão, laranja, groselha-preta, hortelã Coração Figo, manjericão, jasmim, cenoura Fundo Pêssego, almíscar Para quem e quando É para quem prefere fruta com erva a doce de baunilha ou oud. Serve a homens e mulheres que querem um perfume verde e frutado. Sugestão nossa: a abertura de limão, laranja e hortelã do Serene Grove pede calor, trabalho e passeio; no abafado do verão brasileiro, duas ou três borrifadas costumam bastar. Perguntas frequentes O Serene Grove tem figo? Tem, no coração, ao lado de manjericão, jasmim e cenoura. Site da casa e Fragrantica trazem as mesmas notas, e o figo é o ponto em que a fruta da saída encontra a erva. Por que o Serene Grove aparece como Emir e como Lueur d'Espoir? É um só perfume com nomes de catálogo diferentes. A Paris Corner chama o produto de Lueur d'Espoir Serene Grove no próprio site, e o Fragrantica o lista na Paris Corner com esse nome. O Parfumo o cataloga como Serene Grove na marca Emir, que é a linha da Paris Corner a que ele pertence, e revendas brasileiras anunciam os dois nomes juntos. O Serene Grove é Eau de Parfum? A Paris Corner não declara a concentração na página do produto, e o Fragrantica também não informa. As revendas o anunciam como EDP, e por isso a tabela desta página diz ""não declarada pela casa"" em vez de afirmar Eau de Parfum. Veja também Perfume árabe unissex — outras opções unissex. Ophidian Mango Bliss — outro Paris Corner da loja, frutado tropical.",in stock,new,254.00 BRL,,https://www.perfumearabe.com/produtos/paris-corner-lueur-despoir-serene-grove/,https://dcdn-us.mitiendanube.com/stores/008/297/978/products/01-paris-corner-lueur-despoir-serene-grove-11f35e1b38e2a899bc17913390486163-1024-1024.webp,Paris Corner,370603466
1607731673,Stella Dustin Homme Elixir Masculino 100ml,"Resumo Stella Dustin Homme Elixir é um perfume masculino da Stella Dustin, versão Elixir da linha Homme, em frasco de 100 ml. A casa não publica a pirâmide olfativa, por isso esta página não lista notas. Especificações Característica Detalhe Casa Stella Dustin Nome Homme Elixir Concentração Não informada nas lojas que vendem este frasco Volume 100 ml Gênero Masculino Como é o cheiro A Stella Dustin não publica a pirâmide olfativa do Homme Elixir, e as descrições que circulam entre as lojas não batem entre si: uma fala em cítricos e âmbar, outra em couro e especiarias. Por isso não listamos notas aqui, porque não dá para afirmar de qual delas o frasco é. O que está confirmado é o essencial: perfume masculino de 100 ml, versão Homme Elixir. A concentração também não aparece nas lojas que o vendem. Se o cheiro é decisivo para você, chame a gente no atendimento antes de comprar. Para quem É um perfume masculino de 100 ml para quem quer conhecer uma casa fora do circuito das marcas mais comuns. Como não há pirâmide publicada nem relato de desempenho desta versão, não fazemos sugestão de clima ou de quantidade. Atenção ao nome: a Stella Dustin tem uma linha Homme com outras versões. Este é o Homme Elixir , confira a palavra ""Elixir"" na caixa. Perguntas frequentes Qual o tamanho e a concentração do Homme Elixir? É um perfume de 100 ml. A concentração não aparece nas lojas que o vendem; se ela for decisiva para você, chame a gente no atendimento. É perfume masculino ou unissex? É masculino. L'Homme Elixir e Homme Elixir são o mesmo perfume? Sim. Há fornecedor que escreve ""L Homme Elixir"", com o artigo francês; é o mesmo frasco masculino de 100 ml da Stella Dustin. Qual a diferença para o Stella Dustin Homme? São versões diferentes da mesma casa, com nomes distintos na caixa. Este anúncio é o Homme Elixir; confira o nome escrito na embalagem. Outros da Stella Dustin Stella Dustin Homme — a versão da linha Homme sem o Elixir no nome, masculina, 100 ml. Sinnos Pour Homme e San Marino — outros masculinos da casa em 100 ml. Todos os perfumes Stella Dustin — a linha completa da casa na loja. Veja também Perfume árabe masculino — outras opções masculinas da loja. Perfume árabe original — como conferimos cada frasco.",in stock,new,333.90 BRL,,https://www.perfumearabe.com/produtos/stella-dustin-homme-elixir/,https://dcdn-us.mitiendanube.com/stores/008/297/978/products/01-stella-dustin-homme-elixir-00b56b930650a2248617908719130495-1024-1024.png,Stella Dustin,370604322
1607731679,Kit Lattafa Asad Collection 4 Miniaturas de 5ml,"Resumo Kit Lattafa Asad Collection reúne 4 miniaturas de 5 ml da coleção Asad, da Lattafa: um jeito de provar a linha antes de escolher o frasco grande, levar na bolsa ou presentear. O que vem no kit São 4 miniaturas de 5 ml, da coleção Asad. O formato compacto cabe em bolsa, mochila ou necessaire. Especificações Característica Detalhe Casa Lattafa Linha Asad Conteúdo 4 miniaturas Volume de cada miniatura 5 ml Para quem e quando Serve para quem quer conhecer a linha Asad em pequenas doses, para quem viaja e prefere não levar frasco grande, e para presente. Fixação e projeção variam com a pele e o clima. Se você já sabe qual Asad quer, veja também os frascos de 100 ml: Asad , Asad Bourbon e Asad Elixir . Perguntas frequentes Quantas miniaturas vêm no kit? Quatro miniaturas, de 5 ml cada. Serve para presente? Serve. O kit reúne quatro miniaturas da linha Asad em formato compacto. Posso levar na mala de mão? O tamanho de 5 ml é compacto e cabe em necessaire. Confira sempre as regras de líquidos da companhia aérea antes de viajar. Veja também Kit perfume árabe — outros conjuntos da loja. Lattafa na loja — os outros perfumes da casa. Kit Lattafa Asad — o conjunto com frasco de 100 ml.",in stock,new,219.90 BRL,,https://www.perfumearabe.com/produtos/kit-lattafa-asad-collection-4x5ml/,https://dcdn-us.mitiendanube.com/stores/008/297/978/products/01-kit-lattafa-asad-collection-4x5ml-c1d0e19997d7ea719c17911956443374-1024-1024.png,Lattafa,370604324
1609183620,Antique Lattafa Niche Emarati 100ml Unissex,"Resumo ★ 4,22 no Fragrantica · 415 votos Vai do dia à noite, com destaque nos dias frios. Fixação 7,8/10 · Projeção 7,3/10 · 51% noite · outono e inverno Como é o cheiro do Antique Lattafa O Antique junta chá preto e coco logo na saída, um contraste de seco e cremoso. O cardamomo (semente especiada, meio fresca) e o figo completam esse topo de tempero e fruta. O coração traz íris, vetiver e jasmim. A íris é a raiz de perfumaria de textura empoeirada, que segura a doçura do topo. O Parfumo descreve o conjunto como especiado, amadeirado, cremoso e doce, e acrescenta leite ao topo (a Lattafa não lista essa nota). O fundo reúne âmbar, sândalo, fava-tonka, caramelo e almíscar. Fava-tonka é a semente de aroma doce e de amêndoa que, junto do caramelo, dá o lado de sobremesa quente. Especificações Característica Detalhe Casa Lattafa (linha Niche Emarati) Concentração não declarada pela casa Volume 100 ml Gênero Unissex (lattafa.com) Família olfativa Especiado amadeirado (segundo o Parfumo) Topo Cardamomo, figo, coco, chá preto Coração Íris, vetiver, jasmim Fundo Âmbar, sândalo, fava-tonka, caramelo, almíscar Para quem e quando Combina com quem gosta de tempero e madeira e aceita um fundo doce, sem baunilha pura. Por ser unissex, serve para homem e mulher. Sugestão nossa: no calor e na umidade do Brasil, o coco e o figo do topo pedem mão leve, duas ou três borrifadas na roupa ou no pulso, de preferência de dia ou em ambiente com ar-condicionado. À noite e no frio, o sândalo e o caramelo têm mais espaço. Fixação e projeção Em 30/09/2026, o Antique tinha no Parfumo média 7,8 de 10 para fixação (157 votos) e 7,3 de 10 para projeção (155 votos). É a avaliação de quem usou, não uma medição, e os votos não separam o frasco de 100 ml do de 20 ml. Perguntas frequentes Antique Lattafa é o mesmo que Lattafa Antique Pride? Não. O Antique é da linha Niche Emarati (100 ml). O nome ""Pride"" pertence à sub-linha La Collection d'Antiquités, com perfumes de notas diferentes, como o 1505 e o 1886. O Antique Lattafa tem versão de 20 ml? A Lattafa vende o mesmo perfume em 20 ml, com as mesmas notas. Esta página trata do frasco de 100 ml. O Antique Lattafa lembra o Gris Charnel, da BDK? Alguns usuários do Parfumo acham que sim: o resenhista Basti87 (26/02/2025) diz que, para quem procura algo no estilo do Gris Charnel, o Antique o atende bem, e outros quatro comentários falam em semelhança, um deles achando o Antique ""mais arejado"". São opiniões individuais; a Lattafa não compara o Antique com nenhum perfume. O Antique é original? O que confere neste frasco é a caixa com ""Niche Emarati Perfumes by Lattafa"" e ""100 ml""; veja como conferimos a originalidade . Veja também Perfume árabe unissex : outras opções para homem e mulher. Perfume árabe amadeirado : madeiras e especiarias da perfumaria árabe. Khanjar Lattafa : outro unissex da linha Niche Emarati. Lattafa : a casa e o restante da linha.",in stock,new,443.00 BRL,,https://www.perfumearabe.com/produtos/lattafa-antique/,https://dcdn-us.mitiendanube.com/stores/008/297/978/products/01-lattafa-antique-06cfce9c25e657b24a17913387695240-1024-1024.webp,Lattafa,371043064
1609183674,Sakeena Lattafa 100ml,"Resumo ★ 3,71 no Fragrantica · 797 votos Votos divididos entre dia e noite. 51% dia · primavera e outono Como é o cheiro do Sakeena Lattafa A saída é de fruta: maracujá e tangerina, com um acorde ozônico por baixo. Ozônico é o efeito de ar limpo, de dia úmido, que deixa a abertura arejada. O coração junta flor de laranjeira e rosa com framboesa e sal marinho. O sal marinho é o detalhe que separa o Sakeena de outros doces frutais: a framboesa ganha um fundo levemente salgado em vez de mais açúcar. A base é a parte de sobremesa: almíscar, baunilha, praliné (amêndoa ou avelã caramelizada) e toffee. É ela que põe o Sakeena na família gourmand. Especificações Característica Detalhe Casa Lattafa Concentração não declarada pela casa Volume 100 ml Ano de lançamento 2022 Classificação da casa Feminino (lattafa.com) Família olfativa Floral Frutado Gourmand Topo Maracujá, tangerina, acorde ozônico Coração Flor de laranjeira, rosa, sal marinho, framboesa Fundo Almíscar, baunilha, praliné, toffee Para quem e quando É um perfume para quem gosta de doce com frescor: a abertura de maracujá e tangerina deixa o conjunto mais leve do que um gourmand de baunilha pura. Sugestão nossa: no calor e na umidade do Brasil, ele fica melhor de dia, em poucas borrifadas na roupa ou no pulso; à noite e no frio o fundo de toffee e baunilha ganha espaço. Fixação e projeção No Parfumo (lido em 30/09/2026), a fixação tem média 7,7/10 e a projeção 7,5/10, cada uma em 37 votos, uma base pequena. São médias de usuários, não teste; pele e temperatura mudam o que você vai sentir. Perguntas frequentes O Sakeena tem cheiro salgado? Um pouco, no meio: o sal marinho aparece junto da framboesa, da flor de laranjeira e da rosa. Não é um perfume de praia; o salgado só corta o doce da fruta antes da baunilha e do toffee. O Sakeena tem cheiro de maracujá? Tem, na saída, ao lado da tangerina e do acorde ozônico. O maracujá é a primeira impressão; depois a fruta cede para as flores e, no fim, para o praliné. Sakeena Lattafa é masculino ou feminino? A Lattafa o classifica como feminino em lattafa.com. A loja americana da marca o cadastra como unissex, mas descreve a página como fragrância feminina, e o Parfumo também o lista para mulheres. Sakeena Lattafa é bom? No Parfumo (lido em 30/09/2026), o aroma tem média de 6,9/10 em 47 votos, o frasco 8,2/10 em 40 votos e a relação custo-benefício 8,4/10 em 33 votos. São médias de usuários em base pequena, não um veredito. Como saber se o Sakeena é original? Na frente da caixa está o volume ""100 ml"", e o código de barras cadastrado pela Lattafa para o 100 ml é 6291108738481; veja também como conferimos a originalidade . Veja também Perfume árabe doce : outros gourmands e frutais adocicados. Perfume árabe feminino : mais opções para quem prefere o lado feminino da perfumaria árabe. Lattafa : a casa e o restante da linha.",in stock,new,349.00 BRL,,https://www.perfumearabe.com/produtos/lattafa-sakeena/,https://dcdn-us.mitiendanube.com/stores/008/297/978/products/01-lattafa-sakeena-d4995f3293edbeee1617913389224218-1024-1024.webp,Lattafa,371043075
1609183706,Mawwal Symphony Saz Masculino Eau de Parfum 100ml,"Resumo ★ 4,38 no Fragrantica · 52 votos Especificações Concentração Eau de Parfum (título do produto no mawwal.com) Tamanho 100 ml Notas de topo toranja, bergamota, pimenta-rosa, groselha preta, abacaxi, noz-moscada, cravo Notas de coração gengibre, cidra, canela, cardamomo, rosa Notas de fundo patchouli, vetiver, musgo de carvalho, ambroxan, almíscar, fava tonka, sândalo Como é o cheiro do Mawwal Saz Segundo a Mawwal, a lista de notas é longa. O topo tem sete: toranja, bergamota, pimenta-rosa, groselha preta, abacaxi, noz-moscada e cravo. O detalhe é que a especiaria seca (noz-moscada e cravo) já está na saída, junto com as frutas, e não só no coração. O coração traz gengibre, cidra, canela, cardamomo e rosa. A cidra é um cítrico de casca grossa, mais amargo que o limão. O fundo é amadeirado e limpo: patchouli, vetiver, musgo de carvalho (um líquen de cheiro verde e terroso), ambroxan (molécula sintética de aroma âmbar-amadeirado), almíscar, fava tonka e sândalo. A família é fougère aromática, segundo o Fragrantica, que atribui o perfume ao perfumista Fábio Navarro e o data de 2025. Qual versão é esta O site da Mawwal nos Estados Unidos (mawwal.com) e o de Dubai (mawwal.ae) publicam listas de notas diferentes para o Saz. Esta página segue a do mawwal.com, que é a mesma do Fragrantica e das lojas brasileiras que vendem o perfume. Se o seu frasco vier com outra lista, as notas podem mudar. Na caixa, o código de barras que começa com 784 corresponde à lista do mawwal.com; o do site de Dubai começa com 629. Não confunda com o spray corporal Symphony Saz de 250 ml nem com o creme hidratante Symphony Saz de 200 ml: são outros produtos da mesma coleção. Para quem e quando usar Sugestão nossa, a partir das notas: toranja, bergamota e cidra deixam o Saz mais fresco do que a maioria dos especiados, o que ajuda em dia quente e úmido. A canela, o cravo e o patchouli pedem mão leve: duas ou três borrifadas no verão, mais nos dias frios. É um perfume para quem gosta de fruta cítrica com pimenta e madeira, sem doçura de baunilha na frente. Serve para o trabalho e para o fim de tarde. O que dizem os votos Em 30/09/2026, o Fragrantica mostrava para o Saz média 4,38 de 5 em 52 avaliações. Essa média mede o quanto o perfume agradou, e não quanto tempo ele dura. Perguntas frequentes Saz e Symphony Saz são o mesmo perfume? São. O nome oficial é Saz, e Symphony é a coleção. O site da Mawwal nos EUA titula ""Mawwal Symphony Saz for Men 100ml Eau de Parfum""; o de Dubai, só ""Saz"". As lojas brasileiras usam Mawwal Symphony Saz. As notas do Saz mudam de um site para o outro? Mudam. O mawwal.com lista toranja, pimenta-rosa, canela e musgo de carvalho; o mawwal.ae lista açafrão, oud e baunilha. Aqui seguimos o mawwal.com, e a caixa do seu frasco mostra de qual lista ele é. O Saz é masculino? O mawwal.com o vende como ""for Men"", e o Fragrantica o classifica como perfume masculino. A leitura das notas é nossa: é um perfil cítrico-amadeirado, sem baunilha na frente. O Saz tem cheiro de doce? Não na frente. A abertura é cítrica, frutada (abacaxi, groselha preta) e picante. Leitura nossa: o único traço de doçura vem do fundo, com a fava tonka. Quem criou o Mawwal Saz? O Fragrantica atribui o Saz ao perfumista Fábio Navarro e o classifica como fougère aromática de 2025. Veja também Perfume árabe masculino Perfume árabe original",in stock,new,294.00 BRL,,https://www.perfumearabe.com/produtos/mawwal-symphony-saz/,https://dcdn-us.mitiendanube.com/stores/008/297/978/products/01-mawwal-symphony-saz-af81c3e1e6bb499c3417908698743804-1024-1024.png,Mawwal,371043084
1609183728,Pinnace French Avenue Eau de Parfum 100ml,"Resumo ★ 3,99 no Fragrantica · 675 votos Mais votado para o dia e os dias quentes. 85% dia · verão e primavera Especificações Concentração Eau de Parfum (frenchavenue.com) Tamanho 100 ml Notas de topo laranja, toranja Notas de coração menta, cassis (groselha-negra) Notas de fundo ambroxan, almíscar Como é o cheiro do Pinnace French Avenue O Pinnace é cítrico com uma fruta escura no meio. A saída é de laranja e toranja, com o amargo da toranja segurando a laranja para ela não adoçar. O coração junta menta e cassis (groselha-negra). A menta refresca, e o cassis traz uma fruta escura e levemente azeda, que é o que separa o Pinnace de um cítrico comum. O fundo fica em ambroxan (nota sintética de cheiro limpo, levemente salgado e mineral) e almíscar, uma base macia de pele limpa. Para quem e quando A French Avenue classifica o perfil como aromático-almiscarado e a intensidade como média, um desenho de dia a dia, trabalho e programa ao ar livre. Sugestão nossa: pela abertura cítrica e mentolada, o Pinnace faz mais sentido no calor e na umidade do Brasil do que em noite fria; se estiver muito quente, comece com duas borrifadas. Fixação e projeção Nos comentários do Fragrantica lidos em 30/09/2026, os relatos se dividem: 11 falam em até umas seis horas ou menos e 9 em seis horas ou mais; na projeção, 9 descrevem um perfume perto da pele e 5, boa presença. A French Avenue indica intensidade média. Na mesma data, a nota geral no Fragrantica era 3,99 de 5 em 675 votos. Perguntas frequentes Quais são as notas do Pinnace French Avenue? Topo: laranja e toranja. Coração: menta e cassis (groselha-negra). Fundo: ambroxan e almíscar. O Pinnace lembra o Pacific Chill, da Louis Vuitton? É a referência mais citada nos comentários do Fragrantica (ao menos 30 autores a mencionam, leitura de 30/09/2026); um deles, em julho de 2025, o chama de ""uma versão leve e arejada"" do Pacific Chill. A semelhança é disputada: pelo menos 5 dizem que não parece, e a French Avenue não faz a comparação. Pinnace, Pinnace Noir e Pinnace Oryn são o mesmo perfume? Não, são três perfumes da mesma coleção. O Pinnace Noir, por exemplo, abre com maçã, bergamota, limão e flor de laranjeira e fecha em cedro, sândalo e baunilha, sem a menta e o cassis do Pinnace. Esta página é do Pinnace, Eau de Parfum de 100 ml. Pinnace White é o mesmo que o Pinnace? É apelido de usuário: ""Pinnace White"" aparece num comentário do Fragrantica de 2024 e em buscas no Google, mas a French Avenue vende o perfume só como Pinnace. O Pinnace é masculino ou feminino? Depende de quem classifica. A French Avenue o vende como masculino (""for men""); o Fragrantica o lista como feminino; e comentários de usuários o descrevem como compartilhável. Pelas notas, é um aromático fresco sem doçura, que cabe a quem gosta desse estilo. O Pinnace é original? Aqui você recebe o Pinnace da French Avenue, e o que confirma é a caixa: confira marca, volume e código de barras. Para o passo a passo, veja o guia de perfume árabe original . Veja também Perfumes French Avenue — todos os perfumes da casa, com notas e perfil. Perfume árabe original — como conferir um frasco e ver a seleção completa.",in stock,new,335.00 BRL,,https://www.perfumearabe.com/produtos/french-avenue-pinnace/,https://dcdn-us.mitiendanube.com/stores/008/297/978/products/01-french-avenue-pinnace-c5a94141c68c2d279917913387056850-1024-1024.webp,French Avenue,371043095
1609183751,Sharaf Blend Zimaya Eau de Parfum 100ml,"Resumo ★ 4,42 no Fragrantica · 2,3 mil votos Mais votado para a noite e os dias frios. 69% noite · inverno e outono Como é o cheiro do Sharaf Blend A pirâmide da casa é curta e vai do especiado ao cremoso. Topo: noz-moscada, açafrão e tâmara. É a parte que dá o ar de ""doce de tâmaras com especiaria"", antes de a baunilha aparecer. Coração: baunilha, pralinê e tuberosa. O pralinê (amêndoa caramelizada) reforça o lado de sobremesa, e a tuberosa, uma flor branca, dá corpo à mistura. Fundo: fava tonka, benjoim, madeira de âmbar e almíscar. Benjoim é uma resina de perfumaria de cheiro doce e balsâmico. A própria Zimaya descreve a base como ""rich oriental base of woods and animalic musk"". O Fragrantica classifica o Sharaf Blend como Aromático Especiado e lista, entre os acordes principais, doce, baunilha, âmbar e especiado quente. Especificações Item Dado Casa Zimaya (submarca da Afnan, segundo a política de privacidade do site da Zimaya) Formato Eau de Parfum, frasco de 100 ml Gênero Unissex (casa) Linha Sharaf Series Ano 2023 (Fragrantica e Parfumo) Perfumista Imran Fazlani, segundo o Fragrantica; é o fundador da Afnan e da Zimaya Família Aromático Especiado (Fragrantica) Nota no Fragrantica 4,42 de 5 em 2.308 votos Notas de topo Noz-moscada, Açafrão, Tâmaras Notas de coração Baunilha, Pralinê, Tuberosa Notas de fundo Fava tonka, Benjoim, Madeira de âmbar (amberwood), Almíscar Para quem e quando usar É para quem gosta de perfume doce e especiado, de baunilha, âmbar e tâmara, e não quer um cítrico ou aquático. Na votação do Fragrantica (lida em 30/09/2026), o uso se concentra no frio e à noite: inverno com 1,7 mil votos e outono com 1,4 mil, contra 149 no verão; noite com 1,4 mil e dia com 631. Sugestão nossa para o Brasil: em dias de calor e umidade, comece com uma ou duas borrifadas, porque perfume doce com âmbar tende a ficar pesado no abafado. Em noite fria de serra ou ar-condicionado forte, cabem mais. Perguntas frequentes O Sharaf Blend tem cheiro de tâmara? Tem, na saída, junto da noz-moscada e do açafrão. A tâmara é o que dá o ar de doce árabe de fruta seca, antes de a baunilha e o pralinê assumirem o coração. O Sharaf Blend é masculino? Não só. O site da Zimaya traz ""100ML | EDP | Unisex"". O Fragrantica e o Parfumo também o listam para mulheres e homens. O Sharaf Blend é Eau de Parfum? Sim, segundo a Zimaya: a página do produto traz ""EDP"". Vale conferir a concentração escrita na caixa quando o frasco chegar. Qual a diferença entre o Sharaf Blend, o Sharaf, o Sharaf The Club e o Sharaf Divine? São quatro perfumes diferentes da Sharaf Series, todos no site da Zimaya. Esta página é só do Sharaf Blend, o de noz-moscada, açafrão e tâmara no topo. O Sharaf Divine é bem mais novo: o Fragrantica noticiou o lançamento em dezembro de 2025. O Sharaf Blend é original? Como conferir? Compare o frasco e a caixa com o cadastro da casa. O cadastro da Zimaya traz o código de barras 6290171074205 para este perfume; compare com o da caixa. Mais em como conferir um perfume árabe original . Veja também Perfume árabe unissex — outros perfumes que servem para homem e mulher. Perfume árabe baunilha — mais perfumes com baunilha no fundo. Perfume árabe doce — a categoria dos doces, com perfis diferentes. Perfumes Afnan — a casa-mãe da Zimaya.",in stock,new,318.00 BRL,,https://www.perfumearabe.com/produtos/zimaya-sharaf-blend/,https://dcdn-us.mitiendanube.com/stores/008/297/978/products/01-zimaya-sharaf-blend-38d85efe36fa2cf25f17908703642718-1024-1024.png,Zimaya,371043104
1609452913,Mawj Appletini Paris Corner Eau de Parfum 100ml,"Resumo ★ 4,04 no Fragrantica · 602 votos Votos divididos entre dia e noite. 58% dia · primavera e verão Como é o cheiro do Mawj Appletini Paris Corner O que separa o Mawj Appletini de um frutado comum é o destilado. Rum e brandy ficam no coração junto da maçã e do abacaxi, e são notas de perfumaria: evocam o cheiro de copo de bebida, sem dizer nada sobre a quantidade de álcool do frasco. A baunilha arredonda a fruta, e o musgo puxa o conjunto para um lado úmido, de sombra, que impede o doce de dominar. A entrada é mais seca do que o coração promete. Cardamomo traz um picante verde, quase de semente moída, e a bergamota corta com cítrico. Quando a fruta e o rum assentam, o fundo fica com ambroxan, molécula sintética de efeito ambarado e limpo, e cedro, madeira seca que deixa o final claro em vez de resinoso. Especificações Característica Detalhe Casa Paris Corner (linha Mawj) Concentração Eau de Parfum (impresso na caixa, na foto oficial da casa) Volume 100 ml Gênero A casa não declara; Fragrantica e Parfumo listam para mulheres e homens Ano 2024 (segundo o Fragrantica) Família olfativa Frutado / Fresco (grupo impresso na caixa, na foto oficial da casa) Topo Cardamomo, bergamota Coração Maçã, rum, brandy, abacaxi, baunilha, musgo Fundo Ambroxan, cedro Nas fotos da casa, o vidro cilíndrico é lapidado em losangos, o líquido tem tom amarelo-esverdeado e um medalhão prateado leva o nome. Para quem e quando Agrada quem gosta de maçã e abacaxi mas cansou de frutado açucarado: o rum, o brandy e o cedro dão um contorno adulto à fruta. Quem quer só um cítrico limpo, ou só baunilha com especiaria, tende a estranhar a mistura de fruta com destilado. Sugestão nossa: bergamota e maçã pedem tarde quente e happy hour; numa festa à noite, mesmo abafada, rum e baunilha combinam com o clima de brinde. No ar-condicionado, o cedro do final aparece mais. Qual é este Mawj Appletini A linha Mawj da Paris Corner tem três perfumes com nome de bebida: Appletini, Moscow Mule e Cognac Blaze. Cada um tem notas próprias; este é o Appletini, vendido pela casa em uma só versão, Eau de Parfum de 100 ml. Entre usuários do Fragrantica, a nota é 4,04/5 em 602 votos. Fixação e projeção Quem votou no Parfumo deu média 7,4/10 para fixação e 7,5/10 para projeção, com 23 votos em cada (leitura de 30/09/2026). É pouca gente votando, e pele seca ou dia muito quente costumam encurtar o que um perfume entrega. Perguntas frequentes Rum e brandy no Mawj Appletini significam que tem mais álcool? Não. Rum e brandy são duas das notas do coração, o cheiro de destilado que o perfumista quis evocar. A concentração é a de Eau de Parfum, impressa na caixa. O Mawj Appletini tem mandarina? Não na lista de notas da Paris Corner, que abre só com cardamomo e bergamota. A mandarina aparece no parágrafo de apresentação da própria casa e na pirâmide do Parfumo, por isso você pode encontrá-la em outros sites. Aqui vale a lista oficial. O Mawj Appletini lembra o Apple Brandy on the Rocks, da Kilian? No Parfumo, o Apple Brandy on the Rocks abre a lista de perfumes parecidos votada pela comunidade, e um resenhista o indica para fãs do Kilian, mas avisa que não o considera uma alternativa de verdade. A Paris Corner não cita nenhum perfume de referência. Mawj Appletini original: o que conferir? Ao receber, olhe lacre, lote e embalagem com o roteiro do guia Perfume árabe original . Na foto oficial, a caixa é preta, com selo prateado ""MAWJ"" e faixa amarelo-limão com o nome. Veja também Perfume árabe unissex — perfumes que ficam bem em qualquer pessoa, por ocasião. Perfume árabe original — o que conferir ao receber. Perfumes Paris Corner — os outros perfumes da casa que a loja tem. Perfume árabe fresco — outras opções leves, cítricas e frutadas.",in stock,new,248.00 BRL,,https://www.perfumearabe.com/produtos/paris-corner-mawj-appletini/,https://dcdn-us.mitiendanube.com/stores/008/297/978/products/01-paris-corner-mawj-appletini-d9c4b274f2a27c60a817913390549991-1024-1024.webp,Paris Corner,371110985
1609453873,Voux Violette Paris Corner Eau de Parfum 100ml,"Resumo Voux Violette é o chipre floral da Paris Corner em Eau de Parfum de 100 ml, e o nome engana: o que se sente é casca de laranja e limão esfregada nos dedos, com baunilha, almíscar e âmbar macios por baixo. Serve a quem quer um cítrico que não termine no refrescante. Como é o cheiro São sete notas na lista da casa, sem divisão em topo, coração e fundo: laranja, limão, bergamota, notas frutadas, baunilha, almíscar e âmbar. Por isso a leitura é de conjunto, e não de etapas. Três cítricos de uma vez dão ao Voux Violette um lado de suco azedinho e casca ralada. As notas frutadas adoçam esse suco, e a dupla baunilha e âmbar o deixa cremoso e morno. O almíscar fica como uma camada lisa, de tecido limpo, que tira o peso da baunilha. Especificações Característica Detalhe Casa Paris Corner (linha Emir, série Voux) Concentração Eau de Parfum (impresso na caixa, na foto oficial da casa) Volume 100 ml Gênero A casa descreve como para mulheres e homens Ano 2022 Família olfativa Chipre floral Notas A fonte não divide em camadas: laranja, limão, bergamota, notas frutadas, baunilha, almíscar, âmbar O frasco roxo-violeta, bojudo e com gomos verticais, tem tampa dourado-rosé nas fotos oficiais; a caixa é roxa, com arabescos em relevo e uma placa prateada com leão. Qual é este Voux Violette Este é o Voux Violette em Eau de Parfum, 100 ml, a única versão que a casa tem. O Voux Zeste , o Voux Zingy , o Voux Elegante e o Voux Blue Oud são outros perfumes da série, com notas próprias. Para quem e quando Vai bem com quem gosta de laranja e limão mas quer um fim mais doce e redondo do que o de uma colônia cítrica. Quem procura madeira seca deve achar a baunilha e a fruta doces demais. Sugestão nossa: o trio cítrico pede manhã e tarde de sol no Brasil; no abafado, a baunilha com âmbar fica mais densa, então vá com pouco e aumente se sentir falta. Perguntas frequentes O Voux Violette tem cheiro de violeta? Violeta não está entre as sete notas da Paris Corner nem nas pirâmides que circulam por aí. A lista da casa é de cítricos (laranja, limão, bergamota) com baunilha, almíscar e âmbar; o violeta fica por conta do frasco e da caixa roxos. Voux Violette e Emir Voux Violette são o mesmo perfume? São. Emir é o nome da linha da Paris Corner e aparece junto do nome em muitas lojas; o perfume é o mesmo, em Eau de Parfum de 100 ml. Os outros Voux, como Zeste ou Zingy, têm cheiro diferente. Por que vejo notas diferentes do Voux Violette em outros sites? Circula outra pirâmide, com abacaxi, jacinto, íris, pimenta-rosa, jasmim, patchouli e vetiver, e só divide com a lista da casa a baunilha, o almíscar e o âmbar. A própria Paris Corner cita abacaxi, jacinto e um acorde pó-de-arroz no texto de apresentação, fora da lista de notas. Nesta página vale a lista oficial. Veja também Perfume árabe unissex — perfumes que ficam bem em qualquer pessoa, por ocasião. Perfume árabe original — o que conferir ao receber. Voux Zeste Paris Corner — da mesma série, cítrico com caramelo e baunilha. Perfumes Paris Corner — os outros perfumes da casa que a loja tem. Perfume árabe floral — outras opções com flor no centro.",in stock,new,310.90 BRL,,https://www.perfumearabe.com/produtos/paris-corner-voux-violette/,https://dcdn-us.mitiendanube.com/stores/008/297/978/products/01-paris-corner-voux-violette-a637358adbfa01500617913390813845-1024-1024.webp,Paris Corner,371111129
1609454112,Zodiac Paris Corner Eau de Parfum 100ml,"Resumo ★ 4,19 no Fragrantica · 140 votos Vai do dia à noite, com destaque nos dias quentes. 58% dia · primavera e verão Como é o cheiro O contraste do Zodiac Paris Corner está logo na saída: a pera é suculenta e o gengibre pica ao lado dela, enquanto a bergamota impede que a fruta fique doce demais. São nove notas, três em cada nível. Topo: gengibre, pera e bergamota. Coração: flor de laranjeira, jasmim e notas amadeiradas. Fundo: almíscar, baunilha e âmbar. No meio, flor de laranjeira e jasmim, duas flores brancas de perfume cheio, ganham um apoio de madeira que tira o lado de buquê. O final volta ao conforto: baunilha e âmbar aquecem, e o almíscar dá acabamento liso. Especificações Característica Detalhe Casa Paris Corner (linha Zodiac) Concentração Eau de Parfum (impresso na caixa) Volume 100 ml Gênero Sem gênero definido pela casa; aparece tanto como unissex quanto como masculino Ano 2024 Família olfativa Oriental floral Notas de topo Gengibre, Pera, Bergamota Notas de coração Flor de laranjeira, Jasmim, Notas amadeiradas Notas de fundo Almíscar, Baunilha, Âmbar Nas fotos oficiais, o frasco retangular tem base cinza-clara fosca, colar e tampa prateados em relevo quadriculado e ""zodiac"" escrito em cursiva preta. Qual é este Zodiac Este é o Zodiac sem sufixo, em Eau de Parfum. A Paris Corner usa o mesmo nome em mais três perfumes, Zodiac Stratos, Zodiac Solmaris e Zodiac Lunaris, e cada um tem pirâmide própria. É bem avaliado por quem já o usou. Para quem e quando Combina com quem quer pera e gengibre na saída e baunilha no fim, sem chegar a um doce de confeitaria. Quem prefere uma base seca, sem açúcar, pode achar a dupla baunilha e âmbar adocicada. Sugestão nossa: gengibre e bergamota funcionam bem em manhã amena; a baunilha com âmbar aparece mais à noite e no tempo frio. Em dia úmido de verão, uma borrifada a menos evita que o fundo pese. Perguntas frequentes Zodiac é o mesmo que Zodiac Stratos, Solmaris ou Lunaris? Não. São quatro perfumes da Paris Corner com pirâmides diferentes: o Solmaris, por exemplo, é aquático, com sal marinho e algas, e o Lunaris leva canela, licor e oud. Este é o Zodiac sem sufixo, de gengibre, pera e bergamota no topo e baunilha e âmbar no fundo. O Zodiac Paris Corner tem cheiro esfumaçado? Nenhuma das nove notas é defumada, mas há quem perceba um toque esfumaçado nele. Os acordes que mais se destacam são cítrico, amadeirado, especiado fresco e floral branco. Se é fumaça que você procura, vale provar antes. O Zodiac tem um perfume para cada signo? Não. Zodiac é o nome da linha, não uma coleção de signos: os quatro perfumes que levam o nome têm complementos (Stratos, Solmaris, Lunaris) e nenhum é ligado a um signo. Veja também Perfume árabe unissex — perfumes que ficam bem em qualquer pessoa, por ocasião. Perfume árabe original — o que conferir ao receber. Perfumes Paris Corner — os outros perfumes da casa que a loja tem. Perfume árabe floral — outras opções com flor no centro.",in stock,new,364.00 BRL,,https://www.perfumearabe.com/produtos/paris-corner-zodiac/,https://dcdn-us.mitiendanube.com/stores/008/297/978/products/01-paris-corner-zodiac-00ddfb3573f7459b0317913390866098-1024-1024.webp,Paris Corner,371111154
1609454407,Hawas Eclat Rasasi Eau de Parfum 100ml,"Resumo ★ 4,09 no Fragrantica · 161 votos Votos divididos entre dia e noite. 52% noite · primavera e inverno Como é o cheiro do Hawas Eclat Rasasi O detalhe que separa o Éclat de outros florais frutados é o incenso escondido atrás da rosa. Pelas pirâmides do Fragrantica e do Parfumo, lichia, pera e bergamota fazem a entrada parecer fruta gelada, e o pistache acrescenta um fundo de castanha que já anuncia a parte cremosa. A rosa ocupa o meio. O incenso, resina queimada com aquele cheiro de igreja, segura a flor pelo lado seco, e ela não escorrega para o açúcar da lichia. Embaixo ficam almíscar, âmbar e madeiras. No Parfumo, os acordes mais votados são doce, cremoso e floral; o Fragrantica põe o Éclat na família oriental floral. Especificações Característica Detalhe Casa Rasasi Concentração Eau de Parfum (informação do fornecedor e das lojas que o vendem) Volume 100 ml Gênero Feminino (segundo o Fragrantica e o Parfumo) Ano 2025 (segundo o Fragrantica e o Parfumo) Perfumista Amandine Galliano (segundo o Fragrantica) Família olfativa Oriental Floral (segundo o Fragrantica) Topo Lichia, pera, bergamota, pistache Coração Rosa, incenso Fundo Almíscar, âmbar, notas amadeiradas; baunilha (só no Fragrantica) Pirâmide montada com o Fragrantica e o Parfumo, porque o Éclat ainda não aparece nas lojas oficiais da Rasasi. Para quem e quando Combina com quem gosta de floral que termina macio e adocicado, e não de rosa seca ou verde. Quem já cansou de perfume de fruta doce provavelmente vai achar o Éclat demais. No Fragrantica, 161 pessoas deram a ele média 4,09 de 5, número que mede o gosto pelo cheiro e não a duração. Sugestão nossa para o verão daqui: lichia e bergamota aguentam bem uma manhã quente, mas almíscar e âmbar crescem no abafado. Duas borrifadas resolvem o dia; a terceira fica para a noite fresca. Perguntas frequentes Hawas Eclat e Hawas for Her são o mesmo perfume? Não. O Hawas for Her saiu em 2015 e é outro perfume da linha. A confusão vem do nome ""Hawas For Her Éclat"", que o Fragrantica usa para o Éclat de 2025, aquele de lichia, pera e pistache no topo. O Hawas Eclat lembra o Delina, da Parfums de Marly? No Parfumo, a comunidade coloca o Delina e o Delina Exclusif na lista de cheiros parecidos com o Éclat, e um resenhista faz a comparação com o Delina por extenso. É a percepção de quem votou, não uma informação da Rasasi. Hawas Eclat tem baunilha? Depende da lista. O Fragrantica põe baunilha no fundo, ao lado de almíscar e âmbar; o Parfumo deixa só âmbar, almíscar e madeiras. Hawas Eclat é original? Sim, é o Éclat fabricado pela Rasasi. Como a casa ainda não o exibe nas lojas oficiais, a conferência da unidade é feita na própria caixa; Perfume árabe original mostra o que observar. Veja também Perfume árabe feminino — os femininos da vitrine, por ocasião. Perfume árabe doce — baunilha, caramelo e sobremesa. Perfume árabe original — o que conferir ao receber. Perfumes Rasasi — a linha Hawas e os outros perfumes da casa na loja.",in stock,new,324.00 BRL,,https://www.perfumearabe.com/produtos/rasasi-hawas-eclat/,https://dcdn-us.mitiendanube.com/stores/008/297/978/products/01-rasasi-hawas-eclat-fe297fc55a0dd03ca117913391025758-1024-1024.webp,Rasasi,371111210
1609454619,Hawas Elixir Rasasi 100ml,"Resumo ★ 4,47 no Fragrantica · 1,4 mil votos Mais votado para a noite e os dias frios. 72% noite · inverno e outono Como é o cheiro Pelas notas, o Hawas Elixir começa frio e termina quente. Menta e bergamota abrem com sensação de ar gelado, e a artemísia, erva amarga de cheiro verde, corta o doce antes que ele apareça. No meio, o chocolate é amargo, nada de confeitaria, e divide espaço com lavanda e benjoim, resina adocicada parecida com baunilha que faz a ponte para o fundo. No fundo ficam baunilha, fava tonka e almíscar branco. Entre os acordes principais, baunilha vem em primeiro, seguida de aromático e verde. Especificações Característica Detalhe Casa Rasasi Nome Hawas Elixir Volume 100 ml Concentração Eau de Parfum (confira na caixa) Gênero Unissex Ano 2024 Família olfativa Oriental Vanilla (oriental baunilha) Topo Menta, bergamota, artemísia Coração Chocolate amargo, lavanda, benjoim Fundo Baunilha, fava tonka, almíscar branco Para quem e quando É para quem gosta de baunilha, mas não de bolo: aqui ela chega depois de erva e de chocolate sem açúcar. Quem evita fundo doce vai sentir peso no final. É unissex, embora parte das lojas o venda como masculino. Sugestão nossa: a menta segura a abertura num dia quente, mas o abafado brasileiro empurra baunilha e chocolate para a frente. Duas borrifadas de dia; a terceira, só à noite ou no frio. Perguntas frequentes Qual a diferença entre o Hawas Elixir e o Hawas Black? São perfumes diferentes, ambos de 2024. O Hawas Black gira em torno de abacaxi e patchouli; o Elixir, de menta, chocolate amargo e baunilha. O Hawas Elixir é uma versão do Hawas for Him? Pelas notas, não. O Hawas for Him , de 2015, é aquático, com maçã e ameixa; o Elixir, de 2024, troca a água por chocolate amargo e baunilha. Cada um é um perfume separado, com pirâmide própria. O chocolate do Hawas Elixir é doce ou amargo? Amargo. O chocolate amargo fica no coração, ao lado de lavanda e benjoim, e o doce do perfume fica por conta da baunilha e da fava tonka do fundo. Como ele surge depois da menta, não é a primeira impressão. Veja também Perfume árabe doce — baunilha, caramelo e sobremesa. Perfume árabe original — o que conferir ao receber. Perfumes Rasasi — a linha Hawas e os outros perfumes da casa na loja.",in stock,new,294.00 BRL,,https://www.perfumearabe.com/produtos/rasasi-hawas-elixir/,https://dcdn-us.mitiendanube.com/stores/008/297/978/products/01-rasasi-hawas-elixir-c07ca8eb4891031ec317913391078121-1024-1024.webp,Rasasi,371111270
1609454923,Hawas Chrome Rasasi Eau de Parfum 100ml,"Resumo ★ 4,45 no Fragrantica · 214 votos Vai do dia à noite, com destaque nos dias quentes. 55% dia · verão e primavera Como é o cheiro O que distingue o Hawas Chrome é uma nota de água no meio das frutas. Pêssego, laranja doce e frutas amarelas abrem suculentos, sem especiaria nem madeira na frente. Em seguida chegam maracujá e manga, e é a água que dá ao conjunto cara de suco gelado em vez de compota; o maracujá puxa para o azedinho tropical. Por baixo ficam almíscar, âmbar e baunilha. O almíscar lembra pele limpa, e a baunilha faz o arremate doce. Especificações Característica Detalhe Casa Rasasi Nome Hawas Chrome Volume 100 ml Concentração Eau de Parfum (confira na caixa) Gênero Unissex Ano 2026 Topo Pêssego, laranja doce, frutas amarelas Coração Maracujá, manga, frutas, água Fundo Almíscar, âmbar, baunilha Para quem e quando Para quem quer fruta reconhecível no perfume, pêssego e manga à frente, e não madeira nem especiaria. Quem foge de doce vai notar a baunilha no final. É unissex, embora algumas lojas o anunciem como masculino. Sugestão nossa: maracujá, água e laranja conversam com o dia abafado do verão brasileiro; no frio, âmbar e baunilha aparecem mais e o Chrome fica aconchegante. Perguntas frequentes Em que momento o maracujá aparece no Hawas Chrome? No coração, dividindo espaço com manga, outras frutas e uma nota de água. Ele aparece depois do pêssego e da laranja doce da abertura e puxa o conjunto para o lado azedinho. Hawas Chrome For Him é o mesmo que Hawas for Him? Não. ""Hawas Chrome For Him"" é só o nome com que algumas lojas anunciam o Chrome, de 2026. O Hawas for Him é outro perfume da linha, de 2015, com notas próprias. O Hawas Chrome lembra o Erba Pura, da Xerjoff? Há quem o aproxime do Erba Pura e do Erba Gold, ambos da Xerjoff. É percepção de quem usa, não algo que a Rasasi diga. Veja também Perfume árabe doce — baunilha, caramelo e sobremesa. Perfume árabe original — o que conferir ao receber. Perfumes Rasasi — a linha Hawas e os outros perfumes da casa na loja.",in stock,new,383.90 BRL,,https://www.perfumearabe.com/produtos/rasasi-hawas-chrome/,https://dcdn-us.mitiendanube.com/stores/008/297/978/products/01-rasasi-hawas-chrome-da3501ab935a05c27117913390972908-1024-1024.webp,Rasasi,371111309
1609455194,Mawwal Malek (Fantasy) Unissex Eau de Parfum 100ml,"Resumo ★ 4,40 no Fragrantica · 62 votos Especificações Campo Detalhe Marca Mawwal Concentração Eau de Parfum Gênero Unissex Família olfativa Amadeirada aromática Tamanho 100ml Notas de topo Noz-moscada, canela, cardamomo, toranja Notas de coração Lavanda Notas de fundo Alcaçuz, sândalo, âmbar, patchouli, vetiver do Haiti Como é o cheiro do Mawwal Malek A graça do Malek está na lavanda sozinha no coração: é a única nota do meio, cercada de especiaria por cima e de madeira por baixo. Assim ela soa como um fio aromático e limpo, e não como sabonete. Antes dela, noz-moscada, canela e cardamomo chegam junto com a toranja, um começo de especiaria quente cortado por um azedinho de fruta. Depois, o perfume assenta em sândalo, âmbar, patchouli e vetiver do Haiti, um fundo de madeira e terra. Foi lançado em 2025. Qual versão é esta Esta página fala do Malek em Eau de Parfum de 100 ml, e no título ""Fantasy"" é a coleção da casa e Malek, o perfume; também aparece grafado ""Malék"". É unissex, e o rótulo masculino que aparece em algumas lojas brasileiras é delas. Para quem e quando usar Serve para quem gosta de madeira com especiaria e não quer baunilha na frente. Sugestão nossa, olhando a pirâmide: vai bem no trabalho, na faculdade e no fim de tarde. No abafado, mão leve, porque canela e patchouli pesam mesmo com a toranja e a lavanda aliviando a saída. O que dizem as avaliações Quem já provou costuma avaliar bem o Malek. A avaliação diz se as pessoas gostaram do cheiro, e não quanto tempo ele dura. Perguntas frequentes O spray Fantasy Malek de 250 ml é igual a este perfume? São produtos diferentes. Com o nome Fantasy Malek, a loja da Mawwal no Brasil também vende um spray corporal de 250 ml e um creme hidratante de 200 ml; o perfume desta página é o Eau de Parfum de 100 ml. Qual é a nota de fundo do Malek? Sândalo, âmbar, patchouli e vetiver do Haiti estão em todas as listas da Mawwal. A quinta nota muda conforme o site da casa: o mawwal.com diz alcaçuz, e o site de Dubai (mawwal.ae) traz outra no lugar, com topo e coração idênticos. Por isso a quinta nota pode variar conforme a versão do frasco. Como saber se o meu Malek é a versão das Américas ou a de Dubai? Pelo código de barras da caixa. O Malek do catálogo das Américas, o mesmo do mawwal.com, usa o EAN 7841881035377; o do site de Dubai, 6295155150289. É na versão das Américas que a lista de fundo traz alcaçuz. O Malek tem relação com o Club de Nuit Maleka ou com o Lail Maleki? Nenhuma além do nome parecido. O Club de Nuit Maleka é da Armaf e o Lail Maleki é da Lattafa; o Malek é da Mawwal, com pirâmide própria de especiarias, lavanda e madeiras. O Malek é mais amadeirado ou mais doce? Mais amadeirado: não há baunilha na lista, e a base é de sândalo, âmbar, patchouli e vetiver, com alcaçuz na versão das Américas. Para examinar caixa e frasco, há o roteiro de Perfume árabe original . Veja também Perfume árabe masculino — os masculinos da vitrine, por ocasião. Perfume árabe original — o que conferir ao receber. Perfume árabe unissex — perfumes que ficam bem em qualquer pessoa, por ocasião. Perfume árabe amadeirado — outras opções com madeira no fundo.",in stock,new,318.00 BRL,,https://www.perfumearabe.com/produtos/mawwal-fantasy-malek/,https://dcdn-us.mitiendanube.com/stores/008/297/978/products/01-mawwal-fantasy-malek-163c24b4c6a2c27f4117908698810017-1024-1024.png,Mawwal,371111353
1609455416,Eqaab Al Wataniah Eau de Parfum 100ml,"Resumo ★ 4,06 no Fragrantica · 134 votos Mais votado para o dia e os dias quentes. 79% dia · verão e primavera Eqaab é o Eau de Parfum de 100 ml da Al Wataniah que a própria casa resume como amadeirado especiado: lavanda e pimenta-rosa na entrada, ameixa e maçã no meio, vetiver, cedro e camurça no fim. É uma lavanda com fruta escura por baixo e madeira seca no final, para quem quer um aromático que não seja só fresco. Especificações Característica Detalhe Casa Al Wataniah (coleção Classic) Concentração Eau de Parfum (campo ""Type"" da página oficial) Volume 100 ml Gênero A casa não declara; o Fragrantica o classifica como masculino Ano 2023 (segundo o Fragrantica) Caráter ""Spicy woody"", amadeirado especiado, na descrição da casa Topo Lavanda, pimenta-rosa, especiarias Coração Gerânio, ameixa, maçã Fundo Vetiver, cedro, camurça Como é o cheiro do Eqaab A graça do Eqaab, pela lista atual da Al Wataniah, é juntar lavanda com fruta de pomar. A lavanda chega com a pimenta-rosa e outras especiarias, um começo aromático e picante. Logo abaixo, ameixa e maçã trazem uma doçura escura, de fruta madura, e o gerânio, flor de cheiro verde e um pouco mentolado, liga essa fruta à lavanda do topo. O fundo é seco. Vetiver, raiz de cheiro terroso e amadeirado com um toque cítrico, divide espaço com o cedro, e a camurça fecha com um couro macio, aveludado, sem o lado defumado de um couro mais bruto. Para quem e quando Vai bem com quem gosta de lavanda e madeira, mas acha os aromáticos clássicos secos demais: a ameixa e a maçã suavizam o conjunto. O Fragrantica classifica o perfume como masculino; a Al Wataniah não diz para quem é. Sugestão nossa: lavanda e pimenta-rosa funcionam bem de dia, mesmo no calor, e o fundo de vetiver, cedro e camurça encaixa no fim de tarde e no escritório com ar-condicionado. Em dia muito úmido, prefira aplicar pouco e deixar a madeira aparecer aos poucos. Qual é este Eqaab O catálogo da Al Wataniah tem um só Eqaab, em Eau de Parfum de 100 ml, sem outra concentração nem outro tamanho. Se você encontrar o nome com outra descrição de notas, veja a primeira pergunta abaixo. Perguntas frequentes Eqaab de lavanda ou de manga: qual lista de notas é a dele? Hoje o site da Al Wataniah lista lavanda, pimenta-rosa e especiarias; gerânio, ameixa e maçã; vetiver, cedro e camurça. Em outros sites, inclusive no Fragrantica, circula uma pirâmide diferente, com mandarina, manga, rosa, baunilha e sândalo, que já esteve também nos campos de notas da página da própria casa em janeiro de 2025. Não há registro da casa de que a fórmula tenha mudado; nesta página seguimos a lista atual do site oficial. O Eqaab é amadeirado ou frutado? Pela lista atual da casa, é amadeirado especiado, como a própria Al Wataniah descreve: a fruta existe, mas é ameixa e maçã no coração, entre a lavanda e a madeira. A leitura frutada e tropical que aparece em alguns sites vem da outra pirâmide, a de manga e mandarina. Como reconhecer o frasco do Eqaab? Na foto oficial da Al Wataniah, o vidro é incolor, a tampa prateada tem uma águia de asas abertas e o rótulo redondo azul-marinho traz o nome em árabe (عقاب) e em letras latinas (EQAAB). O Eqaab é original? É Al Wataniah original. Lacre, embalagem e os outros pontos para checar a sua unidade estão reunidos em Perfume árabe original . Veja também Perfumes Al Wataniah — os outros perfumes da casa que a loja tem. Perfume árabe amadeirado — outras opções com madeira no fundo. Perfume árabe original — o que conferir ao receber.",in stock,new,258.00 BRL,,https://www.perfumearabe.com/produtos/al-wataniah-eqaab/,https://dcdn-us.mitiendanube.com/stores/008/297/978/products/01-al-wataniah-eqaab-11dc9ccb719e8fbbd317913385908101-1024-1024.webp,Al Wataniah,371111382
1609455561,Rayhaan Imperia Eau de Parfum Masculino 100ml,"Resumo ★ 3,82 no Fragrantica · 170 votos Votos divididos entre dia e noite. 56% dia · primavera e verão Como é o cheiro do Rayhaan Imperia O Imperia se apoia num contraste entre fruta gelada e floresta úmida. De um lado, bergamota italiana, maçã e menta; o elemi das Filipinas (resina de cheiro cítrico) soma um lado de casca de fruta. Do outro, musgo de carvalho (nota verde e escura, de mata molhada), cedro da Virgínia, almíscar e âmbar. No meio do caminho, jasmim e rosa dividem espaço com patchouli da Indonésia e sândalo, que trazem algo terroso e seco. O resultado termina em madeira e musgo, não em doce. Especificações Característica Detalhe Casa Rayhaan Concentração Eau de Parfum Volume 100 ml Gênero Masculino (""For Him"" na página da casa) Ano 2022 (segundo o Fragrantica) Família olfativa Amadeirado Aromático (segundo o Fragrantica) Topo Bergamota italiana, maçã, menta, elemi das Filipinas Coração Jasmim, rosa, patchouli da Indonésia, sândalo Fundo Musgo de carvalho, almíscar, âmbar, cedro da Virgínia Para quem e quando Vai bem para quem quer fresco que não se resume a cítrico: maçã e menta na frente, musgo e madeira sustentando. Quem procura algo adocicado ou baunilhado vai achá-lo seco demais. Sugestão nossa: a saída gelada de maçã e menta conversa com o calor úmido do Brasil, e duas ou três borrifadas cabem no dia a dia, do trabalho à roupa casual. Em noite de clima ameno, o musgo e o cedro ficam mais à frente. No Fragrantica, o Imperia soma nota geral 3,82/5 em 170 votos. Perguntas frequentes O Rayhaan Imperia lembra o Creed Aventus? A comparação é frequente entre os usuários do Parfumo, e o Aventus é o primeiro da lista de semelhantes votada ali. Mas recorrente é a comparação, não o veredito: uns o acham muito próximo, outros dizem que não chega lá. A Rayhaan não cita referência olfativa. O Rayhaan Imperia tem cheiro de maçã? Tem. A maçã está na saída, com bergamota, menta e elemi, e a descrição da própria Rayhaan chega a falar em um ""coração de maçã"" fresco. O Imperia Intense é uma versão mais forte do Imperia? Não. Apesar do nome, o Imperia Intense é outro perfume, com pirâmide própria: abre em anis-estrelado, cipreste, pimenta e tangerina, notas que o Imperia não tem. Os dois aparecem na loja da Rayhaan como Eau de Parfum de 100 ml. Qual a diferença entre o Imperia e o Imperia Legacy? O Legacy também é um perfume à parte dentro da linha, com aldeídos, coentro e sálvia-esclareia na pirâmide, nenhum deles presente no Imperia desta página. Rayhaan Imperia original: como conferir? O código de barras que a Rayhaan cadastra para o Imperia é 6298044138719; confira se bate com o da sua caixa. Lacre e lote estão no guia Perfume árabe original . Veja também Perfume árabe masculino — os masculinos da vitrine, por ocasião. Perfume árabe original — o que conferir ao receber. Perfumes Rayhaan — os outros perfumes da casa que a loja tem. Perfume árabe amadeirado — outras opções com madeira no fundo.",in stock,new,266.00 BRL,,https://www.perfumearabe.com/produtos/rayhaan-imperia/,https://dcdn-us.mitiendanube.com/stores/008/297/978/products/01-rayhaan-imperia-38f6eabccd47ce830d17913391596438-1024-1024.webp,Rayhaan,371111412
1609456263,Rayhaan Italia Eau de Parfum Unissex 100ml,"Resumo ★ 4,39 no Fragrantica · 1,3 mil votos Tem voto de dia e de noite, e a maior parte vem do inverno e do outono. 55% noite · inverno e outono Como é o cheiro do Rayhaan Italia O perfume Rayhaan Italia é um Eau de Parfum unissex de 100 ml que esconde o doce: abre claro, aromático e cítrico, com lavanda, bergamota e limão, e só depois esquenta. No coração entram mel e canela, a especiaria doce. O cashmeran (molécula sintética de cheiro macio, entre madeira e lã) dá corpo, e o jasmim sambac põe uma flor branca no meio do calor. No fundo, baunilha e fava tonka adoçam, e a folha de tabaco dá o tom seco e escuro que impede o conjunto de virar confeito. Há quem diga que não sente o tabaco: essa nota varia de nariz para nariz. Especificações Característica Detalhe Casa Rayhaan Concentração Eau de Parfum Volume 100 ml Gênero Unissex (classificação da casa) Ano 2025 Família olfativa Oriental Amadeirado Topo Lavanda, bergamota, limão Coração Mel, canela, cashmeran, jasmim sambac Fundo Folha de tabaco, baunilha, fava tonka O Rayhaan Italia é bom? Pela nota dos usuários, é: 4,39 de 5, em cerca de 1,3 mil votos. Quem prefere cítrico seco ou aquático vai achá-lo quente demais; quem gosta de mel, canela e baunilha, com um toque de tabaco por baixo, encontra aqui o que procura. Masculino ou unissex? A Rayhaan classifica o Rayhaan Italia unissex e o coloca tanto entre os masculinos quanto entre os femininos. Muitas lojas brasileiras e o Fragrantica o tratam como masculino; por isso há quem procure por Rayhaan Italia masculino. Aqui seguimos a casa: a pirâmide é doce e quente, e o gênero fica por conta do seu gosto. Dia ou noite? Calor ou frio? Dia e noite, mais no frio. A noite leva a melhor por pouco (778 votos contra 634 do dia), e inverno e outono reúnem a maior parte dos votos, e o verão quase não aparece. Sugestão nossa para o Brasil: a carga de mel, baunilha e tonka pede noite, ar-condicionado ou dias de temperatura mais baixa. No calor úmido, use poucas borrifadas, na roupa ou ao ar livre, porque o doce fica mais pesado no ar parado. Lembra algum perfume famoso? Muita gente compara o Rayhaan Italia ao Xerjoff Naxos, de muito próximo a parecido com menos profundidade. O Naxos lidera a lista de parecidos votada pela comunidade, mas é uma referência olfativa, não uma equivalência, e a Rayhaan não fala em inspiração. O Rayhaan Italia é original? Dá para conferir pelo EAN: o cadastro da casa traz 6297001571279 para a variante de 100 ml. O Italia existe numa versão só, Eau de Parfum de 100 ml, então a sigla e os ml escritos na caixa também precisam coincidir. Os outros sinais estão no guia Perfume árabe original . Perguntas frequentes O Rayhaan Italia é muito doce? É doce, mas picante e quente, não de bala. Os acordes dominantes são doce, mel e baunilha, num conjunto especiado; a canela e a folha de tabaco seguram o açúcar. Qual a diferença entre o Rayhaan Italia e o Rayhaan Elixir? A Rayhaan agrupa os dois na coleção ""Elixir & Italia"", e eles dividem bergamota, lavanda, baunilha e fava tonka. O Italia acrescenta mel, canela, jasmim e folha de tabaco; o Rayhaan Elixir vai por artemísia e benjoim. A casa vende o Elixir como ""Him"" e o Italia como unissex. Rayhaan Italia e Italica são o mesmo perfume? Não. O Italica é da Casamorati, outra casa, e não tem relação com este. Veja também Perfume árabe masculino — os masculinos da vitrine, por ocasião. Perfume árabe unissex — perfumes que ficam bem em qualquer pessoa, por ocasião. Perfumes Rayhaan — os outros perfumes da casa que a loja tem.",in stock,new,440.00 BRL,,https://www.perfumearabe.com/produtos/rayhaan-italia/,https://dcdn-us.mitiendanube.com/stores/008/297/978/products/01-rayhaan-italia-9d94d86e6f53959d5617908814986171-1024-1024.png,Rayhaan,371111462
1609456860,Shaheen Gold Lattafa Pride Eau de Parfum 100ml,"Resumo ★ 3,97 no Fragrantica · 690 votos Votos divididos entre dia e noite. Fixação 7,1/10 · Projeção 7,0/10 · 59% dia · primavera e outono Especificações Característica Detalhe Nome Shaheen Gold, linha Lattafa Pride Concentração Eau de Parfum Volume 100 ml Gênero Unissex no site da Lattafa; ""Women"" no cadastro da Lattafa nos EUA (veja a pergunta abaixo) Lançamento 2022 Topo Abacaxi, toranja Coração Lavanda, figo Fundo Fava tonka, baunilha, patchouli Como é o cheiro O que separa o Shaheen Gold dos frutados doces comuns é a lavanda. Ela aparece logo depois do abacaxi e puxa a fruta tropical para um lado aromático, de erva seca, enquanto o figo acrescenta uma doçura seca, meio verde. A abertura é a parte mais viva. O abacaxi chega maduro e a toranja corta com o amargor da casca. A Lattafa chama esse começo de cítrico e forte; o Parfumo resume o conjunto como doce e frutado. Com as horas, a fruta recua e a fava tonka e a baunilha assumem, macias. O patchouli fica por baixo com um fundo terroso que impede o açúcar de dominar. Segundo a casa, o perfume termina como um floral quente sobre a pele. Para quem e quando Funciona para quem gosta de abacaxi e baunilha mas foge do gourmand cremoso: a toranja e a lavanda deixam a saída seca. Vai bem no trabalho e num jantar, porque a abertura é clara e o fundo tem corpo. Sugestão nossa para o verão brasileiro: aproveite a saída cítrica de manhã e aplique pouco, já que tonka e baunilha engrossam no abafado. Nos meses frios, o fundo doce é o que mais aparece. Fixação e projeção No Parfumo, os usuários dão média 7,1/10 à fixação e 7,0/10 à projeção, em 73 votos cada. As resenhas do Fragrantica não chegam a um acordo: uns contam várias horas, outros dizem que some em uma ou duas. Como isso muda de corpo para corpo, vale um teste no seu pulso. Perguntas frequentes Qual a diferença entre o Shaheen Gold e o Shaheen Silver? São dois perfumes diferentes da mesma dupla, não versões de um só. O Silver abre com bergamota e cassis, tem patchouli e rosa no coração e fecha em musgo de carvalho, almíscar e âmbar. O Gold é o de abacaxi, toranja, lavanda e figo, com caixa branca e falcão dourado. Shaheen Gold é da Lattafa ou da Lattafa Pride? É da Lattafa. Pride é uma linha dentro da casa, não outra empresa: a caixa traz ""Lattafa PRIDE"" e a loja da Lattafa nos EUA cadastra o Shaheen Gold com esse nome de linha. O Shaheen Gold lembra o Amber Oud Gold Edition, da Al Haramain? A Lattafa não cita referência. Nas resenhas do Fragrantica, quatro usuários o aproximam do Amber Oud Gold Edition, da Al Haramain, e um chama os dois de ""primos"". Outros dizem que não lembra nada conhecido, então leia como impressão de quem usou. Por que a Lattafa lista o Shaheen Gold como unissex num site e feminino no outro? Porque cada loja da casa preenche o cadastro do seu jeito: o site principal da Lattafa marca unissex, e a loja da Lattafa nos EUA traz ""Women"". Parfumo e Fragrantica dizem ""para mulheres e homens"". Nas resenhas, muita gente o lê como masculino e outros como feminino. Veja também Perfume árabe unissex — outros perfumes que funcionam para qualquer um. Perfume árabe doce — perfis frutados e adocicados. Lattafa na loja — os outros lançamentos da casa. Perfume árabe original — o que conferir na caixa e no lacre.",in stock,new,247.00 BRL,,https://www.perfumearabe.com/produtos/lattafa-shaheen-gold/,https://dcdn-us.mitiendanube.com/stores/008/297/978/products/01-lattafa-shaheen-gold-197ec2a7fb465800de17913389276440-1024-1024.webp,Lattafa,371111571
1609457100,Al Noble Ameer Lattafa Eau de Parfum Unissex 100ml,"Resumo ★ 4,18 no Fragrantica · 578 votos Mais votado para a noite e os dias frios. 69% noite · inverno e outono Especificações Casa Lattafa Linha Al Noble (com o Safeer e o Wazeer) Concentração Eau de Parfum Tamanho 100 ml Gênero Unissex (campo ""Fragrance type"" da Lattafa) Acordes principais Especiado quente, oud, amadeirado e aromático (segundo o Fragrantica) Notas de topo Maçã, Pimenta-rosa, Alecrim Notas de coração Cravo-da-índia, Notas florais Notas de fundo Oud, Patchouli, Cipreste, Láudano, Vetiver Como é o cheiro do Al Noble Ameer Lattafa O Ameer funciona por virada. A maçã entra como fruta verde, não açucarada, e o alecrim lembra erva recém-cortada; a pimenta-rosa dá só uma faísca. Essa abertura existe para contrastar com o que vem depois. O cravo-da-índia é a dobradiça do perfume: especiaria seca, com um quê medicinal, amaciada por notas florais que a Lattafa não detalha. É ele que leva o cheiro do fresco para o escuro. Embaixo ficam o oud (madeira resinosa, marca da perfumaria árabe), o patchouli, o cipreste, o láudano, uma resina balsâmica levemente adocicada, e o vetiver. No Fragrantica, especiado quente é o acorde mais votado, à frente de oud, amadeirado e aromático. Para quem e quando Combina com quem já gosta de madeira escura e quer uma entrada mais leve antes dela. Cravo e láudano dão ao fundo um peso que conversa melhor com o fim da tarde e com a noite. Sugestão nossa para o verão brasileiro: duas ou três borrifadas, de preferência em lugar com ar-condicionado. No auge do calor, a resina do fundo fica densa demais para muita gente. Fixação e projeção Nos comentários do Fragrantica, a maioria dos usuários conta que o Ameer dura o dia inteiro ou mais na pele e que o rastro vai de moderado a forte; uma minoria achou curto. São impressões pessoais, e o seu resultado pode ser outro. Perguntas frequentes A maçã da abertura alivia o oud do Al Noble Ameer? Só no começo. Maçã e alecrim dominam a saída, mas depois do cravo o oud, o patchouli e o láudano tomam conta, então quem não gosta de madeira resinosa vai senti-la do mesmo jeito. No Fragrantica, a nota geral é 4,18 de 5, em 578 votos. O Al Noble Ameer tem o mesmo cheiro do Ameer Al Oudh? Não. O Ameer Al Oudh é outro perfume da Lattafa, apesar do nome parecido. E o Ameeri e o Ameerati nem são Lattafa: são da Al Wataniah. Este é o Ameer da linha Al Noble, o de maçã, pimenta-rosa e alecrim na saída. O Al Noble Ameer lembra o Rosendo Mateu Nº 5? Cinco usuários do Fragrantica fazem essa aproximação, cada um no seu comentário. Tome como ""lembra"", não como ""igual"". A Lattafa não cita nenhuma referência. O que é a maceração de que tanto falam no Al Noble Ameer? É deixar o frasco descansar, guardado, por um tempo antes de voltar a usar. Pelo menos cinco comentários no Fragrantica dizem que o Ameer melhora depois disso, mas é percepção de usuário, não instrução da casa. O Al Noble Ameer é original? Sim, é o Al Noble Ameer da própria Lattafa. Os sinais que vale checar no frasco recebido estão reunidos em perfume árabe original . Veja também Perfume árabe unissex — opções que não escolhem um gênero. Al Noble Safeer Lattafa — outro perfume da mesma linha. Al Noble Wazeer Lattafa — o terceiro da linha Al Noble. Lattafa na loja — mais lançamentos da casa.",in stock,new,229.00 BRL,,https://www.perfumearabe.com/produtos/lattafa-al-noble-ameer/,https://dcdn-us.mitiendanube.com/stores/008/297/978/products/01-lattafa-al-noble-ameer-12e2b4d5852e596b0e17913387640315-1024-1024.webp,Lattafa,371111606
1609457367,Musk Sugar Plum Lattafa Eau de Parfum Feminino 100ml,"Resumo ★ 3,70 no Fragrantica · 192 votos Mais votado para o dia e os dias quentes. 68% dia · primavera e verão Especificações Casa Lattafa Linha Thameen Collection Concentração Eau de Parfum, como consta na caixa da foto oficial da Lattafa Tamanho 100 ml (única variante na página da Lattafa) Gênero Feminino (campo ""Fragrance type"" da Lattafa) Acordes principais Frutado, almiscarado, doce, floral, floral branco, atalcado e âmbar (votados no Fragrantica) Notas de topo Ameixa, Jasmim Notas de coração Notas florais, Notas frutadas Notas de fundo Almíscar, Âmbar Como é o cheiro do Musk Sugar Plum Lattafa O traço que mais aparece nos comentários do Fragrantica e do Parfumo não é a ameixa, é o fundo: muita gente descreve cheiro de roupa limpa, de amaciante, e um pó de talco de bebê. Para uns, isso é aconchego; para outros, é o motivo de não gostarem. Se roupa lavada não é o que você quer sentir no pulso, este não é o seu. Por cima desse fundo, o Fragrantica põe ameixa e jasmim: fruta madura, meio açucarada, com uma flor branca discreta atrás. No meio, notas florais e frutadas sem flor nomeada. Embaixo, almíscar, que tem esse cheiro de pele e tecido, e âmbar, uma resina morna e adocicada. O Parfumo traz outra lista, sem níveis (veja a pergunta abaixo). Nenhum perfume famoso se repete como referência nos comentários, e a Lattafa também não cita nenhum. Para quem e quando É para quem prefere um doce que só quem chega perto percebe. Por isso combina com escritório e lugares fechados, onde um perfume de rastro largo incomodaria. Nos votos de ocasião do Fragrantica, o dia aparece bem à frente da noite (84 contra 39) e a primavera lidera as estações. Sugestão nossa para o calor úmido: duas ou três borrifadas no pescoço e nos pulsos; se quiser que ele se perceba mais, uma na roupa. Fixação e projeção Seis usuários do Fragrantica, em comentários separados, chamam o Musk Sugar Plum de perfume de pele, com rastro baixo. Dois outros, um em cada site, acharam o rastro entre bom e médio. Sobre quanto tempo ele fica, os relatos se contradizem, e por isso não damos um número. Qual é este Musk? A Thameen Collection tem outros Musk de frasco igual e cor diferente: Musk Candy Rose, Musk So Poudrée e Musk Wild Vanille. O Oud Thameen é outro produto, fora da linha Musk, e o Sugar Plum Fairy é de outra marca. O Sugar Plum se reconhece pelo lilás: líquido e tampa facetada lilás, gargalo dourado com relevo de corda e etiqueta roxa escrita ""Thameen Collection / Musk Sugar Plum"". A caixa é branca com um quadro lilás. Perguntas frequentes Por que Fragrantica e Parfumo dão notas diferentes para o Musk Sugar Plum? Porque a Lattafa não divulga a pirâmide, e cada site montou a sua. O Fragrantica separa em níveis (ameixa e jasmim, florais e frutadas, almíscar e âmbar); o Parfumo lista, sem níveis, violeta, almíscar branco, pêssego, âmbar, caramelo e flor de baunilha. Só âmbar e almíscar aparecem nas duas. Thameen Musk Sugar Plum e Musk Sugar Plum são o mesmo perfume? São. Thameen é o nome da coleção, e por isso o perfume aparece como Thameen Musk Sugar Plum, Sugar Plum Thameen Collection ou até Tameen Collection Musk Sugar Plum. Parfumo e Fragrantica registram como Musk Sugar Plum. Por que algumas lojas vendem o Musk Sugar Plum como unissex? É uma classificação das próprias lojas. O Fragrantica também o lista para mulheres e homens; já a Lattafa, no campo de tipo da página oficial, o classifica como feminino, e é isso que vale aqui. O Musk Sugar Plum é original? É Lattafa original. Na caixa, procure o quadro lilás e o nome Thameen Collection; lacre e lote estão explicados em perfume árabe original . Veja também Perfume árabe feminino — mais opções de perfumes para mulheres. Lattafa na loja — os outros perfumes da casa.",in stock,new,277.00 BRL,,https://www.perfumearabe.com/produtos/lattafa-musk-sugar-plum/,https://dcdn-us.mitiendanube.com/stores/008/297/978/products/01-lattafa-musk-sugar-plum-e9ded970d6f56394cd17913388987286-1024-1024.webp,Lattafa,371111659
1609457597,Odyssey Spectra Armaf Eau de Parfum 100ml,"Resumo ★ 4,33 no Fragrantica · 535 votos Vai do dia à noite, com destaque nos dias frios. 59% noite · inverno e outono Como é o cheiro A canela é o fio do Odyssey Spectra: a Armaf a coloca na saída e de novo no coração. Na abertura ela divide espaço com maçã crocante e bergamota, então o primeiro contato já é fruta com especiaria, não um cítrico limpo. No meio, a lavanda encontra essa canela e cria o contraste que define o perfume, um lado fresco e aromático contra outro quente. Flor de laranjeira e lírio-do-vale aparecem como um véu floral por trás. Baunilha, fava tonka, patchouli, tabaco e âmbar fecham o conjunto. A Armaf fala em uma mistura floral âmbar; o Fragrantica o classifica como Oriental Especiado e põe baunilha, lavanda e especiaria quente no topo dos acordes. Especificações Característica Detalhe Casa Armaf Nome Odyssey Spectra (Rainbow Edition nos sites da casa) Concentração Eau de Parfum Volume 100 ml Gênero A casa o apresenta de formas diferentes (ver abaixo) Ano 2024 (segundo o Fragrantica) Família olfativa Oriental Especiado (segundo o Fragrantica) Topo Maçã, bergamota, canela Coração Flor de laranjeira, lírio-do-vale, canela, lavanda Fundo Baunilha, fava tonka, patchouli, tabaco, âmbar Masculino ou feminino? Cada loja da Armaf diz uma coisa. A dos Estados Unidos e a do Reino Unido o põem entre os masculinos; a da Índia o chama de unissex. No Fragrantica ele aparece para os dois públicos, e no Parfumo, só para homens. Com baunilha, tabaco e lavanda, a decisão fica com o seu nariz. Para quem e quando Vai agradar quem gosta de doce temperado com especiaria e um fundo de tabaco, e não se incomoda com canela logo na primeira borrifada. Quem procura um cítrico seco ou um aquático vai achá-lo quente demais. Sugestão nossa: a baunilha, a tonka e o tabaco pedem noites e meses mais amenos. No verão úmido, use pouco e prefira lugares ventilados, porque doce com canela fica pesado no ar parado. Qual Odyssey Spectra é este? Este é o de 100 ml chamado Rainbow Edition nos sites da Armaf. A casa também faz o Spectra em outros tamanhos e em body mist, que não são este item. Se você conhece o Odyssey Mandarin Sky , da mesma linha Odyssey, este segue outro caminho: especiaria e tabaco no lugar de cítrico com caramelo. Perguntas frequentes O Odyssey Spectra lembra o Ultra Mâle, da Jean Paul Gaultier? A Armaf não cita referência. No Parfumo, a lista de parecidos votada pela comunidade põe o Ultra Mâle, da Jean Paul Gaultier, em primeiro lugar, e uma resenha de lá o descreve como uma leitura mais forte e mais fresca de um dos Le Male, sem chegar a ser igual. É percepção de usuários, não da casa. Qual a diferença entre o Odyssey Spectra Rainbow e o Blue Edition? Rainbow é o nome que a Armaf dá a este Spectra, lançado primeiro. O Blue (ou Blu) Edition chegou depois, tem frasco azul e página própria na casa, e é tratado como outro produto. Confira na foto qual dos dois você está levando. Por que a canela aparece duas vezes nas notas do Odyssey Spectra? Porque a própria Armaf a lista na saída e no coração, e Fragrantica e Parfumo repetem a mesma pirâmide. Não é engano: a especiaria começa com a maçã e continua quando a lavanda entra. O Odyssey Spectra é original? É Armaf original. Antes de abrir a caixa, veja os pontos de lacre e lote descritos em perfume árabe original . Veja também Armaf — a casa e os outros perfumes dela na vitrine. Perfume árabe doce — os de perfil doce, por ocasião. Perfume árabe original — o que conferir ao receber.",in stock,new,294.90 BRL,,https://www.perfumearabe.com/produtos/armaf-odyssey-spectra/,https://dcdn-us.mitiendanube.com/stores/008/297/978/products/01-armaf-odyssey-spectra-11bded42a1e054ca7817908765231291-1024-1024.png,Armaf,371111726
1609457757,Rayhaan Aquatica Eau de Parfum 100ml,"Resumo ★ 4,39 no Fragrantica · 3,1 mil votos Mais votado para o dia e os dias quentes. Fixação 7,3/10 · Projeção 7,2/10 · 83% dia · verão e primavera Como é o cheiro do Rayhaan Aquatica O que separa o Aquatica de um cítrico comum é o coco. Ele chega junto com lima, bergamota e tangerina e arredonda a acidez da fruta, como leite de coco num drinque gelado. No meio, o gengibre dá uma pontada picante entre flores tropicais: ylang-ylang (flor amarela, doce e cremosa), jasmim e hibisco. O fundo dispensa a baunilha e o âmbar que costumam adoçar perfume e usa rum branco, cana-de-açúcar e almíscar. O doce dele lembra bebida, não confeitaria. Algumas listas trazem uma pirâmide um pouco diferente, com cana-de-açúcar e gardênia no coração e fava-tonka e patchouli no fundo. A que vale na tabela abaixo é a da casa. Especificações Característica Detalhe Casa Rayhaan Concentração Eau de Parfum Volume 100 ml Gênero Masculino na página da casa (""For Him""); o cadastro da casa o classifica como unissex Ano 2025 Família olfativa Cítrico gourmand Topo Coco, lima, bergamota, tangerina Coração Gengibre, ylang-ylang, jasmim, hibisco Fundo Rum branco, cana-de-açúcar, almíscar Para quem e quando Serve para quem quer fruta cítrica com corpo, e não um limão que some em minutos. Quem gosta de perfume seco ou amadeirado provavelmente vai achar o Aquatica açucarado. Sugestão nossa: coco e lima pedem praia, churrasco e fim de tarde de verão. Num dia abafado, duas borrifadas já dão conta. Fixação e projeção Quem usa costuma avaliar bem tanto a fixação quanto a projeção do Aquatica: ficam na faixa de boas, sem chegar a ser um perfume de longa duração extrema. É percepção de quem usou, e não teste de laboratório: cada pele e cada temperatura respondem de um jeito. Perguntas frequentes Em que parte do Rayhaan Aquatica o coco aparece? Na saída, ao lado de lima, bergamota e tangerina, e é ele que deixa a abertura cremosa, com cara de leite de coco, em vez de ácida. O coco não reaparece no coração nem no fundo, que seguem com gengibre, flores tropicais, rum branco e cana-de-açúcar. Qual a diferença entre o Rayhaan Aquatica e o Tropical Vibe? Pela lista de notas da casa, os dois têm coco, bergamota, rum e almíscar. O Aquatica puxa para lima, tangerina e o doce de cana; o Tropical Vibe vai de manga e abacaxi, tem notas marinhas e fecha em sândalo e vetiver. A Rayhaan vende o Tropical Vibe como unissex. O Rayhaan Aquatica é parecido com o Creed Virgin Island Water? É uma comparação frequente entre quem usa os dois, e o Virgin Island Water costuma ser o primeiro perfume lembrado quando se fala do Aquatica. Não há consenso: tem quem diga que não se parece em nada. A Rayhaan, por sua vez, não cita perfume nenhum como referência. Veja também Perfume árabe fresco — cítricos, aquáticos e mentolados. Perfume árabe masculino — masculinos da vitrine, por ocasião. Rayhaan Pacific Aura — o Rayhaan de citron, menta e figo. Rayhaan Elixir — o Rayhaan doce de lavanda e baunilha. Perfume árabe original — o que conferir ao receber. Perfumes Rayhaan — os outros perfumes da casa que a loja tem.",in stock,new,297.00 BRL,,https://www.perfumearabe.com/produtos/rayhaan-aquatica/,https://dcdn-us.mitiendanube.com/stores/008/297/978/products/01-rayhaan-aquatica-fba1993c41c84fc26417913391313174-1024-1024.webp,Rayhaan,371111772
1609458463,Rayhaan Divine Eau de Parfum Feminino 100ml,"Resumo ★ 4,08 no Fragrantica · 393 votos Mais votado para o dia e os dias quentes. 60% dia · primavera e verão Como é o cheiro do Rayhaan Divine A dupla que define o Divine é a mesma que a Rayhaan destaca na descrição: lichia e rosa. A lichia vem suculenta, o gengibre a esquenta um pouco e a bergamota apara o açúcar da fruta. A rosa chega acompanhada de peônia e baunilha. O contraste mora embaixo. Patchouli (folha de cheiro terroso, úmido) e chocolate levam a flor para um lado escuro, de sobremesa. Por isso o Divine não é um floral leve de primavera: ele fica mais denso do que começou. Especificações Característica Detalhe Casa Rayhaan Concentração Eau de Parfum Volume 100 ml Gênero Feminino (""For HER"" na página da casa) Família olfativa Floral Topo Lichia, gengibre, bergamota Coração Peônia, rosa, baunilha Fundo Patchouli, chocolate Para quem e quando Agrada quem gosta de flor com fruta e um fim que lembra doce de confeitaria. Se você foge de perfume açucarado, o chocolate e a baunilha podem cansar. Sugestão nossa: o par lichia e rosa aparece melhor em tarde amena ou à noite. No verão abafado, use menos que o costume, porque o chocolate do fundo engrossa no ar úmido. Fixação e projeção Quem usa costuma avaliar bem a fixação e a projeção do Divine: ficam na faixa de boas. É percepção de quem usou, e não teste de laboratório, e cada pele percebe de um jeito. Perguntas frequentes O Rayhaan Divine lembra o Attrape-Rêves, da Louis Vuitton? É um dos perfumes mais citados quando se fala do Divine, mas não há acordo: há quem enxergue a semelhança e há quem diga que passa longe. A Rayhaan não aponta inspiração. Onde fica o chocolate no Rayhaan Divine? No fundo da pirâmide da casa, ao lado do patchouli; lichia e rosa vêm antes. Mesmo com o chocolate, o Divine é um floral, e não um gourmand. Por que existem vários perfumes chamados Divine? Porque o nome é usado por várias marcas. Este é o da Rayhaan, o único Divine do catálogo dela, em Eau de Parfum de 100 ml. O Divine da Anfar, o Divine Blossom da HFC e o Divine da Jean Paul Gaultier são de outras casas. Qual é o EAN do Rayhaan Divine de 100 ml no cadastro da casa? No cadastro oficial da Rayhaan, o Divine de 100 ml aparece com o EAN 6297001571149. O guia Perfume árabe original mostra o que mais olhar ao abrir a caixa. Veja também Perfume árabe feminino — os femininos da vitrine, por ocasião. Perfume árabe doce — baunilha, caramelo e sobremesa. Rayhaan Elixir — o Rayhaan doce de lavanda e baunilha. Perfume árabe original — o que conferir ao receber. Perfumes Rayhaan — os outros perfumes da casa que a loja tem.",in stock,new,539.90 BRL,,https://www.perfumearabe.com/produtos/rayhaan-divine/,https://dcdn-us.mitiendanube.com/stores/008/297/978/products/01-rayhaan-divine-4d447d3c381346dd9f17913391486424-1024-1024.webp,Rayhaan,371111804
1609458715,Rayhaan Lion Eau de Parfum Masculino 100ml,"Resumo ★ 4,49 no Fragrantica · 1,8 mil votos Mais votado para a noite e os dias frios. 62% noite · inverno e outono Como é o cheiro do Rayhaan Lion A assinatura do Lion é o cominho. Especiaria seca, com cara de tempero de cozinha, ele surge ao lado de canela e sálvia-esclareia (erva verde, levemente adocicada) num perfume que tinha aberto limpo, de pera, menta, lavanda e bergamota. Esse choque entre o fresco da lavanda e a especiaria quente faz do Lion um aromático especiado. Por baixo, baunilha e âmbar adoçam, e patchouli com cedro dão estrutura de madeira sem apagar as ervas. Especificações Característica Detalhe Casa Rayhaan Concentração Eau de Parfum Volume 100 ml Gênero Masculino (""For Him"" na página da casa) Ano 2024 Família olfativa Aromático Especiado Topo Pera, lavanda, menta, bergamota Coração Canela, sálvia-esclareia, cominho Fundo Baunilha, âmbar, patchouli, cedro Para quem e quando Feito para quem gosta de lavanda, mas acha comportada demais a versão só fresca dela. Se doce no final incomoda você, a baunilha é o ponto de atenção. Sugestão nossa: a menta dá um frescor numa manhã quente, mas canela e cominho aparecem mais com o tempo fresco ou à noite. Em dia abafado no Brasil, duas borrifadas chegam. Perguntas frequentes Com que perfume o Rayhaan Lion costuma ser comparado? Com o Ultra Male, da Jean Paul Gaultier, com um lado especiado próprio, de cominho e canela no meio. A comparação não é da Rayhaan, que não menciona perfume de referência. Qual a diferença entre o Rayhaan Lion e o Rayhaan Elixir? Pelas pirâmides da casa, os dois dividem lavanda, bergamota e baunilha. O Lion soma pera e menta na saída, canela, cominho e sálvia-esclareia no meio e âmbar, patchouli e cedro no fundo, enquanto o Elixir traz artemísia, benjoim e fava-tonka. O Rayhaan Lion e o Tiger são o mesmo perfume? Não. Os dois saem na coleção ""Lion & Tiger"" da casa, mas o Tiger é outro perfume. O Lion tem uma só apresentação no catálogo da Rayhaan: Eau de Parfum de 100 ml. Há um EAN oficial para o Rayhaan Lion de 100 ml? Sim: o cadastro da Rayhaan lista o Lion de 100 ml com o EAN 6297001571033. Para o restante da checagem na chegada, vale o guia Perfume árabe original . Veja também Perfume árabe masculino — os masculinos da vitrine, por ocasião. Perfume árabe doce — baunilha, caramelo e sobremesa. Perfume árabe original — o que conferir ao receber. Perfumes Rayhaan — os outros perfumes da casa que a loja tem.",in stock,new,247.00 BRL,,https://www.perfumearabe.com/produtos/rayhaan-lion/,https://dcdn-us.mitiendanube.com/stores/008/297/978/products/01-rayhaan-lion-a91ddab14e478bf17317913391650522-1024-1024.webp,Rayhaan,371111838
1609458982,Rayhaan Corium Eau de Parfum Masculino 100ml,"Resumo ★ 4,39 no Fragrantica · 521 votos Mais votado para a noite e os dias frios. 65% noite · inverno e outono Como é o cheiro do Rayhaan Corium O Corium gira em torno de um contraste: o couro, áspero e de selaria, e a baunilha, que o amacia. O resultado é um couro adocicado. A castanha da saída tem um lado de noz tostada, e as especiarias vêm secas, junto com o elemi, uma resina. No meio, sálvia e lavandin (híbrido de lavanda, mais herbal e mais forte que a comum) fazem a ponte para o fundo escuro. Lá embaixo estão baunilha, acorde de oud, guaiaco e couro. ""Acorde de oud"" é como a casa escreve: o cheiro de oud (madeira escura e resinosa) recriado, sem ser o óleo natural. O guaiaco, madeira de fumaça suave, puxa tudo para um couro quente. Especificações Característica Detalhe Casa Rayhaan Concentração Eau de Parfum Volume 100 ml Gênero Masculino (""For Him"" na página da casa) Ano 2023 Coleção Leather Collection (gravada no frasco) Acordes Baunilha e couro em destaque; couro adocicado Topo Castanha, especiarias, elemi Coração Sálvia, lavandin Fundo Baunilha, acorde de oud, guaiaco, couro Para quem e quando É para quem gosta de couro e prefere a versão com doce por cima à versão crua. Quem procura perfume cítrico ou aquático vai achar o Corium quente demais. Sugestão nossa: couro, baunilha e especiarias esquentam na pele, então ele se mostra melhor à noite, no inverno e em ambiente com ar-condicionado. No calor úmido do Brasil, uma ou duas borrifadas já aparecem; mais que isso vira peso. Fixação e projeção Quem usa costuma avaliar bem a fixação e a projeção do Corium: ficam na faixa de boas. É percepção de quem usou, e não teste de laboratório, e couro com baunilha não se comporta igual em toda pele. Perguntas frequentes O Rayhaan Corium lembra o Stronger With You Leather? A Rayhaan não declara inspiração. A comparação mais repetida entre quem usa é com o Stronger With You Leather, da Emporio Armani. Alguns preferem lembrar o Stronger With You Intensely ou o Odyssey, da Armaf. É referência de cheiro, não igualdade. Qual a diferença entre o Rayhaan Corium e o Obsidian? Os dois são Rayhaan com couro e oud, mas por caminhos opostos. O Corium vai para o doce, com castanha, especiarias, baunilha e guaiaco. O Obsidian é mais floral e amadeirado: íris e laranja na saída, couro com rosa no meio, sândalo, ambrette e cedro no fundo. Como é o frasco do Rayhaan Corium? Retangular e revestido de couro com costura aparente, em tom caramelo na foto oficial, com tampa preta. Na frente, a gravação diz RAYHAAN, EAU DE PARFUM, CORIUM e LEATHER COLLECTION. É a única apresentação do Corium no catálogo da casa. Veja também Perfume árabe masculino — os masculinos da vitrine, por ocasião. Perfume oud — o que é o oud e quais perfumes o usam. Perfume árabe original — o que conferir ao receber. Perfumes Rayhaan — os outros perfumes da casa que a loja tem.",in stock,new,287.00 BRL,,https://www.perfumearabe.com/produtos/rayhaan-corium/,https://dcdn-us.mitiendanube.com/stores/008/297/978/products/01-rayhaan-corium-cb92815b48d0dffd0c17913391430959-1024-1024.webp,Rayhaan,371111880
1609459265,Rayhaan Tropical Vibe Eau de Parfum Unissex 100ml,"Resumo ★ 4,08 no Fragrantica · 848 votos Mais votado para o dia e os dias quentes. 75% dia · verão e primavera Como é o cheiro do Rayhaan Tropical Vibe A própria Rayhaan resume o Tropical Vibe em três frutas: ""manga, abacaxi e um toque de coco"". São a manga madura e o abacaxi que dominam a abertura, enquanto a bergamota corta o açúcar e o rum põe um calor de bebida. O que impede o perfume de virar sobremesa são as notas marinhas do coração. Junto do coco e de flores brancas, elas dão um ar de maresia à fruta. O fundo assenta em almíscar (nota macia, de pele limpa), sândalo, âmbar e vetiver. O vetiver, raiz de cheiro terroso e seco, dá um chão amadeirado à fruta. Especificações Característica Detalhe Casa Rayhaan Concentração Eau de Parfum Volume 100 ml Gênero Unissex (classificação da casa) Ano 2025 Acordes Tropical, doce, frutado, coco, amadeirado Topo Manga, abacaxi, coco, bergamota, rum Coração Coco, flores brancas, notas marinhas Fundo Almíscar, sândalo, âmbar, vetiver Para quem e quando Pensado para quem gosta de fruta madura e quer madeira por baixo dela. Quem não tolera doce pode achar a saída açucarada demais. Sugestão nossa: manga, abacaxi e maresia combinam com calor, praia e fim de tarde de verão. Em dia úmido, duas borrifadas bastam para a fruta não enjoar; no frio seco, ela perde o sentido e sobra o fundo. Perguntas frequentes Tropical Vibe lembra o Summer Hammer, de Lorenzo Pazzaglia? É um nome que aparece quando se compara o Tropical Vibe, mas a aproximação é pouco repetida. A Rayhaan não fala em inspiração. Qual a diferença entre o Tropical Vibe e o Jungle Vibe? São perfumes diferentes da Rayhaan e só dividem bergamota e sândalo. O Jungle Vibe é verde e aquático, com figo e toranja; o Tropical Vibe é de fruta madura, com manga, abacaxi, coco e rum. O Pacific Aloha, da mesma casa, também não é versão de nenhum dos dois. Por que o coco aparece duas vezes nas notas do Tropical Vibe? Porque a pirâmide da casa lista o coco na saída e de novo no coração: ele aparece nas duas fases. O que são as notas marinhas do Tropical Vibe? É um acorde que lembra maresia, e não um ingrediente do mar. No Tropical Vibe ele fica no coração, junto de coco e flores brancas, e é o que impede a fruta de virar sobremesa. Veja também Perfume árabe fresco — cítricos, aquáticos e mentolados. Perfume árabe original — o que conferir ao receber. Perfumes Rayhaan — os outros perfumes da casa que a loja tem. Perfume árabe unissex — perfumes que ficam bem em qualquer pessoa, por ocasião.",in stock,new,257.00 BRL,,https://www.perfumearabe.com/produtos/rayhaan-tropical-vibe/,https://dcdn-us.mitiendanube.com/stores/008/297/978/products/01-rayhaan-tropical-vibe-451793c335b49b7fb217913391812486-1024-1024.webp,Rayhaan,371111912
1609459536,Ocean Rush Rayhaan Eau de Parfum Masculino 100ml,"Resumo O Ocean Rush Rayhaan cheira a casca de tangerina verde espremida ao vento do mar, com ervas de jardim logo atrás. Masculino (""For Him""), em Eau de Parfum de 100 ml, é para quem quer frescor aquático e verde, sem doçura. Como é o cheiro O efeito de mar do Ocean Rush vem de duas moléculas sintéticas, cascalone e aquozone, postas ao lado de bergamota e tangerina verde. Sem elas, a saída seria só cítrica. O contrapeso está no meio, que é de mato aromático: lavanda, alecrim e cipreste, com lentisco (a almécega, resina de árvore) entre eles. É essa parte herbal que aproxima o perfume de um jardim à beira-mar. O fundo fica em almíscar, patchouli e um âmbar que a casa chama de mineral, isto é, seco, sem calda. Especificações Característica Detalhe Casa Rayhaan Concentração Eau de Parfum Volume 100 ml Gênero Masculino (""For Him"" na página da casa) Família olfativa Aromático Aquático Topo Bergamota, tangerina verde, cascalone, aquozone Coração Lavanda, lentisco (almécega), alecrim, cipreste Fundo Almíscar, patchouli, âmbar (mineral) Para quem e quando Para quem prefere o fresco de mar ao cítrico puro e gosta de erva na pele. Quem busca baunilha, especiaria ou algo adocicado vai achá-lo claro demais. Sugestão nossa: a combinação de cítrico e nota marinha conversa com dia quente, praia, academia e escritório com ar-condicionado. Como nada na pirâmide é pesado, é fácil exagerar sem perceber; comece com duas borrifadas. A Rayhaan vende um só Ocean Rush. Perguntas frequentes O que são cascalone e aquozone? Moléculas criadas em laboratório para a perfumaria, que dão o efeito marinho, aquático. Não são ingredientes naturais. O Ocean Rush tem cheiro de piscina? Não. O efeito marinho existe, mas lavanda, alecrim, cipreste e lentisco puxam para o lado de erva, e o fundo de almíscar, patchouli e âmbar mineral é seco e limpo, sem nada clorado na lista de notas. O Ocean Rush tem alguma nota em comum com o Pacific Aura? Pelas pirâmides da casa, nenhuma. O Ocean Rush vai de bergamota, tangerina verde, lavanda, alecrim e cipreste; o Pacific Aura traz citron, menta, damasco, manjericão e um fundo de figo e tâmaras. Pacific, Pacific Aloha e Aquatica também são outros perfumes da Rayhaan. Veja também Perfume árabe masculino — os masculinos da vitrine, por ocasião. Perfume árabe original — o que conferir ao receber. Perfumes Rayhaan — os outros perfumes da casa que a loja tem. Perfume árabe fresco — outras opções leves, cítricas e frutadas.",in stock,new,266.00 BRL,,https://www.perfumearabe.com/produtos/rayhaan-ocean-rush/,https://dcdn-us.mitiendanube.com/stores/008/297/978/products/01-rayhaan-ocean-rush-9ef1b44719e35682b117913391756998-1024-1024.webp,Rayhaan,371111947
1609512119,Afnan Supremacy Tapis Rouge Eau de Parfum Feminino 90ml,"Resumo ★ 3,97 no Fragrantica · 157 votos Como é o cheiro do Afnan Supremacy Tapis Rouge A abertura é toda de fruta: cereja-negra, pêssego branco e lichia. O Fragrantica lista entre os acordes fruity, cherry e tropical, e a lichia é a nota que explica o tropical. No coração entram ameixa, rosa, jasmim e mahonia. Mahonia é o nome de um arbusto de flores amarelas; a Afnan a lista como nota de coração sem descrever o cheiro dela, então aqui ela aparece como parte do buquê floral, ao lado da rosa e do jasmim. A ameixa mantém a fruta viva nesse trecho. O fundo traz cravo-da-índia (a especiaria, não a flor), vetiver e peônia. O cravo é o que dá o toque quente: o Fragrantica inclui warm spicy entre os acordes, ao lado de sweet e white floral. Especificações Característica Detalhe Casa e linha Afnan, linha Supremacy (sublinha Luxury Collection nos sites da casa) Concentração Eau de Parfum Volume 90 ml Gênero Feminino (Pour Femme, como a Afnan classifica) Lançamento 2024 segundo o Fragrantica; o Parfumo indica 2023 Família olfativa Floral Frutal (segundo o Fragrantica) Topo Cereja-negra, pêssego branco, lichia Coração Ameixa, rosa, mahonia, jasmim Fundo Cravo-da-índia, vetiver, peônia Para quem e quando É para quem gosta de floral com fruta vermelha e escura, em vez de floral seco ou de flor branca sozinha, e aceita um fundo com cravo. Quem prefere cítrico leve ou aquático provavelmente vai achar este doce. Sugestão nossa: a cereja, o pêssego e a lichia deixam a abertura fresca, o que funciona em dias mornos. No calor úmido, comece com duas borrifadas, porque o doce da ameixa e o cravo pesam mais no ar parado. À noite e em tempo ameno, o fundo de cravo e vetiver tem mais espaço. Perguntas frequentes Quanto tempo o Supremacy Tapis Rouge fixa e como projeta? Não temos média de fixação nem de projeção para citar. No Fragrantica a nota geral é 3,97/5 em 157 votos, e no Parfumo há avaliações individuais que divergem entre si. Teste na sua pele e veja como ele se comporta no seu clima. O Supremacy Tapis Rouge é para dia, noite, calor ou frio? Sugestão nossa: dia morno e noite amena. Cereja, pêssego e lichia dão frescor à abertura, e cravo, ameixa e vetiver aquecem o fim. No calor forte, use pouco. Para quem o Supremacy Tapis Rouge combina? Para quem gosta de floral frutado com rosa e jasmim e um fundo de especiaria. A Afnan o classifica como feminino (Pour Femme); uma usuária do Parfumo o acha unissex, mas a classificação da casa é feminina. O Supremacy Tapis Rouge é o mesmo que o Supremacy Gala? Não. Os dois são Eau de Parfum de 90 ml Pour Femme da mesma linha e saíram juntos em 2024, segundo uma notícia do Fragrantica, mas são perfumes diferentes, com nomes, pirâmides e códigos de barras próprios. Existe o Supremacy Tapis Rouge em 100 ml? Não nos sites da Afnan: a casa lista só o de 90 ml. Se um anúncio falar em 100 ml, confira o tamanho antes de comprar. Veja também Afnan — a casa e os outros perfumes dela. Perfume árabe feminino — os femininos por estilo. Perfume árabe floral — os de perfil floral. Perfume árabe original — o que conferir ao receber.",in stock,new,439.00 BRL,,https://www.perfumearabe.com/produtos/afnan-supremacy-tapis-rouge/,https://dcdn-us.mitiendanube.com/stores/008/297/978/products/01-afnan-supremacy-tapis-rouge-e9d3bc5e471a7382a117913385747335-1024-1024.webp,Afnan,371121549
1609512466,Armaf Lions Club Rugir Eau de Parfum 100ml,"Resumo ★ 4,08 no Fragrantica · 143 votos Votos divididos entre dia e noite. 56% noite · inverno e outono Como é o cheiro No Armaf Lions Club Rugir, primeiro vêm a maçã, a tangerina e a bergamota, com a lavanda já junto: fruta e cítrico na frente, aromático atrás. Depois entram gerânio, violeta e jasmim. A violeta dá um lado empoado, e é ela, ao lado da lavanda, que separa o Rugir de um cítrico comum. No fundo ficam baunilha, cardamomo, madeira de guaiaco (uma madeira escura, levemente defumada), âmbar, sândalo, pimenta-rosa e patchouli. É um oriental floral: baunilha, madeira e especiaria quente desenham o perfil. Especificações Característica Detalhe Casa Armaf Nome The Lion's Club - Rugir Concentração Eau de Parfum Volume 100 ml Gênero Masculino (a Armaf também o cadastra como unissex em uma das lojas dela) Ano 2024 Família olfativa Oriental Floral Topo Maçã, lavanda, tangerina, bergamota Coração Gerânio, violeta, jasmim Fundo Baunilha, cardamomo, madeira de guaiaco, âmbar, sândalo, pimenta-rosa, patchouli Para quem e quando É para quem gosta de doce contido, com lavanda e especiaria, e quer uma abertura fresca de fruta. Quem prefere cítrico seco ou aquático vai achar o fundo de baunilha e âmbar quente demais. Sugestão nossa: a maçã e a lavanda deixam o começo leve o bastante para o dia, mas baunilha e cardamomo pedem noite ou tempo ameno. Em tarde úmida e quente, vá de poucas borrifadas. Referência olfativa A própria Armaf apresenta o Rugir como inspirado no Layton, da Parfums de Marly. Vale como ponto de partida para saber se o estilo agrada, mas teste na pele: a pirâmide acima é a deste frasco. Armaf Lions Club Rugir e os outros da coleção The Lion's Club é o nome da coleção, e Rugir é o perfume. Valer, Feroce, Courageux, Monarque e Majestueux são outros perfumes da mesma coleção, com notas próprias. Este é o Rugir, em Eau de Parfum de 100 ml. Perguntas frequentes Lions Club e Rugir são o mesmo perfume? Não. Lions Club é a coleção; Rugir é um dos perfumes dela. O Rugir é inspirado no Layton, da Parfums de Marly? É a própria Armaf quem diz: na descrição do produto em armaf.com, ela o apresenta como ""inspired by Parfums de Marly Layton"". Vale como ponto de partida; a pirâmide do Rugir está acima e o teste na pele decide. O que a violeta faz no Rugir? Ela fica no coração, com gerânio e jasmim, e é dela o toque empoado, de pó, que aparece depois da fruta. O guaiaco do Rugir cheira a fumaça? Madeira de guaiaco é uma madeira escura, levemente defumada. No Rugir ela está no fundo, junto de baunilha, cardamomo, âmbar, sândalo, pimenta-rosa e patchouli. Mulher pode usar o Rugir, mesmo sendo da linha The Lion's Club? Pode. A Armaf o trata sobretudo como masculino, mas também o cadastra como unissex, e a violeta com jasmim no coração dá a ele um lado floral. Ao receber, como saber se a caixa é do Rugir e não de outro Lion's Club? Confira o nome na caixa: tem de ser Rugir, da coleção The Lion's Club. Valer, Feroce ou Courageux são outros perfumes. Lacre e lote se conferem pelo guia Perfume árabe original . Veja também Armaf — a casa e os outros perfumes dela na vitrine. Perfume árabe masculino — os perfumes masculinos da vitrine. Odyssey Mandarin Sky — outro Armaf em Eau de Parfum 100 ml, cítrico com caramelo. Perfume árabe original — o que conferir ao receber.",in stock,new,355.00 BRL,,https://www.perfumearabe.com/produtos/armaf-lions-club-rugir/,https://dcdn-us.mitiendanube.com/stores/008/297/978/products/01-armaf-lions-club-rugir-9943d9c91f822b1b8217908703387252-1024-1024.png,Armaf,371121601
1609512532,Odyssey Homme Armaf Eau de Parfum Masculino 100ml (frasco preto),"Resumo ★ 4,26 no Fragrantica · 2,4 mil votos Mais votado para a noite e os dias frios. 67% noite · inverno e outono Como é o cheiro do Odyssey Homme A tangerina abre o perfume com cítrico adocicado, e o cardamomo, uma especiaria de cheiro fresco e levemente canforado, segura a fruta para que ela não fique só suco. O neroli, flor da laranjeira, já acompanha nessa saída. No coração, a flor de laranjeira volta, agora ao lado da rosa. Duas notas da laranjeira, uma no topo e outra no meio, fazem deste perfume um floral claro, mais de flor branca do que de jardim. O fundo é onde ele assenta: baunilha, âmbar e sândalo, com acordes amadeirados. O Fragrantica o classifica como Oriental e cita acordes de especiaria quente e empoado; no Parfumo, a leitura é de um cheiro doce e empoado. Especificações Característica Detalhe Casa Armaf Nome Odyssey Homme (""Black"" é o apelido do frasco preto) Concentração Eau de Parfum Volume 100 ml Gênero Masculino Família olfativa Oriental (segundo o Fragrantica) Topo Tangerina, neroli, cardamomo Coração Rosa, flor de laranjeira Fundo Sândalo, baunilha, âmbar, acordes amadeirados Para quem e quando usar É um perfume para quem gosta de doce sem chegar ao açucarado de sobremesa: a baunilha vem cercada de cardamomo, sândalo e flor, o que o deixa mais macio do que adocicado. Sugestão nossa: baunilha e âmbar fazem dele um perfume de noite e de dias frescos. No calor úmido do Brasil, a tangerina da abertura ajuda, mas o fundo doce pesa em ar parado; comece com poucas borrifadas e aumente se achar que sumiu. Qual Odyssey é este? A Armaf vende o Odyssey Homme em 60, 100 e 200 ml, com a mesma pirâmide; esta página é a do 100 ml. O White Edition tem frasco branco e notas próprias (menta, sálvia, abacaxi), e o Black Forest é da linha de sobremesas da casa. Se você procura o doce de tangerina com caramelo, veja o Odyssey Mandarin Sky . Perguntas frequentes Odyssey Homme e Odyssey Homme Black são o mesmo perfume? Sim. ""Black"" aparece em páginas da própria Armaf e em lojas para o frasco preto do Odyssey Homme. Só confira que não é o White Edition, de frasco branco. Qual a diferença entre o Odyssey Homme e o White Edition? São perfumes diferentes. O White Edition tem frasco branco e notas próprias (menta, sálvia, abacaxi); o Odyssey Homme, de frasco preto, abre com tangerina, neroli e cardamomo e fecha em baunilha, âmbar e sândalo. O Odyssey Homme é um perfume floral? Tem flor, mas clara: a flor de laranjeira aparece no topo, como neroli, e volta no coração ao lado da rosa. O resultado é um floral de flor branca, mais do que de jardim, sobre fundo de baunilha, âmbar e sândalo. O Odyssey Homme vem em 60, 100 ou 200 ml? A Armaf vende o Odyssey Homme em 60, 100 e 200 ml, com a mesma pirâmide. Esta página é a do Eau de Parfum de 100 ml. Odyssey Homme ou Odyssey Mandarin Sky? Se você procura o doce de tangerina com caramelo, veja o Odyssey Mandarin Sky . O Odyssey Homme tem tangerina com cardamomo na saída e fundo de baunilha, âmbar e sândalo. O Odyssey Homme é masculino? Sim, a Armaf o lista como masculino. O Odyssey Homme é original? Antes de abrir o seu Odyssey Homme, compare a caixa com o guia Perfume árabe original . Veja também Perfume árabe masculino — a seleção masculina da loja. Perfume árabe doce — perfis com baunilha e âmbar. Armaf — a casa e os outros Odyssey na vitrine. Perfume árabe original — o que conferir ao receber.",in stock,new,232.90 BRL,,https://www.perfumearabe.com/produtos/armaf-odyssey-black/,https://dcdn-us.mitiendanube.com/stores/008/297/978/products/01-armaf-odyssey-black-460d8fa9f4c4bbf78217913386536564-1024-1024.webp,Armaf,371121626
1609512635,Vulcan Baie French Avenue 100ml,"Resumo ★ 3,76 no Fragrantica · 724 votos Mais votado para o dia e os dias quentes. 73% dia · verão e primavera Como é o cheiro do Vulcan Baie A abertura junta bergamota, cassis (a groselha-preta, de fruta escura e um pouco azeda) e alecrim. O resultado é uma fruta com sombra de erva, e não uma fruta de bala. No coração aparecem manjericão, framboesa e um acorde de vodka. ""Acorde de vodka"" é uma nota de perfumaria, uma sensação gelada e seca que dá brilho à fruta; não significa mais álcool no frasco. A descrição da casa fala em ""uma fusão divertida de manjericão, framboesa madura e um acorde de vodka crocante"". O fundo reúne âmbar, almíscar, patchouli, sândalo e olíbano (a resina de incenso). É ali que o doce da framboesa ganha um lado resinoso e amadeirado. No Parfumo, os acordes listados são frutado, doce, sintético, fresco e cítrico. Especificações Característica Detalhe Casa French Avenue (Fragrance World) Nome Vulcan Baie Concentração A casa registra como Extrait de Parfum; os distribuidores listam como Eau de Parfum Volume 100 ml Gênero Unissex no título da casa e na seção For Her; compartilhável, segundo Fragrantica e Parfumo Família olfativa Frutal, perfil floral-frutal (segundo a casa) Ano 2025 (segundo Fragrantica e Parfumo) Topo Bergamota, cassis, alecrim Coração Manjericão, framboesa, acorde de vodka Fundo Âmbar, almíscar, patchouli, sândalo, olíbano Para quem e quando usar É para quem gosta de fruta vermelha, mas quer um pé de erva e madeira no fim, sem chegar ao açucarado de sobremesa. A casa o apresenta como unissex, na seção For Her; nas comunidades ele aparece como compartilhável, e a pirâmide não tem nada que o prenda a um só gênero. Sugestão nossa: a bergamota, o alecrim e o acorde de vodka dão ao Vulcan Baie uma saída fresca, o que o deixa à vontade em dias quentes do Brasil, de manhã ou à tarde. O fundo de âmbar e sândalo segura melhor à noite e em tempo ameno. Comece com poucas borrifadas e vá aumentando. Perguntas frequentes Qual a diferença entre o Vulcan Baie e o Vulcan Feu? O Baie é frutal, com framboesa, cassis e bergamota. O Vulcan Feu é oriental-amadeirado, com manga e gengibre; veja a página do Vulcan Feu . O Vulcan Baie é Extrait de Parfum ou Eau de Parfum? Depende de quem descreve: a French Avenue o registra como Extrait de Parfum, e os distribuidores o listam como Eau de Parfum. O tamanho é o mesmo, 100 ml. O acorde de vodka deixa o Vulcan Baie com cheiro de álcool? Não é isso que a nota quer dizer. Na perfumaria, ""acorde de vodka"" é uma sensação gelada e seca que dá brilho à framboesa do coração. O Vulcan Baie é parecido com o Pink Boa? No Parfumo, a comunidade o aproxima do Pink Boa, de Stéphane Humbert Lucas. Essa aproximação vem da lista da comunidade; a French Avenue não cita nenhuma referência. O Vulcan Baie é masculino ou feminino? A casa o apresenta como unissex, na seção For Her. Fragrantica e Parfumo o classificam para mulheres e homens, então a escolha é do seu gosto: a pirâmide é de fruta, erva e âmbar, sem nota tradicionalmente ""de homem"" ou ""de mulher"". Veja também Perfume árabe feminino — a seleção feminina da loja. Perfume árabe original — o que conferir ao receber.",in stock,new,354.00 BRL,,https://www.perfumearabe.com/produtos/french-avenue-vulcan-baie/,https://dcdn-us.mitiendanube.com/stores/008/297/978/products/01-french-avenue-vulcan-baie-aacd8d7de0912cd44717915974929862-1024-1024.webp,French Avenue,371121703
1609512722,Haya Lattafa EDP 100ml Feminino,"Resumo ★ 4,09 no Fragrantica · 1,1 mil votos Mais votado para o dia e os dias quentes. 78% dia · primavera e verão Especificações Casa Lattafa Concentração Eau de Parfum, como consta na caixa da foto oficial da Lattafa Tamanho 100 ml (única variante na página da Lattafa) Gênero Feminino (campo ""Fragrance type"" da Lattafa) Ano 2022 Acordes principais Cítrico, frutado, floral branco e doce (votados no Fragrantica) Notas de topo Champanhe, Laranja-sanguínea, Morango, Tangerina, Rosa Notas de coração Gardênia, Jasmim, Orquídea baunilhada Notas de fundo Âmbar, Sândalo, Castanha Como é o cheiro do Haya Lattafa Nas notas comuns a todas as listas da Lattafa, a saída tem champanhe e laranja-sanguínea: um cítrico efervescente. O coração traz gardênia e jasmim, flores brancas, e orquídea baunilhada, que adoça sem pesar. O fundo fecha com âmbar e sândalo. A pirâmide da tabela de Especificações (Product Information da lattafa.com, lattafa-usa.com, Fragrantica e Parfumo) acrescenta morango, tangerina e rosa na saída e castanha no fundo. A própria Lattafa publica outra lista em outro bloco da mesma página, por isso as sete notas acima são as comuns às duas. Nos comentários do Fragrantica, o que mais se repete é a abertura efervescente de champanhe com morango. Com o passar das horas, várias pessoas descrevem algo limpo, de xampu ou sabonete. Para parte delas é elogio; para outras, é o defeito. Para quem e quando É para quem prefere doce fresco a doce denso, no dia a dia ou no escritório. No Fragrantica, os votos de ""quando usar"" favorecem o dia (542 votos relativos contra 150 da noite) e a primavera e o verão, quase empatados (532 e 522), à frente do outono (181) e do inverno (122). Sugestão nossa para o calor úmido do Brasil: por ter saída cítrica e doçura leve, o Haya aguenta o verão melhor que um âmbar pesado. Duas ou três borrifadas bastam para começar. Fixação e projeção A fixação é ponto de divergência. Dos comentários de usuários do Fragrantica que lemos, a maioria relata duração curta na pele e uma parte relata seis horas ou mais. Por isso não indicamos um tempo. Sobre projeção, usuárias relatam que o perfume fica perto da pele. São relatos, não medição, e cada pele devolve um resultado. No Fragrantica, o Haya soma nota 4,09 de 5 em 1.120 votos. Lembra algum perfume famoso? É comparado com frequência ao Viva La Juicy, da Juicy Couture, por usuários do Fragrantica e do Parfumo. É referência olfativa da comunidade, não uma equivalência. Qual é este Haya? Este é o Haya em Eau de Parfum, 100 ml. A Lattafa também vende Haya All Over Spray (150 ml), Haya Perfume Mist (250 ml) e um kit com o perfume, miniatura e hair mist: são outros produtos. O frasco é rosa com superfície aveludada, colar dourado-rosé na altura dos ombros e tampa rosa clara com coroa dourada. A caixa é rosa, de duas portas, com um sol dourado. Usuárias do Fragrantica relatam que o veludo junta poeira e fiapo. Perguntas frequentes Quanto tempo fixa e como projeta o Haya Lattafa? Os relatos vão de poucas horas a seis ou mais, então não prometemos um tempo. A projeção é relatada como perto da pele. O Haya é para dia, noite, calor ou frio? Dia, primavera e verão, pelos votos do Fragrantica; no calor, em dose pequena (sugestão nossa). Noite e inverno recebem menos votos. Para quem combina o Haya Lattafa? Para quem gosta de champanhe, frutas claras e flores brancas. Quem busca rastro forte ou não gosta de cheiro de xampu e sabonete tende a não se encaixar. Quais são as notas do Haya Lattafa? Da casa: champanhe, laranja-sanguínea, gardênia, jasmim, orquídea baunilhada, âmbar e sândalo. Fragrantica e Parfumo somam morango, tangerina, rosa e castanha. O Haya Lattafa é inspirado em qual perfume? Usuários do Fragrantica e do Parfumo o comparam ao Viva La Juicy. A Lattafa não cita referência. O Haya é o mesmo perfume que o Haya All Over Spray ou o Perfume Mist? Não. A página que você está vendo é do Eau de Parfum de 100 ml. A Lattafa vende à parte o All Over Spray (150 ml), o Perfume Mist (250 ml) e um kit com perfume, miniatura e hair mist: cada um é outro produto, e o que dizemos aqui não vale para eles. O frasco aveludado do Haya junta poeira? Usuárias do Fragrantica relatam que sim: a superfície de veludo prende poeira e fiapo. É um cuidado de quem escolhe esse frasco, não um defeito do perfume. O Haya Lattafa é original? Compare lacre, lote e caixa com o passo a passo do guia perfume árabe original . Na caixa, o Haya traz o desenho rosa de duas portas com sol dourado, descrito acima. Veja também Perfume árabe feminino — mais opções de perfumes para mulheres. Lattafa na loja — os outros perfumes da casa. Sakeena Lattafa — outro feminino frutado da casa.",in stock,new,286.90 BRL,,https://www.perfumearabe.com/produtos/lattafa-haya-f/,https://dcdn-us.mitiendanube.com/stores/008/297/978/products/01-lattafa-haya-f-4ddc2689eb6fa0fc4717913388607002-1024-1024.webp,Lattafa,371121717
1609512795,Vintage Castle Lattafa EDP 100ml Unissex,"Resumo ★ 3,78 no Fragrantica · 160 votos Vai do dia à noite, com destaque nos dias frios. 56% noite · outono e inverno Especificações Casa Lattafa, linha Niche Emarati Concentração Eau de Parfum Tamanho 100 ml Gênero Unissex Acordes principais Patchouli, atalcado, amadeirado e terroso Notas de topo notas verdes, patchouli, íris Notas de coração patchouli, mimosa Notas de fundo patchouli, marshmallow, civeta Como é o cheiro do Vintage Castle Lattafa O patchouli aparece nas três camadas, e isso define o perfume. Patchouli é uma folha de cheiro terroso, amadeirado e meio balsâmico. Aqui ele aparece primeiro com notas verdes e íris, depois com mimosa, e por fim com marshmallow e civeta. Na saída, o verde e o terroso vêm juntos. A íris, raiz de flor de cheiro atalcado, como pó de maquiagem, suaviza. No coração, a mimosa (uma flor amarela, levemente doce) entra sem tirar o patchouli do centro. No fundo, o marshmallow traz uma doçura macia, de confeitaria. A civeta é uma nota animálica: cheiro quente, de pele. Terra, pó e um toque animal na mesma lista de notas: é o que o diferencia de um patchouli amadeirado simples (leitura nossa, a partir das notas). Para quem e quando É para quem gosta de patchouli e de perfume seco, que foge do doce de sobremesa. Ele é unissex. O outono e o inverno são as estações que mais combinam com ele, seguidas da primavera; o verão é a que menos combina. A noite leva vantagem sobre o dia. Sugestão nossa para o Brasil: use em dias frios, em ambiente fechado ou à noite. No calor úmido, comece com duas borrifadas: o verão é a estação que menos combina com ele. Duração e alcance mudam com a pele e o clima, então teste em você antes de contar com um tempo. O que quem provou acha Quem já provou costuma avaliar bem o Vintage Castle: cerca de dois em cada três gostam, uma parcela menor fica no meio-termo e menos de um em cada cinco não gosta. Com patchouli nas três camadas, o gosto por cheiro seco e terroso pesa. Qual é este Vintage Castle? Este é o Vintage Castle em Eau de Parfum, 100 ml, da linha Niche Emarati. Não é o Vintage Radio, que é outro perfume da Lattafa, de outra linha. Dentro da Niche Emarati, o Antique também é outro perfume. O frasco é metálico cor de cobre, em forma de casa-torre antiga, com janelas e porta em relevo e o nome gravado na fachada. A tampa imita uma torre com treliça. A caixa é marrom, de duas portas, com uma placa preta octogonal. Perguntas frequentes Quantas borrifadas do Vintage Castle bastam num dia frio? Duas costumam bastar: o patchouli nas três camadas é denso e aparece cedo. Se achar pouco, acrescente uma terceira depois de alguns minutos, sem pressa. O Vintage Castle serve para o verão? Não é a estação dele: combina mais com outono, inverno e noites frias. No calor, use pouco (sugestão nossa). Quem não gosta de perfume seco vai gostar do Vintage Castle? Tende a não. O marshmallow do fundo traz uma doçura macia, mas o centro é patchouli, com íris e cheiro terroso. Quem prefere frutas, baunilha ou cítricos tende a não se encaixar. Onde entra a mimosa no Vintage Castle? No coração, junto do patchouli. A mimosa é uma flor amarela, levemente doce, e entra sem tirar o patchouli do centro. Qual a diferença entre o Vintage Castle e o Vintage Radio? São perfumes diferentes. O Vintage Castle é da linha Niche Emarati; o Vintage Radio é outro perfume da Lattafa, de outra linha. Se alguma loja escreve ""Pride"" no nome do Castle, confira a caixa: a casa o lista como Niche Emarati. O que a civeta faz no Vintage Castle? A civeta é uma nota animálica: dá ao fundo um cheiro quente, de pele. Junto do marshmallow, que é doce, o fundo fica macio e um pouco animal. Vale arriscar o Vintage Castle sem ter provado? A avaliação de quem provou é favorável, mas ele pede gosto por cheiro seco e terroso, porque tem patchouli nas três camadas (leitura nossa). Se você nunca usou patchouli, vale começar com poucas borrifadas. Como é a caixa do Vintage Castle? A caixa é marrom, de duas portas, com placa preta octogonal. Lacre e lote se conferem pelo passo a passo do guia perfume árabe original . Veja também Lattafa na loja — os outros perfumes da casa. Antique Lattafa — outro perfume da linha Niche Emarati. Perfume árabe unissex — mais opções para todos os gêneros.",in stock,new,337.00 BRL,,https://www.perfumearabe.com/produtos/lattafa-vintage-castle/,https://dcdn-us.mitiendanube.com/stores/008/297/978/products/01-lattafa-vintage-castle-746a8d34f3177df22317913389434683-1024-1024.webp,Lattafa,371121726
1609512866,Oud Mystery Intense Al Wataniah Eau de Parfum 100ml,"Resumo ★ 4,26 no Fragrantica · 187 votos Mais votado para a noite e os dias frios. 82% noite · inverno e outono Como é o cheiro No Oud Mystery Intense, o topo reúne açafrão, noz-moscada e lavanda. O açafrão (os fios secos de uma flor, os mesmos da cozinha) dá um toque agridoce e terroso; a noz-moscada acrescenta calor seco, e a lavanda deixa a abertura mais aromática que doce. No coração fica o oud. Oud é a resina escura que se forma na madeira de uma árvore chamada agarwood; o cheiro é de madeira terrosa, às vezes fumada. No fundo, patchouli (terroso, meio úmido) e almíscar (macio, de pele limpa) suavizam essa madeira. A lavanda junto do oud é o que separa este perfume de um oud puramente doce ou resinoso. Especificações Característica Detalhe Casa Al Wataniah Nome Oud Mystery Intense Concentração Eau de Parfum Volume 100 ml Topo Açafrão, noz-moscada, lavanda Coração Oud Fundo Patchouli, almíscar Para quem e quando É para quem gosta de especiaria com madeira e aceita um cheiro escuro e seco. Quem procura algo cítrico, aquático ou doce de sobremesa vai achar este sério demais. Sugestão nossa: com oud, noz-moscada e patchouli, ele combina mais com a noite e com dias amenos. Em tarde abafada, duas ou três borrifadas bastam, porque a especiaria quente fica pesada em ar parado. Qual Oud Mystery Intense é este? Este é o perfume Eau de Parfum de 100 ml. A Al Wataniah vende à parte um body mist de 250 ml com o mesmo nome, que é outro produto. Também existe o Rose Mystery Intense, outro perfume da casa, com nome parecido. Da mesma casa, o Attar Al Wesal é aromático, com pera e canela, e o Sabah Al Ward é frutado e gourmand. Perguntas frequentes O Oud Mystery Intense é Eau de Parfum ou body mist? É Eau de Parfum, de 100 ml. O body mist de 250 ml que a casa vende com o mesmo nome é outro produto, com preço e formato próprios; aqui você encontra o Eau de Parfum. A lavanda deixa o Oud Mystery Intense doce? Não é o que a pirâmide sugere: açafrão, noz-moscada e lavanda abrem o perfume mais aromático e seco do que doce, e o oud, o patchouli e o almíscar seguram o fundo em madeira escura. O oud do Oud Mystery Intense tem cheiro de fumaça? O oud é uma resina escura que se forma na madeira do agarwood, com cheiro de madeira terrosa e às vezes fumada. Aqui ele aparece no coração, entre a abertura de especiarias e o fundo de patchouli e almíscar. Qual a diferença entre o Oud Mystery Intense e o Rose Mystery Intense? São dois perfumes diferentes da Al Wataniah, com nome parecido. O Oud Mystery Intense é o de oud no coração, descrito acima; o Rose Mystery Intense é outro perfume da casa e não é o que vendemos nesta página. De quantos ml é o Oud Mystery Intense? 100 ml. É a única variante do perfume que a Al Wataniah vende, sem outro tamanho nem outra concentração. Um perfume de oud como o Oud Mystery Intense serve para mulher? Serve. Ele é unissex: o que decide é gostar de especiaria quente e madeira escura, não ser homem ou mulher. Veja também Al Wataniah — a casa e os outros perfumes dela na vitrine. Perfume oud — os perfumes com oud da vitrine. Perfume árabe amadeirado — os de perfil amadeirado. Perfume árabe original — o que conferir ao receber.",in stock,new,258.00 BRL,,https://www.perfumearabe.com/produtos/al-wataniah-oud-mystery-intense-u/,https://dcdn-us.mitiendanube.com/stores/008/297/978/products/01-al-wataniah-oud-mystery-intense-u-9fb97e89de465b6d8217913385962137-1024-1024.webp,Al Wataniah,371121754
1609808254,Avant Maison Alhambra 30ml,"Resumo ★ 3,09 no Fragrantica · 222 votos Vai do dia à noite, com destaque nos dias quentes. 56% dia · primavera e verão Aqui você encontra o Avant Maison Alhambra em frasco de 30 ml. Especificações Casa Maison Alhambra Nome Avant Tamanho 30 ml Concentração Lojas anunciam como Eau de Parfum Gênero Masculino Ano 2022 Família Aromático Acordes Cítrico, especiado fresco, aromático, amadeirado, verde, terroso Notas de topo Bergamota, Limão, Notas verdes Notas de coração Pimenta-preta, Jasmim, Lavanda Notas de fundo Vetiver, Patchouli, Almíscar Como é o cheiro O Avant se resume a um cítrico seco com lavanda e vetiver, sem doce de fruta. Essa é a pirâmide da tabela; circula uma segunda lista, mais frutada e doce, explicada nas perguntas abaixo. No topo ficam bergamota, limão e notas verdes. O coração junta pimenta-preta, jasmim e lavanda, e a pimenta dá um toque de especiaria fresca. O fundo é vetiver, patchouli e almíscar. Vetiver é uma raiz de cheiro terroso e de madeira seca; almíscar é a nota macia, de pele limpa, que fecha o perfume. Limão, lavanda e vetiver na mesma lista dão um perfume de banho tomado, não de sobremesa (leitura nossa, a partir das notas). Para quem e quando Para quem procura um aromático fresco de uso diário, sem doce. É um perfume masculino. Primavera e verão são as estações em que ele mais é lembrado, à frente do outono e, bem atrás, do inverno. O dia leva pouca vantagem sobre a noite. Sugestão nossa para o Brasil: cítrico e verde combinam com dias quentes e com o escritório, e duas borrifadas bastam para testar. O frasco de 30 ml cabe na bolsa e na mala. Fixação e projeção Fixação e projeção ficam na média, sem destaque para cima nem para baixo. As opiniões sobre a duração divergem: há quem a ache muito boa e quem a ache fraca. Nota da comunidade É um perfume que divide: para cada quatro pessoas que o aprovam, três o rejeitam. O ponto mais bem avaliado é a relação custo-benefício, acima da nota do próprio cheiro. Qual é este Avant? Este é o Avant da Maison Alhambra em frasco de 30 ml. Não é o Avant Silk, outro perfume da casa que algumas lojas vendem ao lado dele. Perguntas frequentes Como é a fixação do Avant de 30 ml? Fica no meio do caminho, sem ser fraco nem marcante, e a duração divide quem usa. Comece com duas borrifadas e veja como ele se comporta na sua pele. Dá para usar o Avant num dia de 35 graus? Dá: o verão é, com a primavera, a época em que ele mais aparece. Cítrico, notas verdes e lavanda funcionam no calor; no inverno ele perde espaço. Tem baunilha ou fruta no fundo do Avant? Não. O fundo é vetiver, patchouli e almíscar, sem baunilha nem fruta; quem procura um perfume doce tende a preferir outro. Que notas formam o Avant Maison Alhambra? Bergamota, limão e notas verdes no topo; pimenta-preta, jasmim e lavanda no coração; vetiver, patchouli e almíscar no fundo. O Avant e o Avant Silk são o mesmo perfume? Não. O Avant Silk é outro perfume da Maison Alhambra, com nome parecido. Esta página é só do Avant de 30 ml. Por que algumas listas dão abacaxi e baunilha no Avant? Porque circula uma segunda pirâmide para ele, com abacaxi, maçã, bergamota e groselha-preta no topo e baunilha no fundo. A da tabela traz limão, notas verdes, pimenta-preta, lavanda e vetiver; as duas só coincidem em bergamota, jasmim, patchouli e almíscar, e a Maison Alhambra não tem site aberto para desempatar. O Avant de 30 ml é Eau de Parfum? Ele é anunciado como Eau de Parfum, mas a concentração não está confirmada pela casa. Vale conferir na caixa quando o frasco chegar. Veja também Perfumes Maison Alhambra — os outros perfumes da casa. Perseus Maison Alhambra — outro da casa, de família aromática. Salvo Maison Alhambra — oriental fougère da mesma casa. Perfume árabe masculino — masculinos por estilo, de fresco a especiado.",in stock,new,70.90 BRL,,https://www.perfumearabe.com/produtos/maison-alhambra-avant/,https://dcdn-us.mitiendanube.com/stores/008/297/978/products/01-maison-alhambra-avant-8c5bb6f1bb87b6850a17913389746576-1024-1024.webp,Maison Alhambra,371231264
1609815287,Pacific Blue Maison Alhambra 30ml,"Resumo ★ 4,06 no Fragrantica · 373 votos Mais votado para o dia e os dias quentes. 91% dia · verão e primavera Esta página trata do Pacific Blue Maison Alhambra de 30 ml. Especificações Casa Maison Alhambra Nome Pacific Blue Tamanho 30 ml Concentração Lojas anunciam como Eau de Parfum Gênero Unissex Ano 2025 Acordes Cítrico, floral branco, aromático, especiado fresco, fresco Notas de topo Limão, Mandarina, Bergamota, Laranja amarga, Alecrim, Murta, Lavanda Notas de coração Neroli, Flor de laranjeira, Jasmim Notas de fundo Angélica, Âmbar, Ambreta Como é o cheiro do Pacific Blue Maison Alhambra Circulam duas pirâmides para o Pacific Blue, e a casa não publica a dela. As duas concordam em limão, mandarina, laranja amarga, lavanda, neroli, flor de laranjeira, jasmim e âmbar: esse é o esqueleto do cheiro. Na pirâmide da tabela, o topo reúne limão, mandarina, bergamota, laranja amarga, alecrim, murta e lavanda; no coração vêm neroli, flor de laranjeira e jasmim; o fundo tem angélica, âmbar e ambreta. Com tanta fruta cítrica no início e flor de laranjeira no meio, o que a lista de notas sugere é um perfume de laranjal: os citros primeiro, a flor branca depois. É uma leitura nossa, a partir das notas. Para quem e quando Para quem quer um cítrico floral com lavanda, e não um doce ou um amadeirado. É unissex, para homem e mulher. Verão e primavera dominam, com outono e inverno bem atrás, e ele é muito mais lembrado para o dia do que para a noite. Sugestão nossa para o Brasil: pela combinação de citros e lavanda, ele combina com dias quentes e com o ar-condicionado do escritório, mais do que com noites frias. Nota da comunidade É bem avaliado: de cada quatro pessoas que deram opinião, três adoraram ou gostaram, e menos de uma em dez não gostou. Qual é este Pacific Blue? Esta página é do Pacific Blue da Maison Alhambra em frasco de 30 ml. O tamanho grande da linha é de 80 ml, e a casa não confirma se o conteúdo é o mesmo nos dois. Algumas lojas o chamam de ""antigo Porto Neroli"", mas a Maison Alhambra não diz isso, e os dois aparecem como perfumes separados, com pirâmides diferentes; nada do Porto Neroli entra nesta página. Perguntas frequentes O que se sente primeiro no Pacific Blue Maison Alhambra? Sete notas abrem o perfume, quase todas cítricas ou de erva: limão, mandarina, bergamota, laranja amarga, alecrim, murta e lavanda. Em seguida chegam neroli, flor de laranjeira e jasmim, e o fundo fecha em angélica, âmbar e ambreta. O Pacific Blue tem sal marinho? Na pirâmide da tabela, não. Ele aparece na outra lista, ligada ao frasco de 80 ml, que põe flor de laranjeira, lavanda e sal marinho no coração. O Pacific Blue de 30 ml é igual ao de 80 ml? A casa não confirma. A lista ligada ao 80 ml difere em parte das notas da tabela, e esta página fala só do frasco de 30 ml. O Pacific Blue é o antigo Porto Neroli? Não dá para afirmar. A troca de nome é contada por algumas lojas, não pela Maison Alhambra, e os dois têm pirâmides diferentes. O Pacific Blue funciona à noite? Funciona, mas não é o forte dele: a indicação para o dia é cerca de dez vezes a da noite. Citros e lavanda pedem calor e luz. Veja também Perfumes Maison Alhambra — os outros perfumes da casa. Salvo Maison Alhambra — oriental fougère da mesma casa. Perfume árabe fresco — cítricos e frescor para o calor.",in stock,new,72.90 BRL,,https://www.perfumearabe.com/produtos/maison-alhambra-pacific-blue/,https://dcdn-us.mitiendanube.com/stores/008/297/978/products/01-maison-alhambra-pacific-blue-5603c97f3170259e6017913389852429-1024-1024.webp,Maison Alhambra,371233632
1609815536,Maison Asrar Fakhama Eau de Parfum 100ml,"Resumo ★ 4,23 no Fragrantica · 391 votos Votos divididos entre dia e noite. 52% dia · primavera e outono Como é o cheiro do Maison Asrar Fakhama A abertura junta notas gourmand e flor de laranjeira. Gourmand é o termo para cheiro de doce de confeitaria. No coração aparecem a baunilha e as flores brancas. Entre os acordes principais vêm, nessa ordem, floral branco, doce, baunilha, cítrico, atalcado, almiscarado e animálico. O fundo é só almíscar, sem madeira nem resina na pirâmide. O conjunto é floral-gourmand, classificado como oriental floral. Especificações Característica Detalhe Casa Maison Asrar (marca da Gulf Orchid) Nome Fakhama Concentração Eau de Parfum Volume 100 ml Gênero Feminino Família olfativa Oriental floral Topo Notas gourmand, flor de laranjeira Coração Baunilha, flores brancas Fundo Almíscar Coleção Asala Collection Lançamento 2022 A foto da caixa no site da casa mostra o mesmo Eau de Parfum de 100 ml. Para quem e quando usar É para quem gosta de baunilha com flor branca e aceita um perfume que não esconde o doce. Quem prefere cítrico seco ou amadeirado vai estranhar. Funciona em qualquer hora: primavera, dia, outono, inverno e noite andam juntos, e o verão é a estação que menos combina com ele. No calor úmido, comece com pouco e teste na pele antes de decidir. Fixação e projeção Quem usa costuma avaliar bem a fixação e a projeção do Fakhama, e a nota geral também é alta. É avaliação de quem provou, não medição, e muda de pele para pele. Perguntas frequentes O Fakhama é da Maison Alhambra? Não. É da Maison Asrar, marca da Gulf Orchid, que aparece na tampa do frasco na foto oficial. A Maison Alhambra é outra casa. O Fakhama é parecido com o Love, Don't Be Shy, da By Kilian? Há quem o aproxime do Love, Don't Be Shy, da By Kilian. Vale como referência olfativa, não como equivalência. O Fakhama tem relação com o Fakhar, da Lattafa? Nenhuma. Os nomes são parecidos, mas o Fakhar é da Lattafa e o Fakhama é da Maison Asrar. O Fakhama serve no verão? Serve, mas é a estação em que ele menos brilha; nas outras três e nos dois períodos do dia ele anda bem. Calor úmido e tipo de pele mudam o resultado. Que EAN o Fakhama traz na embalagem? O do frasco de 100 ml é 6291107015538. Lacre e lote impressos no frasco e na caixa estão explicados no guia Perfume árabe original . Veja também Perfume árabe feminino — a seleção feminina da loja. Perfume árabe original — o que conferir ao receber. Perfume árabe baunilha — os perfumes com baunilha da loja.",in stock,new,381.00 BRL,,https://www.perfumearabe.com/produtos/maison-asrar-fakhama/,https://dcdn-us.mitiendanube.com/stores/008/297/978/products/01-maison-asrar-fakhama-a77a7a7b9e209566da17913390064727-1024-1024.webp,Maison Asrar,371233739
1609816103,Maison Asrar Vision Eau de Parfum 100ml,"Resumo ★ 4,36 no Fragrantica · 244 votos Mais votado para o dia e os dias quentes. 79% dia · verão e primavera Como é o cheiro do Maison Asrar Vision O topo reúne laranja, limão-verde e groselha-preta (cassis): dois cítricos e a groselha-preta. No coração ficam manjericão, coentro e folhas de chá-branco. O fundo junta almíscar, musgo e âmbar cinzento. Entre os acordes principais vêm, nessa ordem, cítrico, aromático, especiado fresco, verde, almiscarado, frutado e doce. Especificações Característica Detalhe Casa Maison Asrar (marca da Gulf Orchid) Nome Vision Concentração Eau de Parfum Volume 100 ml Gênero Masculino Família olfativa Cítrica frutada Topo Laranja, limão-verde, groselha-preta Coração Manjericão, coentro, folhas de chá-branco Fundo Almíscar, musgo, âmbar cinzento Coleção Future Collection Lançamento 2025 Para quem e quando usar É para quem gosta de cítrico com ervas (manjericão e coentro) e fundo de almíscar e musgo. O Vision é perfume de verão e de primavera, e de dia: outono, inverno e noite ficam bem atrás. É o que a maioria sente; a sua pele pode responder de outro modo. Avaliação de quem já usou Quem já usou costuma avaliar bem a fixação e a projeção do Vision, e dá nota alta ao cheiro e ao perfume como um todo. É avaliação de quem provou, não medição, e varia com pele e clima. Perguntas frequentes O que vem impresso na caixa do Vision? Eau de Parfum e 100 ml, na caixa e no frasco. O Vision lembra algum perfume da Louis Vuitton? É comum aproximá-lo do Pacific Chill, da Louis Vuitton, como referência olfativa; não é igualdade. O Vision cheira a ervas? A pirâmide traz manjericão e coentro no coração. Entre os acordes, aromático e verde vêm logo depois do cítrico. O Vision tem limão-verde ou lima no topo? Limão-verde, junto de laranja e groselha-preta. Algumas listas escrevem limão no lugar do limão-verde e acrescentam lima, mas o topo é este. O Vision serve no inverno? Não é a estação dele: o uso se concentra no verão e na primavera, e o inverno é a que menos combina com os cítricos e as ervas do perfume. Qual é o EAN do Vision? O do Vision de 100 ml é 6290362162841. Lacre e lote estão no guia Perfume árabe original . Veja também Perfume árabe masculino — a seleção masculina da loja. Perfume árabe original — o que conferir ao receber. Perfume árabe fresco — cítricos e frescor para o calor.",in stock,new,397.90 BRL,,https://www.perfumearabe.com/produtos/maison-asrar-vision/,https://dcdn-us.mitiendanube.com/stores/008/297/978/products/01-maison-asrar-vision-24e4729baf6d86043617913390329037-1024-1024.webp,Maison Asrar,371233900
1609822473,Reyna Maison Alhambra 30ml,"Resumo ★ 3,98 no Fragrantica · 762 votos Mais votado para usar durante o dia. 66% dia · primavera e outono O Reyna Maison Alhambra de 30 ml aparece nas lojas brasileiras como Reyna Pour Femme. Especificações Casa Maison Alhambra Nome Reyna (no Brasil, vendido também como Reyna Pour Femme) Tamanho 30 ml Concentração Anunciado como Eau de Parfum Gênero Feminino Lançamento 2023 Família Floral frutado Acordes Doce, cítrico, frutado, atalcado, floral branco, almiscarado e baunilha Notas de topo Tangerina, Bergamota, Toranja Notas de coração Framboesa, Flor de laranjeira, Cassis Notas de fundo Marshmallow, Chantilly, Almíscar, Ambreta Como é o cheiro do Reyna Maison Alhambra No Reyna Maison Alhambra, o topo junta tangerina, bergamota e toranja: três cítricos. No coração entram framboesa, flor de laranjeira e cassis, que é a groselha-preta. O fundo tem marshmallow, chantilly, almíscar e ambreta. Marshmallow e chantilly são notas de confeitaria. Uma leitura nossa, a partir das notas: como o cítrico do topo e a fruta vermelha do coração vêm antes do creme, o perfume parece partir de algo vivo e ácido e ir assentando em doçura macia. Os acordes principais (doce, cítrico, frutado, atalcado) apontam para o mesmo caminho. Para quem e quando É para quem procura um perfume feminino doce e frutado, mas com abertura cítrica que evita o açúcar logo de cara. Quem não gosta de notas de sobremesa deve testar antes em decant ou amostra. O dia e a primavera lideram, com outono e verão perto, e nem o inverno fica de fora: é um perfume para o ano inteiro, usado mais de dia que de noite. O frasco de 30 ml serve para conhecer o cheiro antes de pensar em um tamanho maior. O Reyna também é vendido em 100 ml, e a casa não confirma se o conteúdo é igual nos dois tamanhos. Nota da comunidade Quem já usou o Reyna costuma avaliá-lo bem. Lembra algum perfume famoso? Quem gosta do Reyna costuma gostar também do Oriana, da Parfums de Marly. É afinidade de gosto, não semelhança declarada de cheiro, e serve só como referência olfativa. Perguntas frequentes Reyna e Reyna Pour Femme são o mesmo perfume? Sim. O perfume se chama Reyna, da Maison Alhambra; ""Pour Femme"" é o complemento com que ele aparece nas lojas do Brasil. Que notas de confeitaria o Reyna tem? Marshmallow e chantilly, no fundo, junto de almíscar e ambreta. Antes deles vêm três cítricos no topo (tangerina, bergamota e toranja) e, no coração, framboesa, flor de laranjeira e cassis. O Reyna de 30 ml é o mesmo do de 100 ml? Não há confirmação. Os dois tamanhos estão à venda, mas a Maison Alhambra não publica a composição; esta página vale para o frasco de 30 ml. O Reyna é parecido com o Oriana, da Parfums de Marly? Não há semelhança de cheiro declarada. O Oriana é o primeiro nome que aparece entre os preferidos de quem gosta do Reyna, o que fala de gosto parecido, não de perfume parecido. O Reyna fica enjoativo no calor? Sugestão nossa: pela tangerina e a bergamota no topo, ele se sai melhor em dias quentes do que um doce denso. O verão está entre as épocas em que ele mais é usado, quase empatado com o outono. Veja também Perfumes Maison Alhambra — os outros perfumes da casa. Salvo Maison Alhambra — outro perfume da mesma casa, para comparar o estilo. Pacific Blue Maison Alhambra — outro 30 ml da mesma casa, de perfil fresco. Perfume árabe feminino — femininos por estilo.",in stock,new,70.90 BRL,,https://www.perfumearabe.com/produtos/maison-alhambra-reyna-femme/,https://dcdn-us.mitiendanube.com/stores/008/297/978/products/01-maison-alhambra-reyna-femme-1788c8a58495b5ceef17913389903670-1024-1024.webp,Maison Alhambra,371235844
1609822634,Maison Asrar DXB Eau de Parfum 100ml,"Resumo ★ 4,09 no Fragrantica · 149 votos Mais votado para o dia e os dias quentes. 84% dia · verão e primavera Como é o cheiro do Maison Asrar DXB No topo do Maison Asrar DXB vêm três cítricos juntos: laranja, mandarina e bergamota. No coração entram a toranja e o gengibre, que junta uma nota de especiaria ao cítrico (o conjunto tem um acorde especiado fresco). No fundo ficam o lírio-do-vale, flor branca, e o almíscar. O conjunto ainda tem acordes atalcados e almiscarados. Especificações Característica Detalhe Casa Maison Asrar (marca da Gulf Orchid) Nome DXB Concentração Eau de Parfum Volume 100 ml Gênero Masculino (também funciona como unissex) Família olfativa Cítrica verde Topo Laranja, mandarina, bergamota Coração Toranja, gengibre Fundo Lírio-do-vale, almíscar Lançamento 2025 Na foto oficial, caixa e frasco trazem impressos Eau de Parfum e 100 ml. Para quem e quando usar É um perfume para quem procura cítrico com gengibre e almíscar. A lista de notas não inclui baunilha, âmbar nem resina. Sugestão nossa: por ser quase todo cítrico e fresco, combina com dias quentes e úmidos do Brasil, escritório e uso diurno. Fixação e projeção Duração e alcance do DXB dependem da sua pele e do clima; um borrifo no pulso de manhã mostra como ele se comporta com você. Perguntas frequentes O DXB é o mesmo que o DXB Jumeirah? Não. O DXB Jumeirah é outro perfume da Maison Asrar, lançado depois, e é um perfume à parte. Esta página é do DXB simples, Eau de Parfum de 100 ml. O DXB é parecido com o Afternoon Swim, da Louis Vuitton? É comum aproximarem o DXB do Afternoon Swim, como referência olfativa de quem já cheirou os dois; não afirmamos que um seja o outro. O DXB serve para o calor do Brasil? Serve, e bem: o verão é a estação que mais combina com ele, seguido da primavera, com outono e inverno bem atrás; de dia ele vai melhor que à noite. Sugestão nossa: laranja, mandarina, toranja e bergamota são cítricas, o que combina com tempo quente. O que conferir na caixa do DXB? Eau de Parfum e 100 ml, impressos na caixa e no frasco, e o código de barras 6290362163879. Lacre e lote estão no guia Perfume árabe original . Veja também Maison Asrar Vision — outro perfume da Maison Asrar. Maison Asrar Fakhama — outro perfume da Maison Asrar. Perfume árabe masculino — a seleção masculina da loja. Perfume árabe original — o que conferir ao receber.",in stock,new,391.90 BRL,,https://www.perfumearabe.com/produtos/maison-asrar-dxb/,https://dcdn-us.mitiendanube.com/stores/008/297/978/products/01-maison-asrar-dxb-44fa2b9b0a7a58c7d517913390010115-1024-1024.webp,Maison Asrar,371235894
1609822865,Regent Maison Asrar Eau de Parfum 100ml,"Resumo ★ 4,58 no Fragrantica · 284 votos Mais votado para o dia e os dias quentes. 81% dia · verão e primavera Como é o cheiro do Regent Maison Asrar No Maison Asrar Regent, o topo reúne quatro notas: bergamota, mandarina, gengibre e toranja. Três delas são cítricas e o gengibre é a nota picante. No coração estão jasmim, flor de laranjeira e íris (orris, a raiz seca de uma espécie de lírio, usada em perfumaria). O fundo tem seis notas: âmbar cinzento (ambergris), cedro, almíscar, patchouli, sândalo e fava tonka. A família é hesperidada ambarada. Os acordes principais, nessa ordem, são cítrico, especiado fresco, amadeirado, floral branco, atalcado, almiscarado e aromático. Especificações Característica Detalhe Casa Maison Asrar (marca da Gulf Orchid) Nome Regent, da linha Royal Collection Concentração Eau de Parfum Volume 100 ml Lançamento 2026 Gênero Masculino Família olfativa Hesperidada ambarada Topo Bergamota, mandarina, gengibre, toranja Coração Jasmim, flor de laranjeira, íris Fundo Âmbar cinzento, cedro, almíscar, patchouli, sândalo, fava tonka São 13 notas, e a caixa traz Eau de Parfum e 100 ml. Para quem é É para quem procura um perfume de base cítrica com gengibre e fundo de cedro, sândalo e âmbar cinzento. Se você já gosta de bergamota e gengibre, a pirâmide tem o que procurar. Quanto o Regent dura e chega longe varia de pele para pele; acompanhe um borrifo no pulso ao longo do dia. Aceitação de quem já usou Quem já usou costuma avaliar muito bem o Regent. Perguntas frequentes Royal Regent e Maison Asrar Regent são o mesmo perfume? Sim. ""Royal Collection"" é o nome da linha e está impresso na caixa e no frasco; algumas lojas brasileiras escrevem ""Royal Regent"" no título. O nome do perfume é Regent. O Regent é da Maison Alhambra? Não. É da Maison Asrar, marca da Gulf Orchid. A Maison Alhambra é outra casa. Regent e Majesty, da Maison Asrar, são o mesmo perfume? Não. O Majesty é outro perfume da casa, lançado em 2025. A vitrine oficial usa a mesma chamada de notas de topo (bergamota, gengibre e toranja) para os dois, por isso é comum confundir. O Regent lembra o Sospiro Vibrato? Há quem o aproxime do Sospiro Vibrato. É referência olfativa, não igualdade. Royal Collection aparece na embalagem do Regent? Sim, o nome da linha vem impresso na caixa e no frasco, junto de Eau de Parfum e 100 ml. Lacre e lote estão no guia Perfume árabe original . Veja também Maison Asrar Vision — outro perfume da Maison Asrar. Maison Asrar Fakhama — outro perfume da Maison Asrar. Perfume árabe masculino — a seleção masculina da loja. Perfume árabe original — o que conferir ao receber.",in stock,new,549.00 BRL,,https://www.perfumearabe.com/produtos/maison-asrar-regent/,https://dcdn-us.mitiendanube.com/stores/008/297/978/products/01-maison-asrar-regent-af86c6a25f126fcef417913390220844-1024-1024.webp,Maison Asrar,371235982
1609823053,Maison Asrar Rey Eau de Parfum 100ml,"Resumo ★ 4,48 no Fragrantica · 276 votos Votos divididos entre dia e noite. 55% dia · primavera e outono Como é o cheiro do Maison Asrar Rey No Maison Asrar Rey, o topo reúne gerânio, bergamota e toranja: dois cítricos e o gerânio. No coração ficam fava tonka, pimenta-preta e notas aromáticas. O fundo junta almíscar, âmbar cinzento e baunilha. Entre os acordes principais vêm, nessa ordem, especiado fresco, cítrico, baunilha, aromático, âmbar, almiscarado, atalcado, animálico, doce e especiado quente. Especificações Característica Detalhe Casa Maison Asrar (marca da Gulf Orchid) Nome Rey Concentração Eau de Parfum Volume 100 ml Gênero Masculino Família olfativa Fougère ambarada Topo Gerânio, bergamota, toranja Coração Fava tonka, notas aromáticas, pimenta-preta Fundo Almíscar, âmbar cinzento, baunilha Coleção Leo Collection Lançamento 2024 A concentração e o volume aparecem na foto oficial do frasco e da caixa. Para quem e quando usar É para quem gosta de cítrico com baunilha e pimenta-preta no mesmo perfume, e não se incomoda com o fundo doce e almiscarado. Quem procura algo só fresco ou só amadeirado pode achar o Rey doce demais. Dia e noite ficam divididos, com leve vantagem do dia, e nenhuma estação fica de fora: primavera e outono na frente, depois verão e inverno. Avaliação de quem já usou Quem já usou costuma avaliar muito bem o Rey. Perguntas frequentes Que nota dá o lado picante do Rey? A pimenta-preta, no coração. Ela vem com fava tonka e notas aromáticas, depois de gerânio, bergamota e toranja no topo, e antes de almíscar, âmbar cinzento e baunilha no fundo. O que o leão do frasco do Rey quer dizer? O frasco tem uma cabeça de leão, e o texto oficial fala de ""a lion ruling its realm"" (um leão governando seu reino). O Rey faz parte da Leo Collection. O Rey lembra o Myslf, da Yves Saint Laurent? O Myslf (Eau de Parfum), da Yves Saint Laurent, é o que mais costuma aparecer ao lado do Rey; também há quem o compare ao La-Di-Da for Him, da Arabiyat Prestige. São referências olfativas, não equivalência. O Rey é o mesmo que o Regent? Não. O Regent é outro perfume da Maison Asrar, com notas próprias. Os nomes se parecem e é comum confundir um com o outro. Que código de barras o Rey de 100 ml tem? O código de barras do Rey de 100 ml é 6290362160755, e Eau de Parfum e 100 ml aparecem no frasco e na caixa. Lacre e lote estão no guia Perfume árabe original . Veja também Maison Asrar Vision — outro perfume da Maison Asrar. Maison Asrar Fakhama — outro perfume da Maison Asrar. Perfume árabe masculino — a seleção masculina da loja. Perfume árabe original — o que conferir ao receber.",in stock,new,321.90 BRL,,https://www.perfumearabe.com/produtos/maison-asrar-rey/,https://dcdn-us.mitiendanube.com/stores/008/297/978/products/01-maison-asrar-rey-26fb8212e1d7ae4e4517913390272528-1024-1024.webp,Maison Asrar,371236067
1609876425,Mawj Moscow Mule Paris Corner Eau de Parfum 100ml,"Resumo ★ 4,10 no Fragrantica · 709 votos Mais votado para o dia e os dias quentes. 80% dia · verão e primavera Como é o cheiro do Mawj Moscow Mule O Mawj Moscow Mule cheira a coquetel gelado: limão e gengibre na saída, com bergamota reforçando o cítrico. É o gengibre que o separa de um cítrico comum, porque traz um picante de raiz recém-cortada por baixo da casca do limão. O coração é verde: notas herbais, cipreste e menta. Aqui não há fruta nem flor; o que dá volume é a madeira verde do cipreste. O fundo reúne notas ozônicas, notas ambaradas e musgo. Ozônica é a nota que evoca ar aberto, de brisa; o musgo fecha com cheiro de mata úmida. O Fragrantica resume os acordes como fresco especiado, cítrico, aromático e verde. A lista acima é a da Paris Corner, e o Parfumo a confirma. O Fragrantica traz menos: só o musgo no fundo, sem as notas herbais. Mawj é a linha da Paris Corner de perfumes com nome de coquetel. O Mawj Appletini é outro perfume da linha, de maçã, rum e brandy no coração. Especificações Característica Detalhe Casa Paris Corner (linha Mawj) Nome Mawj Moscow Mule Concentração Eau de Parfum (campo EDP do cadastro da Paris Corner e rótulo do frasco) Volume 100 ml Gênero Não declarado pela Paris Corner; Fragrantica e Parfumo: mulheres e homens Acordes principais Fresco especiado, cítrico, aromático, verde (Fragrantica) Notas de topo Limão, gengibre, bergamota Notas de coração Notas herbais, cipreste, menta Notas de fundo Notas ozônicas, notas ambaradas, musgo Para quem e quando usar o Mawj Moscow Mule Leitura nossa: é para quem gosta de perfume de gengibre e menta, que lembra bebida gelada e não doce, e para quem quer um fresco com mais caráter que o cítrico de sempre. Quem procura doce ou baunilha vai achá-lo seco. No Fragrantica, os votos de uso pendem para o dia (452 contra 116 da noite) e para as estações quentes: 514 votos no verão e 424 na primavera, contra 103 no outono e 39 no inverno. Sugestão nossa para o Brasil: limão, menta e notas ozônicas combinam com almoço, trabalho e tarde úmida de verão. Fixação e projeção do Mawj Moscow Mule No Parfumo, a fixação tem média 7,4/10 e a projeção, 7,2/10, com 31 votos em cada uma (lido em 01/10/2026). A amostra é pequena, então vale como indício e não como regra. Perguntas frequentes O Mawj Moscow Mule é inspirado em qual perfume? A Paris Corner não cita perfume de referência. Cuidado com o nome: ""Moscow Mule"" também é um perfume da Juliette Has a Gun, outra casa e outro perfume; este é da Paris Corner, na linha Mawj. Quais são as notas do Mawj Moscow Mule? Limão, gengibre e bergamota; notas herbais, cipreste e menta; notas ozônicas, notas ambaradas e musgo. Notas ambaradas são o acorde quente e resinoso de âmbar, que aqui aparece só no fim. Qual a diferença entre o Moscow Mule e o Appletini? Os dois são da linha Mawj, mas com notas diferentes. O Moscow Mule é cítrico, de gengibre e menta, sem fruta; o Appletini tem maçã, rum, brandy e baunilha no coração. Para cítrico e picante, o Moscow Mule; para fruta com ar de bebida, o Appletini. O Mawj Moscow Mule é original? Na foto oficial da Paris Corner, o rótulo do frasco diz ""MAWJ"", ""MOSCOW MULE"", ""EAU DE PARFUM"" e ""PARIS CORNER"". Veja se o nome impresso no seu é Moscow Mule, e não Appletini. Lacre, lote e embalagem ficam para o guia Perfume árabe original . Veja também Perfume árabe fresco — cítricos, verdes e aromáticos para o calor. Perfume árabe unissex — perfumes sem lado definido, do fresco ao doce. Mawj Appletini Paris Corner — o outro Mawj da loja, de maçã e rum. Paris Corner na loja — a casa da linha Mawj, de nomes de coquetel. Perfume árabe original — o que conferir ao receber.",in stock,new,277.00 BRL,,https://www.perfumearabe.com/produtos/paris-corner-mawj-moscow-mule/,https://dcdn-us.mitiendanube.com/stores/008/297/978/products/01-paris-corner-mawj-moscow-mule-86a864b0f3bbb7920117913390604968-1024-1024.webp,Paris Corner,371255431
1609890494,Pear Potion Paris Corner Emir Eau de Parfum 100ml,"Resumo ★ 4,13 no Fragrantica · 716 votos Mais votado para o dia e os dias quentes. Fixação 6,6/10 · Projeção 6,6/10 · 86% dia · primavera e verão Como é o cheiro do Pear Potion Paris Corner O Pear Potion Paris Corner, Eau de Parfum de 100 ml da linha Emir, deixa na memória a fruta nas duas pontas da pirâmide: pera e maçã abrem, framboesa fecha, e o caramelo fica no meio. O Fragrantica classifica o conjunto como floral frutado gourmand, a família que junta flor, fruta e doce de comer. No coração, o jasmim, flor branca de perfumaria, divide a cena com o caramelo. É o caramelo que muda o rumo do perfume: a pera deixa de ser fruta cortada e vira fruta em calda. O fundo traz o almíscar, nota macia de cheiro limpo, que dá à framboesa um apoio de pele. Emir é a linha, impressa no frasco logo abaixo do nome Pear Potion. O Fragrantica registra o perfume só como Pear Potion, da Paris Corner. Especificações Característica Detalhe Casa Paris Corner (linha Emir) Nome Pear Potion Concentração Eau de Parfum (classificação do produto no site da Paris Corner) Volume 100 ml Gênero A Paris Corner não declara; Fragrantica e Parfumo o listam para mulheres e homens Família olfativa Floral frutada gourmand (Fragrantica) Notas de topo Pera, maçã Notas de coração Jasmim, caramelo Notas de fundo Framboesa, almíscar Lançamento 2024, segundo o Fragrantica e o Parfumo Para quem e quando usar o Pear Potion Leitura nossa: combina com quem gosta de perfume de fruta que não seja ácido e não tem pressa de ir ao amadeirado. Quem prefere seco, verde ou madeira escura tende a achar a calda doce demais. No Fragrantica, os votos de uso vão para o dia (353 contra 56 da noite) e para a estação quente: 371 votos no verão e 364 na primavera, contra 107 no outono e 58 no inverno. Sugestão nossa para o Brasil: pera e maçã pedem tarde de calor e escritório; como o caramelo é doce, no abafado comece com poucas borrifadas. Fixação e projeção do Pear Potion No Parfumo, a fixação tem média 6,6/10 em 83 votos e a projeção, 6,6/10 em 82 votos (lido em 01/10/2026). Cada pele e cada clima mudam esse número, que é opinião de quem votou. Perguntas frequentes O Pear Potion é inspirado em qual perfume? A Paris Corner não indica perfume de referência; a página da casa traz só a lista de notas. O que dá identidade ao Pear Potion é a fruta que abre e fecha a pirâmide, com jasmim e caramelo no meio. Quais são as notas do Pear Potion? Pera e maçã no topo; jasmim e caramelo no coração; framboesa e almíscar no fundo. Os mesmos ingredientes aparecem na Paris Corner, no Fragrantica e no Parfumo. Pear Potion é da Emir ou da Paris Corner? Das duas, em papéis diferentes: Emir é a linha impressa no frasco, e a Paris Corner é a casa que o comercializa. Por isso a busca aparece com os dois nomes. O Pear Potion pode ser usado por homem e por mulher? A Paris Corner não classifica o perfume por gênero. No Fragrantica e no Parfumo ele está para mulheres e homens, e a lista de notas não leva madeira nem couro. O Pear Potion é original? Nas fotos oficiais, o rótulo do frasco tem PEAR POTION com Emir logo abaixo, e a caixa mostra os mesmos dois nomes. O ""Eau de Parfum"" que aparece nessas imagens é legenda gráfica sobreposta, não texto do rótulo; a concentração vem da classificação do produto no site da casa. Nome diferente no que chegar? O guia Perfume árabe original mostra o que mais olhar. Veja também Perfume árabe doce — doces de calda e baunilha, dos mais leves aos mais cremosos. Perfume árabe fresco — opções cítricas e frutadas para o calor. Mawj Appletini Paris Corner — outro frutado da casa, com maçã, rum e brandy. Paris Corner na loja — a casa do Pear Potion e de outras linhas, como a Mawj. Perfume árabe original — o que conferir ao receber.",in stock,new,285.00 BRL,,https://www.perfumearabe.com/produtos/paris-corner-emir-pear-potion/,https://dcdn-us.mitiendanube.com/stores/008/297/978/products/01-paris-corner-emir-pear-potion-311a697391a3cdade717913390434129-1024-1024.webp,Paris Corner,371260039
1609891316,Lattafa Vintage Radio Eau de Parfum Unissex 100ml,"Resumo ★ 4,27 no Fragrantica · 4,8 mil votos Vai do dia à noite, com destaque nos dias frios. Fixação 7,8/10 · Projeção 7,6/10 · 50% dia e 50% noite · outono e inverno Como é o cheiro do Lattafa Vintage Radio A abertura do Lattafa Vintage Radio é aromática e seca: lavanda, sálvia e bergamota, sem doce nenhum. A virada vem no coração, com ameixa, palo santo e pimenta-preta. A ameixa dá fruta escura, a pimenta esquenta, e o palo santo, madeira que se queima como incenso, acrescenta um fio resinoso. É essa passagem da lavanda para a ameixa com pimenta que define o perfume. No fundo, as lojas da casa divergem. O lattafa.com lista sândalo e madeira de âmbar; o lattafa-usa.com lista sândalo e oud, e o Fragrantica também cita oud. Oud é a resina escura que a árvore Aquilaria produz ao ser ferida, com cheiro de madeira e terra. Esta página segue o lattafa.com, o site-sede da marca. O Fragrantica classifica o perfume como oriental amadeirado. O Vintage Radio é da linha Pride. O Vintage Castle, outro perfume da Lattafa com nome parecido, é da linha Niche Emarati: veja o Vintage Castle . Especificações Característica Detalhe Casa Lattafa (linha Pride) Nome Vintage Radio Concentração Eau de Parfum (caixa, na foto oficial da Lattafa) Volume 100 ml Gênero Unissex (Lattafa); o Fragrantica também o lista para mulheres e homens Família olfativa Oriental amadeirada (Fragrantica) Notas de topo Lavanda, sálvia, bergamota Notas de coração Ameixa, palo santo, pimenta-preta Notas de fundo Sândalo, madeira de âmbar Lançamento 2023, segundo o Fragrantica e o Parfumo Para quem e quando usar o Vintage Radio Leitura nossa: feito para quem prefere lavanda aromática e fruta escura com pimenta a baunilha ou caramelo. Serve a homens e mulheres, como a própria Lattafa o classifica. Sugestão nossa: lavanda, sálvia e bergamota deixam a abertura fresca para a manhã e para dias de temperatura amena; a ameixa e a pimenta pedem noite com ar-condicionado ou frio do Sul. No calor úmido, uma ou duas borrifadas. Fixação e projeção do Vintage Radio No Parfumo, a fixação tem média 7,8/10 em 1.115 votos e a projeção, 7,6/10 em 1.113 votos (lido em 01/10/2026). É uma amostra grande, mas continua sendo opinião de quem votou; a pele e o clima de cada um mudam o resultado. No Fragrantica, a nota média é 4,27/5 em 4.770 votos. Perguntas frequentes O Vintage Radio é inspirado em qual perfume? Como a Lattafa não indica perfume de referência para o Vintage Radio, esta página não nomeia nenhum. Pela pirâmide, o que o define é a lavanda que passa a ameixa com pimenta-preta. O Vintage Radio da Lattafa é masculino ou feminino? A Lattafa o classifica como unissex (""Fragrance type: Unisex"" no lattafa.com), e o Fragrantica o registra para mulheres e homens. Não há lado definido: lavanda, ameixa e sândalo funcionam em qualquer pele. As notas do Vintage Radio mudam de um site para outro? Só o fundo muda. O lattafa.com lista sândalo e madeira de âmbar; o lattafa-usa.com e o Fragrantica listam sândalo e oud. Topo e coração são iguais nas fontes: lavanda, sálvia e bergamota; ameixa, palo santo e pimenta-preta. O Vintage Radio é Lattafa Pride ou Niche? Pride: é a linha que o lattafa.com e o lattafa-usa.com informam para ele. Algumas lojas o anunciam como Niche, e isso é erro: Niche Emarati é a linha do Vintage Castle. O Vintage Radio é original? A caixa na foto oficial da Lattafa traz ""Vintage Radio"" e ""100ml EAU DE PARFUM 3.4 FL.OZ"", e no lattafa-usa.com o frasco de 100 ml aparece com o código de barras 6290360592909. Lacre e lote ficam no guia Perfume árabe original . Veja também Perfume árabe unissex — homens e mulheres no mesmo frasco, separados por estilo. Perfume árabe amadeirado — fundos de sândalo, cedro e oud. Lattafa Vintage Castle — o Vintage da linha Niche Emarati. Lattafa na loja — a casa do Vintage Radio e das linhas Pride e Niche Emarati. Perfume árabe original — o que conferir ao receber.",in stock,new,244.00 BRL,,https://www.perfumearabe.com/produtos/lattafa-vintage-radio/,https://dcdn-us.mitiendanube.com/stores/008/297/978/products/01-lattafa-vintage-radio-33a5d6469ccdeadc6217913389486517-1024-1024.webp,Lattafa,371260377
1609892005,Musamam Black Intense Lattafa Eau de Parfum Masculino 100ml,"Resumo ★ 4,29 no Fragrantica · 1,4 mil votos Mais votado para a noite e os dias frios. Fixação 8,2/10 · Projeção 8,0/10 · 65% noite · inverno e outono Como é o cheiro do Musamam Black Intense O Musamam Black Intense é lavanda com noz-moscada por cima e madeira escura por baixo, um amadeirado aromático, como o Fragrantica o classifica. Bergamota e sálvia completam a saída: cítrico e herbal, os dois secos. No coração, o gerânio, folha de cheiro verde e levemente rosado, divide a lista com o cedro. Rosyfolia e mahonial também estão ali, mas são nomes comerciais de ingredientes de perfumaria, não flores nem frutas. O fundo é o que dá o nome ""Black"": madeira de bordo, patchouli, fava tonka, Cocoa Pulse e Ambrofix. O patchouli é erva de cheiro terroso e escuro; a fava tonka suaviza com um doce de amêndoa. Cocoa Pulse é uma base de cacau que o Fragrantica descreve como exclusiva da Lattafa, e Ambrofix é outro nome comercial de perfumaria. O perfumista, segundo o Fragrantica e o Parfumo, é Jordi Fernández, da Givaudan. A linha Musamam tem o original, de 2022, o White Intense , de 2023, e este Black Intense, de 2025. Cada um é um perfume separado. Especificações Característica Detalhe Casa Lattafa (linha Musamam) Nome Musamam Black Intense Concentração Eau de Parfum (descrição do produto no site da Lattafa) Volume 100 ml Gênero Masculino, segundo o lattafa.com; o Fragrantica o lista para mulheres e homens Família olfativa Amadeirada aromática (Fragrantica) Notas de topo Lavanda, noz-moscada, bergamota, sálvia Notas de coração Gerânio, rosyfolia, mahonial, cedro Notas de fundo Madeira de bordo, patchouli, fava tonka, Cocoa Pulse, Ambrofix Lançamento 2025, segundo o Fragrantica e o Parfumo Para quem e quando usar o Musamam Black Intense Leitura nossa: o público é quem prefere lavanda aromática com madeira e um fio de cacau ao doce de baunilha. A lavanda, a sálvia e a noz-moscada pedem dia fresco e escritório; o patchouli e a fava tonka seguram a noite fria. Sugestão nossa para o Brasil: nos dias de calor úmido, duas borrifadas bastam para a lavanda não ficar abafada pela madeira escura. Fixação e projeção do Musamam Black Intense No Parfumo, a fixação tem média 8,2/10 em 235 votos e a projeção, 8,0/10 em 236 votos, e o próprio Parfumo resume os dois como acima da média (lido em 01/10/2026). No Fragrantica, a nota é 4,29/5 em 1.408 votos. São votos de usuários: pele seca ou clima quente costumam encurtar o resultado. Perguntas frequentes O Musamam Black Intense é masculino ou feminino? A Lattafa o classifica como masculino (""Fragrance type: Men"" no lattafa.com) e o Parfumo também (""für Herren""). O Fragrantica o registra como unissex. Pela pirâmide, lavanda, noz-moscada e patchouli ficam no lado aromático e amadeirado. O Musamam Black Intense é inspirado em qual perfume? Sem referência indicada pela Lattafa, esta página não aponta perfume parecido. O que está registrado é a autoria: o perfumista Jordi Fernández, da Givaudan, segundo o Fragrantica e o Parfumo. O que são Rosyfolia, Mahonial e Ambrofix nas notas? São nomes comerciais de ingredientes de perfumaria, e não flores ou frutas que você encontraria numa feira. A Lattafa os lista na pirâmide ao lado de notas conhecidas como gerânio, cedro e patchouli, e o Cocoa Pulse entra no mesmo grupo. Qual a diferença entre o Musamam Black Intense e o White Intense? São perfumes diferentes. O Black Intense é de 2025, amadeirado aromático, com lavanda, patchouli e fava tonka; o White Intense é de 2023, unissex, com coco e ylang ylang no coração. O Musamam Black Intense é original? A caixa traz ""MUSAMAM"", ""Lattafa"" e ""BLACK INTENSE""; para o frasco de 100 ml, o site lattafa-usa.com informa o EAN 6290362345527. Para lacre e lote, o guia Perfume árabe original traz o roteiro. Veja também Perfume árabe masculino — perfumes para ele, do aromático ao doce. Perfume árabe amadeirado — fundos de cedro, patchouli e madeira. Musamam White Intense Lattafa — o outro Musamam, cremoso, de coco. Lattafa na loja — a Lattafa, do Asad ao Musamam. Perfume árabe original — o que conferir ao receber.",in stock,new,394.00 BRL,,https://www.perfumearabe.com/produtos/lattafa-musamam-black-intense/,https://dcdn-us.mitiendanube.com/stores/008/297/978/products/01-lattafa-musamam-black-intense-64e888836ea51d464d17913388935885-1024-1024.webp,Lattafa,371260610
1609893799,Date Caramel Paris Corner 100ml,"Resumo ★ 3,76 no Fragrantica · 434 votos Vai do dia à noite, com destaque nos dias frios. 55% noite · inverno e outono Como é o cheiro do Date Caramel Paris Corner ""Date"", em inglês, é a tâmara, e o nome conta o essencial: o Date Caramel Paris Corner, de 100 ml, é doce de tâmara com caramelo. A tâmara abre ao lado de laranja e café, e essa dupla dá à abertura um lado cítrico e um amargo de xícara antes de o doce tomar conta. O doce aparece nas três camadas. No coração, caramelo e açúcar vêm junto do benjoim, resina de cheiro balsâmico e adocicado. No fundo, sândalo, baunilha e âmbar deixam o final cremoso e quente. O Fragrantica o classifica como oriental baunilha. Especificações Característica Detalhe Casa Paris Corner Nome Date Caramel Concentração A Paris Corner não informa (nem na página, nem nas fotos do frasco) Volume 100 ml Gênero Sem declaração da Paris Corner; no Fragrantica e no Parfumo, mulheres e homens Família olfativa Oriental baunilha (Fragrantica) Notas de topo Tâmara, laranja, café Notas de coração Caramelo, açúcar, benjoim Notas de fundo Sândalo, baunilha, âmbar Lançamento 2025 (Fragrantica e Parfumo) Para quem e quando usar Leitura nossa: serve a quem curte gourmand e cheiro de confeitaria na pele. Quem prefere fresco, verde ou seco tende a cansar dele rápido. O Fragrantica registra opiniões divididas: a nota média é 3,76/5 em 434 votos, e entre as resenhas há quem o ache doce demais e quem sinta uma nota de alcaçuz no começo. Sugestão nossa: tâmara, caramelo e baunilha pedem temperatura baixa, como uma noite de inverno no Sul ou uma sala com ar-condicionado. No calor úmido, uma ou duas borrifadas já bastam. Lembra algum perfume famoso? Usuários do Fragrantica costumam compará-lo ao Sticky Dates, da Lush, um produto de corpo, não um perfume. BogGoblin escreveu em 7 de junho de 2026: ""bem parecido com o Sticky Dates, da Lush, mas com um pouco mais de profundidade"" (no original, em inglês: ""fairly similar to sticky dates by Lush, but with a bit more depth""). Outros comentaristas acham os dois diferentes, então vale ver como uma referência olfativa, não como equivalência. Fixação e projeção No Parfumo, a fixação tem média 8,3/10 em 47 votos e a projeção, 8,5/10 em 46 votos (lido em 01/10/2026). No Fragrantica, as resenhas de fixação vão de ""sumiu em poucas horas"" a mais de 12 horas, sem consenso: o resultado depende da pele e do clima de cada pessoa. Perguntas frequentes Quais são as notas do Date Caramel da Paris Corner? Tâmara, laranja e café no topo; caramelo, açúcar e benjoim no coração; sândalo, baunilha e âmbar no fundo. O site da Paris Corner escreve ""sugary"" e ""bezoin"", que são açúcar e benjoim (a grafia correta em inglês é benzoin). O Date Caramel é inspirado em qual perfume? Entre as informações da Paris Corner sobre o Date Caramel, não consta perfume de referência. A comparação que mais aparece entre usuários do Fragrantica é com o Sticky Dates, da Lush, que é produto de corpo, e a comunidade não concorda se os dois são próximos. O Date Caramel Paris Corner é Eau de Parfum? A Paris Corner não informa a concentração do Date Caramel, e o Fragrantica também não. Parte do varejo brasileiro o anuncia como Eau de Parfum, mas esse dado não vem da casa, por isso aqui a concentração fica sem afirmação. O Date Caramel é muito doce? É: caramelo, açúcar e baunilha formam o centro e o fundo da pirâmide. A tâmara com café no topo e o sândalo no fundo dão um contorno, mas quem foge de doce vai achá-lo demais, como parte das resenhas do Fragrantica já relata. O Date Caramel é original? A foto oficial da Paris Corner mostra só o frasco, com ""DATE CARAMEL"" e ""PARIS CORNER"" no rótulo, sem caixa e sem concentração impressa. O rótulo é o ponto de partida; lote, lacre e caixa seguem o roteiro de Perfume árabe original . Veja também Perfume árabe doce — caramelo, baunilha e mel, a sobremesa em forma de perfume. Perfume árabe baunilha — baunilha em primeiro plano, do cremoso ao especiado. Paris Corner na loja — a casa do Date Caramel e dos perfumes da linha Mawj. Perfume árabe original — o que conferir ao receber.",in stock,new,274.00 BRL,,https://www.perfumearabe.com/produtos/paris-corner-date-caramel/,https://dcdn-us.mitiendanube.com/stores/008/297/978/products/01-paris-corner-date-caramel-bbad1c11b8d2f1cef917913390381429-1024-1024.webp,Paris Corner,371261382
1609958432,Armaf Club de Nuit Collector's Pride: Kit com 10 Miniaturas,"Resumo Dez Club de Nuit na mesma caixa: o Collector's Pride reúne dez miniaturas da linha da Armaf, do Classic ao Ladies Club Intense, para quem quer descobrir qual combina com a própria pele antes de levar um frasco grande. Para quem procura Club de Nuit miniatura, é um kit que a casa classifica como unissex, com família amadeirada para o conjunto. O que vem no kit Club de Nuit miniatura Dez miniaturas de perfume, listadas na página da Armaf nesta ordem: Classic, Intense, Iconic, Untold, Milestone, Imperial, Sillage, Women, Urban Man Elixir e Ladies Club Intense. Os nomes são os da casa, e é pela embalagem que cada um se confirma. A Armaf declara Eau de Parfum para o set e Unisex como gênero. O kit não tem uma pirâmide olfativa só: são dez perfumes, cada um com a sua. Para ver as notas de frascos avulsos de nome parecido, abra o Iconic , o Milestone , o Urban Man Elixir ou o Club de Nuit Intense Man . Este último é só uma correspondência provável com o ""Intense"" do kit; a Armaf não confirma. Nada garante que a miniatura tenha a mesma fórmula do frasco grande, e por isso não copiamos as notas para cá. Especificações Campo Detalhe Casa Armaf Linha Club de Nuit Nome do set Collector's Pride Miniature Set Conteúdo 10 miniaturas Gênero Unissex (segundo a Armaf) Concentração Eau de Parfum (campo do set na página da Armaf) Família olfativa Amadeirada, para o conjunto (Armaf) Topo, coração e fundo A fonte não divide em camadas: cada miniatura tem a sua pirâmide Para quem serve Para quem quer um kit Club de Nuit para provar, mas não sabe se prefere o Intense, o Iconic ou o Milestone. Com dez cheiros na mão, o teste acontece em dez dias diferentes, na sua pele e no seu clima. Sugestão nossa: prove um por dia, em pontos separados do pulso, e espere o calor do dia passar antes de julgar o fundo. Também funciona como presente de quem não conhece a linha: o estojo reúne opções para ele e para ela, segundo as tags da casa para o set (gift set for him, gift set for her). Perguntas frequentes Vale mais a pena este kit ou o Club de Nuit Intense Man de 105 ml? Depende de quanto você já sabe. Se o Intense Man de 105 ml já é o seu, o frasco grande resolve e você não paga por dez miniaturas. Se a dúvida é entre dez cheiros, o kit deixa você errar em miniatura. O Intense Man de 105 ml tem página própria, com as notas; a miniatura ""Intense"" do kit é provavelmente esse perfume, mas a Armaf não confirma. Quais perfumes vêm no Collector's Pride? Segundo a página da Armaf: Classic, Intense, Iconic, Untold, Milestone, Imperial, Sillage, Women, Urban Man Elixir e Ladies Club Intense. Esses são os nomes que a casa publica. A correspondência de alguns (Classic, Intense, Imperial, Women, Ladies Club Intense) com frascos avulsos é provável, sem confirmação: confira a caixa que chegar. Este kit é o mesmo Discovery Set ou o Briefcase da Armaf? Não. A Armaf vende três conjuntos diferentes do Club de Nuit: o Miniature Set (10 miniaturas), o Discovery Set e o 10 Piece Briefcase, que é de frascos maiores e tem composição própria, com Club de Nuit Man, Intense e Intense Woman. Este texto trata do Collector's Pride Miniature Set. Serve de presente para quem nunca usou perfume árabe? Serve: a caixa traz dez cheiros da linha Club de Nuit, e a Armaf marca o set como presente para ele e para ela (tags da casa). Quem recebe prova um por dia e descobre qual fica, sem que você tenha de acertar um frasco só. O Club de Nuit Collector's Pride é original? É um set da Armaf, com nome e composição publicados na página da casa. Como identificar uma unidade autêntica está no guia Perfume árabe original . Veja também Kit perfume árabe — outros conjuntos da loja. Club de Nuit Intense Man — frasco avulso de 105 ml com nome parecido com o ""Intense"" do kit. Perfume árabe — a loja completa.",in stock,new,412.00 BRL,,https://www.perfumearabe.com/produtos/armaf-club-nuit-a-collector-s-miniaturas/,https://dcdn-us.mitiendanube.com/stores/008/297/978/products/01-armaf-club-nuit-a-collector-s-miniaturas-b95c9ec4999536495117913386322605-1024-1024.webp,Armaf,371284823
1609962759,Kit Club de Nuit Woman Armaf 4 Peças: Eau de Parfum 105ml com Itens de Corpo,"Resumo O kit Club de Nuit Woman da Armaf vem numa caixa bege de 4 peças em que o frasco principal é um Eau de Parfum de 105 ml. Segundo a caixa, ele chega acompanhado de um frasco menor para a bolsa, de uma body lotion e de um body mist, todos com o cheiro floral frutado de pêssego, lichia e baunilha. Como é o cheiro A casa descreve o kit com a mesma pirâmide do perfume. Pela ordem em que as notas aparecem: bergamota, toranja, pêssego e laranja abrem com um lado cítrico que logo ganha doçura de fruta. Mais tarde vêm gerânio, jasmim, lichia e rosa, e o pêssego fica ao lado de flor, sem virar sobremesa. No fundo ficam almíscar, patchouli, baunilha e vetiver. O Fragrantica classifica o perfume como floral frutado. O que vem na caixa do kit Club de Nuit Woman A caixa traz: Eau de Parfum 105 ml , o frasco principal. Frasco de viagem em spray, de 10 ml , segundo a caixa. Body lotion de 100 ml , segundo a caixa, com a indicação ""com óleo de jojoba e vitamina E"" no tubo. Fragrance body mist de 250 ml , segundo a caixa. O texto da Armaf para este mesmo kit lista ""3.4 oz Eau de Parfum Spray, 1.7 oz Body Spray, 3.4 oz Body Lotion, 8.4 Body Mist"", ou seja, cita um body spray no lugar do frasco de viagem. Por isso, confira na caixa o que vem no seu: o perfume de 105 ml é o que não muda nas duas descrições. Loção e mist são produtos de corpo. Para quem e quando usar É um kit feminino, como a Armaf indica na caixa (""Woman""). Sugestão nossa para o calor brasileiro: com cítricos e fruta na abertura, o perfume fica mais confortável em pele recém-saída do banho, e o frasco menor da caixa, quando ele vem, serve para refrescar o dia sem carregar o de 105 ml. Para a noite, o fundo de baunilha e almíscar aparece mais. Fixação e projeção O kit não tem votos próprios. Para o Eau de Parfum de 105 ml, o Parfumo traz média de 7,9/10 em 185 votos para fixação e 7,6/10 em 185 votos para projeção. São notas de usuários e variam com a pele e o clima. Não há dado de fixação para a loção nem para o body mist. Lembra algum perfume famoso? Usuários do Fragrantica comparam o Club de Nuit Woman com frequência ao Coco Mademoiselle, da Chanel, e parte deles discorda da semelhança. É uma referência olfativa da comunidade, não uma afirmação da Armaf. Especificações Item Detalhe Marca Armaf Gênero Feminino (Woman, segundo a caixa) Nome na caixa Club de Nuit Woman 4pcs Gift Set Eau de Parfum 105 ml (frasco principal) Demais itens Segundo a caixa: frasco de viagem de 10 ml, body lotion de 100 ml e body mist de 250 ml. O texto da Armaf cita body spray de 1.7 oz no lugar do frasco de viagem Notas de topo Bergamota, toranja, pêssego, laranja Notas de coração Gerânio, jasmim, lichia, rosa Notas de fundo Almíscar, patchouli, baunilha, vetiver Perguntas frequentes O que vem no kit Club de Nuit Woman de 4 peças? Segundo a caixa, quatro itens: Eau de Parfum de 105 ml, um frasco de viagem de 10 ml, body lotion de 100 ml e body mist de 250 ml. O texto da Armaf para este kit cita um body spray de 1.7 oz no lugar do frasco de viagem, então vale conferir a caixa. Esta é a bege de ""4pcs gift set"". O kit é diferente do frasco avulso de 105 ml? O perfume é o mesmo Club de Nuit Woman Eau de Parfum de 105 ml, com as mesmas doze notas. O que o kit soma, segundo a caixa, são o frasco menor, a loção e o mist. O body mist e a loção prolongam o perfume? A Armaf não afirma isso para os itens desta caixa, e não encontramos dado sobre o efeito deles na fixação. O que a casa informa é que a loção leva óleo de jojoba e vitamina E. Qual a diferença para o Club de Nuit Collector's Pride feminino? O Collector's Pride Set for Women, listado pela Armaf, é um conjunto de 3 frascos de 30 ml. Este kit tem o frasco de 105 ml e, segundo a caixa, um frasco de viagem e dois itens de corpo. Por que o texto da Armaf fala em body spray e a caixa mostra um frasco de viagem? Não sabemos o motivo. A página da Armaf para este kit lista ""3.4 oz Eau de Parfum Spray, 1.7 oz Body Spray, 3.4 oz Body Lotion, 8.4 Body Mist"", e a caixa indica um frasco de viagem de 10 ml no lugar do body spray. O que é igual nas duas fontes: Eau de Parfum de 105 ml, loção e mist. Veja também Kit perfume árabe : outros conjuntos com miniatura e item de corpo. Perfume árabe feminino : outras opções femininas. Kit Lattafa Yara Tous : kit feminino frutal com miniatura e hair mist. Kit Lattafa Khamrah : kit com perfume, miniatura e hair mist. Marca Armaf : os demais perfumes da casa.",in stock,new,449.00 BRL,,https://www.perfumearabe.com/produtos/armaf-club-nuit-woman-gift/,https://dcdn-us.mitiendanube.com/stores/008/297/978/products/01-armaf-club-nuit-woman-gift-e23308d069a1068da417913386430577-1024-1024.webp,Armaf,371286381
1610394087,Club de Nuit Woman Armaf Eau de Parfum 105ml,"Resumo ★ 4,04 no Fragrantica · 3,0 mil votos Votos divididos entre dia e noite. 60% dia · primavera e outono Como é o cheiro A lichia é o que separa o Club de Nuit Woman de um buquê comum: no meio de gerânio, jasmim e rosa, ela põe uma fruta doce e aquosa que muda o tom das flores. Antes dela, bergamota, toranja e laranja fazem a parte cítrica, e o pêssego amacia a acidez. Algumas resenhas no Fragrantica mencionam uma saída áspera que melhora depois de alguns minutos na pele; é relato de usuário, e não acontece com todo mundo. Por baixo, baunilha e almíscar adoçam e limpam, e vetiver e patchouli dão um fio terroso e seco, o lado que a Armaf chama de chipre. Fragrantica e Parfumo classificam a família como floral frutado. A própria Armaf descreve como ""floral-chypre"" (chipre é a família de cheiros com fundo de musgo, patchouli e madeira). Especificações Característica Detalhe Casa Armaf Concentração Eau de Parfum Volume 105 ml Gênero Feminino (Armaf: ""for her"" / ""women"") Família olfativa Floral frutado (Fragrantica e Parfumo); ""floral-chypre"" segundo a Armaf Topo Bergamota, toranja, pêssego, laranja Coração Gerânio, jasmim, lichia, rosa Fundo Almíscar, patchouli, baunilha, vetiver Para quem e quando Combina com quem procura um floral de fruta com baunilha no fim, e não um floral sabonete nem um oriental pesado. Para quem só usa perfume seco ou amadeirado, a lichia e a baunilha podem soar doces. Sugestão nossa: a abertura de toranja, bergamota e pêssego funciona bem em dia quente e no trabalho. À noite, é a baunilha do fundo que aparece mais. Fixação e projeção No Parfumo, a fixação tem média de 7,9/10 em 185 votos, e a projeção (sillage), 7,6/10 em 185 votos. Médias de quem votou; na sua pele o resultado pode ser outro. Nas resenhas lidas, a maioria fala em fixação longa, de 7 a 12 horas, mas há quem relate pouca duração: uma delas, num clima de 45 °C, cita 3 a 4 horas. No Fragrantica, a nota geral é 4,04/5 em 2.996 votos. Lembra algum perfume famoso? Usuários do Fragrantica comparam com frequência o Club de Nuit Woman ao Coco Mademoiselle, da Chanel, e parte deles discorda. O Parfumo também lista o Coco Mademoiselle no topo dos perfumes parecidos, por voto da comunidade. A referência é dos usuários, não da Armaf. Perguntas frequentes Armaf Club de Nuit Woman é bom perfume feminino? Tem nota 4,04/5 em 2.996 votos no Fragrantica, e agrada mais a quem gosta de floral frutado. Parte dos usuários, porém, não vê nele a semelhança com o Coco Mademoiselle que costuma ser anunciada. O Club de Nuit Woman lembra o Coco Mademoiselle? É a comparação mais frequente entre usuários do Fragrantica, e o Parfumo põe o Coco Mademoiselle, da Chanel, no topo dos parecidos por voto da comunidade. Nem todo mundo concorda, e a Armaf não faz essa comparação. O Club de Nuit Woman é floral frutado ou chipre? Depende de quem classifica. Fragrantica e Parfumo o põem no floral frutado, pela lichia, pelo pêssego e pelas flores; a Armaf o descreve como ""floral-chypre"", por causa do patchouli e do vetiver do fundo. Qual a diferença entre o Club de Nuit Woman EDP e o Extrait? São versões à parte. Esta é o Eau de Parfum de 105 ml; o Extrait de Parfum sai em 70 ml, segundo a armaf.ae, e existe ainda o Parfum Extreme Edition, também de 105 ml, na armaf.com. Em que tamanhos existe o Club de Nuit Woman Eau de Parfum? Na armaf.com, em 30, 105, 200 e 250 ml, além de um frasco pequeno de 0,34 oz. O frasco vendido aqui é o de 105 ml. O Club de Nuit Woman é original? Confira o lacre, o lote e a embalagem ao receber; o guia Perfume árabe original mostra como. Veja também Perfume árabe feminino : florais e frutados da vitrine. Club de Nuit Maleka : o Club de Nuit feminino de lichia, íris e praliné. Linha Club de Nuit da Armaf : as versões lado a lado. Perfume árabe original : o que conferir ao receber.",in stock,new,272.90 BRL,,https://www.perfumearabe.com/produtos/armaf-club-nuit-woman/,https://dcdn-us.mitiendanube.com/stores/008/297/978/products/01-armaf-club-nuit-woman-28bb4695618c9ef4a517913386484785-1024-1024.webp,Armaf,371491087
1610446384,Rayhaan Cedrus Blanc Eau de Parfum 100ml,"Resumo ★ 4,22 no Fragrantica · 432 votos Mais votado para usar durante o dia. 63% dia · primavera e verão Como é o cheiro do Rayhaan Cedrus Blanc A abertura é cítrica e brilhante. A bergamota (um cítrico próprio, de casca muito perfumada, muito usado na perfumaria) vem junto com os aldeídos: moléculas sintéticas que dão aquele efeito de ar limpo e faiscante, de lençol passado ou sabonete novo. No Fragrantica, os acordes mais votados incluem justamente ""aldeídico"", ""sabonete"" e ""fresco"". O coração é a flor de laranjeira, uma flor branca e levemente cremosa que amacia o brilho do começo. Segundo a descrição da casa, é ela que mantém o perfume ""fluindo"". O fundo junta cedro e almíscar branco. O cedro é seco, de lápis e madeira clara; o almíscar deixa a pele macia e limpa. No Parfumo, a comunidade descreve o conjunto como cremoso e doce, mas o doce aqui é de flor e almíscar, não de baunilha ou caramelo. Especificações Característica Detalhe Casa Rayhaan Concentração Eau de Parfum Volume 100 ml Gênero Unissex (classificação da casa) Ano 2026 (segundo o Fragrantica e o Parfumo) Família olfativa Floral Amadeirado Almiscarado (segundo o Fragrantica) Topo Bergamota, aldeídos Coração Flor de laranjeira Fundo Cedro, almíscar branco Para quem e quando É para quem gosta de cheiro de limpeza com um fundo de madeira: camisa branca, banho tomado, escritório. Quem procura doce gourmand ou resina escura vai achar este claro demais. Sugestão nossa: no calor brasileiro, a abertura cítrica e o cedro seco funcionam de dia, em duas ou três borrifadas. Em tempo abafado, pegue leve, porque flor branca e almíscar ficam mais densos com o suor. Não confunda Este é o Cedrus Blanc da Rayhaan, em Eau de Parfum de 100 ml, a única versão do catálogo da casa. Perguntas frequentes O Cedrus Blanc cheira a roupa limpa? É essa a ideia da abertura: bergamota com aldeídos, que dão efeito de lençol passado ou sabonete novo. No Fragrantica, os acordes mais votados incluem ""aldeídico"", ""sabonete"" e ""fresco"". O Cedrus Blanc é parecido com o Cedar Chic, da Carolina Herrera? No Parfumo, a comunidade o aproxima do Cedar Chic. Quem diz isso são os votantes do Parfumo; a Rayhaan não cita nenhuma referência. A pirâmide do Fragrantica é igual à da casa? Quase. O Fragrantica lista laranja no coração e só cedro no fundo, sem o almíscar branco. Aqui seguimos a pirâmide da Rayhaan. O Cedrus Blanc vem em outro tamanho ou concentração? Não que a casa publique: o Cedrus Blanc da Rayhaan é Eau de Parfum de 100 ml, a única versão do catálogo dela. O Cedrus Blanc é unissex? Sim, a Rayhaan o classifica como unissex. O Cedrus Blanc é original? Para saber o que conferir no lacre, no lote e na embalagem de qualquer perfume árabe, veja o guia Perfume árabe original . Veja também Perfume árabe unissex — perfumes para todos os gêneros, por ocasião. Perfume árabe amadeirado — a família do cedro e das madeiras. Perfume árabe original — o que conferir ao receber.",in stock,new,319.00 BRL,,https://www.perfumearabe.com/produtos/cedrus-blanc/,https://dcdn-us.mitiendanube.com/stores/008/297/978/products/01-cedrus-blanc-536e5f73cbbc292d2117915024366524-1024-1024.webp,Rayhaan,371506935
1610446385,"Jungle Vibe Rayhaan, perfume unissex verde e fresco","Resumo ★ 4,26 no Fragrantica · 933 votos Mais votado para o dia e os dias quentes. 81% dia · verão e primavera Como é o cheiro do Jungle Vibe Rayhaan A Rayhaan não publica pirâmide. A descrição da casa cita quatro ingredientes: bergamota e toranja na frente, seguidas do figo e do sândalo. Na prática, é cítrico amargo (a toranja) com uma parte cremosa de madeira clara no fim. Numa pirâmide completa, as notas ficam assim: figo, toranja e bergamota no topo; notas verdes e notas aquáticas no coração; sândalo no fundo. A posição do figo muda de uma pirâmide para outra, então não afirmamos a ordem; todas concordam nos mesmos ingredientes: cítricos, figo e sândalo. Sugestão nossa de leitura: o figo aqui é o de folha e talo, não o de fruta doce. As notas verdes seguram esse lado de mato, e a nota aquática deixa o conjunto úmido. No fim, o sândalo (madeira de cheiro cremoso e suave) alivia a acidez do cítrico. Especificações Característica Detalhe Casa Rayhaan Gênero Unissex (classificação da casa) Concentração Eau de Parfum (a casa não informa) Volume 100 ml (a casa não informa) Ano 2025 Família Verde fresco Ingredientes da casa Bergamota, toranja, figo, sândalo Notas de topo Figo, Toranja, Bergamota Notas de coração Notas verdes, Notas aquáticas Notas de fundo Sândalo O frasco é de vidro verde-esmeralda com relevo de linhas curvas, tampa dourada e ""Jungle"" em letra cursiva dourada. Para quem e quando É para quem gosta de cítrico com fundo de madeira e quer algo que não adoce a roupa. Quem procura baunilha, especiaria ou fruta doce vai achar o Jungle Vibe seco demais. Sugestão nossa: a toranja e a nota aquática pedem calor e umidade, o que combina com o dia de verão e de trabalho no Brasil. No ar-condicionado, o sândalo aparece mais e ele fica discreto. Comece com duas borrifadas. Qual é este Jungle Vibe Este é o Jungle Vibe da Rayhaan, o único com esse nome no catálogo da casa. O Tropical Vibe, com nome parecido, é outro perfume dela, de pirâmide diferente (fruta tropical e coco). Não troque um pelo outro. Perguntas frequentes O Jungle Vibe dura o dia todo na pele? Perfume cítrico e verde costuma durar menos em pele seca e em dia de calor forte; teste no seu braço antes de contar com ele o dia inteiro. O Jungle Vibe serve para o escritório com ar-condicionado? Sugestão nossa: serve. Em ambiente fechado a saída cítrica perde espaço e sobram o figo e o sândalo, mais baixos e macios, que combinam com escritório. Na rua, no calor, a toranja, a bergamota e a nota aquática ficam mais à frente. Homem e mulher podem usar o Jungle Vibe? Podem. A Rayhaan o classifica como unissex, e o perfil é de cheiro verde e cítrico com madeira clara no fundo. Qual é o código de barras do Jungle Vibe de 100 ml? É o 6297001571286, o EAN que a Rayhaan usa para o Jungle Vibe Eau de Parfum de 100 ml. Se o número da caixa for outro, confira se a caixa não é a do Tropical Vibe, outro perfume da Rayhaan. O Jungle Vibe tem cheiro de figo doce? Não é o figo de sobremesa. Ele aparece ao lado de toranja e bergamota e termina em sândalo; o fundo é seco, sem calda. Veja também Perfume árabe fresco : cítricos, aquáticos e mentolados. Perfume árabe original : o que conferir ao receber.",in stock,new,254.00 BRL,,https://www.perfumearabe.com/produtos/rayhaan-jungle-vibe/,https://dcdn-us.mitiendanube.com/stores/008/297/978/products/01-rayhaan-jungle-vibe-5d16c7963e6e8922e317909188691486-1024-1024.png,Rayhaan,371506936
1610446393,Pinnace Noir French Avenue Eau de Parfum,"Resumo ★ 4,06 no Fragrantica · 140 votos Vai do dia à noite, com destaque nos dias frios. 53% noite · inverno e outono Como é o cheiro do Pinnace Noir Nos primeiros minutos, a maçã vem junto com bergamota e limão, um cítrico com fruta que lembra casca de maçã verde, e a flor de laranjeira arredonda a saída sem deixá-la azeda. Na sequência, o coração ganha um toque picante de canela e cravo (cravo é o botão seco da especiaria, de cheiro quente e levemente medicinal). No fim, cedro, sândalo e baunilha assentam o perfume em madeira seca com um doce discreto. As três notas que mais se destacam são maçã, flor de laranjeira e sândalo. Especificações Característica Detalhe Casa French Avenue (Fragrance World) Nome Pinnace Noir Concentração Eau de Parfum Volume 100 ml Gênero Masculino Família olfativa Aromática (perfil amadeirado-especiado) Topo Maçã, bergamota, limão, flor de laranjeira Notas de coração Canela, cravo Fundo Cedro, sândalo, baunilha Lançamento 2024 Para quem e quando usar É para quem gosta de fruta fresca no começo e madeira com especiaria no resto, sem cair no doce de sobremesa. A baunilha fica no fundo, atrás do cedro e do sândalo. Sugestão nossa: pela canela, pelo cravo e pela intensidade forte, ele pede noite e tempo ameno. No calor úmido do Brasil, a maçã e o limão ajudam na saída, mas use poucas borrifadas, duas para começar, e deixe a pele dizer se pede mais. Fixação e projeção mudam de pele para pele e com o clima. Qual é a diferença para o Pinnace? São dois perfumes distintos, com códigos próprios. O Pinnace é aromático-almiscarado, de intensidade média, e vai de laranja e toranja a um fundo de ambroxan e almíscar. O Pinnace Noir troca isso por maçã, especiarias e madeira, com baunilha no fim. Existe ainda um terceiro da coleção, o Pinnace Oryn, com pirâmide própria. Lembra algum perfume famoso? Quem já cheirou os dois costuma aproximar o Pinnace Noir do Boss Bottled Intense, da Hugo Boss. É referência de estilo, não uma equivalência. Perguntas frequentes O Pinnace Noir é forte? Quantas borrifadas usar? A intensidade dele é forte, e isso pede mão leve: duas borrifadas para começar. Quanto dura e até onde chega muda de pele para pele e com o clima, então teste antes de contar com um tempo. Dá para usar o Pinnace Noir no calor do Brasil? Dá, com mão leve. A maçã e o limão da saída ajudam, mas a canela, o cravo e o fundo de madeira com baunilha pesam em dia quente e úmido. Ele rende melhor à noite e no tempo ameno ou frio. Mulher pode usar o Pinnace Noir, mesmo vendido como masculino? A French Avenue o vende como masculino, mas a fruta no começo e a madeira seca no fim também agradam a mulheres, e muita gente o usa como compartilhável. Com que perfume famoso o Pinnace Noir costuma ser comparado? A casa não faz comparação. Quem já cheirou os dois costuma citar o Boss Bottled Intense, da Hugo Boss. Que código de barras vem na caixa do Pinnace Noir? O EAN do Pinnace Noir de 100 ml é 6290360376707. Não confunda com o do Pinnace, que termina em 714. Lacre, lote e embalagem estão no guia Perfume árabe original . Veja também Perfumes French Avenue — a casa e os outros perfumes dela na vitrine. Pinnace French Avenue — o aromático-almiscarado de intensidade média. Perfume árabe original — o que conferir ao receber.",in stock,new,321.90 BRL,,https://www.perfumearabe.com/produtos/french-avenue-pinnace-noir/,https://dcdn-us.mitiendanube.com/stores/008/297/978/products/01-french-avenue-pinnace-noir-b51b4ebb479c0aafde17913387005827-1024-1024.webp,French Avenue,371506940
1610446400,Azul Rayhaan Eau de Parfum Masculino 100ml,"Resumo ★ 4,16 no Fragrantica · 564 votos Mais votado para o dia e os dias quentes. Fixação 6,7/10 · Projeção 6,8/10 · 84% dia · verão e primavera Como é o cheiro do Azul Rayhaan Poucos ingredientes e um contraste claro definem o Azul Rayhaan: cítrico de casca na frente, brisa marinha no fundo. Bergamota e limão abrem, a flor de toranja (a flor da toranja, parente do grapefruit) fica sozinha no coração, e a base junta Calone e sândalo. O Calone é uma molécula sintética que lembra ar de beira-mar, não um ingrediente natural. O sândalo é a madeira clara de cheiro cremoso. O Parfumo descreve o conjunto como cítrico e fresco e lista também acordes cremoso e frutado. Leitura nossa, só pelas notas, sem teste de horas: nos primeiros minutos manda o limão com a bergamota; depois a flor de toranja suaviza a acidez; no fim, o Calone dá o lado úmido e o sândalo, o cremoso. Especificações Campo Detalhe Marca Rayhaan Concentração Eau de Parfum (EDP) Gênero Masculino (classificação da casa) Família olfativa Aromática aquática (segundo o Fragrantica) Ano de lançamento 2026 (segundo o Fragrantica e o Parfumo) Tamanho 100 ml Notas de topo Bergamota, limão Notas de coração Flor de toranja Notas de fundo Calone, sândalo Notas conforme a página da Rayhaan; o Fragrantica e o Parfumo trazem a mesma pirâmide. Para quem e quando É para quem quer um masculino fresco, de cítrico e mar, sem doce e sem especiaria. No Fragrantica, 422 votos o indicam para o verão e 278 para a primavera, contra 66 no outono e 36 no inverno. Para o horário, são 355 votos para o dia e 70 para a noite. Sugestão nossa: no calor úmido do Brasil, o limão e a nota marinha tendem a combinar com dia de trabalho e rua. À noite ou no frio, sobra quase só o sândalo, mais discreto. Fixação e projeção No Parfumo, a fixação do Azul tem média 6,7/10 em 95 votos e a projeção, 6,8/10 em 96 votos (lido em 01/10/2026). Os relatos escritos divergem, de cerca de uma hora a cinco ou seis horas, conforme a pele e o clima de quem escreve. Por isso não prometemos um número de horas aqui. Perguntas frequentes Rayhaan Azul é inspirado em qual perfume? A casa não cita referência. No Parfumo, usuários votam o Dior Homme Cologne (2013), da Dior, como o perfume mais parecido, e o Jimmy Choo Man Ice vem em segundo. É a leitura de uma comunidade, como referência olfativa, não uma afirmação da Rayhaan. Azul Rayhaan ou Pacific Aura: qual a diferença? Os dois são masculinos, Eau de Parfum de 100 ml e de família aromática aquática, mas as notas são outras. O Azul usa só bergamota, limão, flor de toranja, Calone e sândalo. O Pacific Aura abre com citron, menta, laranja, limão, cassis e coentro, tem damasco, manjericão e rosa no coração e fecha em figo, tâmaras e ambreta. Perfume Rayhaan Azul é bom? Depende do que você procura. No Parfumo, o cheiro tem média 8,1 em 108 votos, o frasco 7,9 em 94 e o custo-benefício 8,6 em 90. No Fragrantica, a nota é 4,16/5 em 564 votos. São opiniões de usuários, e o desempenho é a parte mais dividida (veja Fixação e projeção). O Azul Rayhaan serve para o calor? Pelas notas, sim: limão, bergamota e uma nota marinha formam uma abertura leve. A maioria dos votos do Fragrantica vai para verão e dia. Um relato individual no Parfumo descreve o desempenho como razoável em clima quente, então teste na sua pele. O Azul Rayhaan é original? No cadastro da casa, o Azul leva o EAN 6297001571415; confira se é o mesmo impresso na caixa que chegar. Para lacre e lote, o guia Perfume árabe original mostra onde olhar. Veja também Rayhaan na loja : outros perfumes da casa. Rayhaan Ocean Rush : outro masculino da casa, em Eau de Parfum de 100 ml. Rayhaan Aquatica : outro Eau de Parfum de 100 ml da casa. Perfume árabe fresco : cítricos, aquáticos e mentolados. Perfume árabe masculino : mais opções masculinas.",in stock,new,310.90 BRL,,https://www.perfumearabe.com/produtos/rayhaan-azul/,https://dcdn-us.mitiendanube.com/stores/008/297/978/products/01-rayhaan-azul-9ee605df221d36c53f17913391371644-1024-1024.webp,Rayhaan,371506942
1610471835,Hawas Malibu Rasasi Eau de Parfum 100 ml,"Resumo ★ 4,21 no Fragrantica · cerca de mil votos Vai do dia à noite, com destaque nos dias quentes. Fixação 7,7/10 · Projeção 7,6/10 · 60% dia · verão e primavera Abacaxi e toranja abrem o Hawas Malibu e vão dar num fundo doce e empoado de fava tonka e almíscar. É o lançamento de 2025 da linha Hawas, da Rasasi, em Eau de Parfum de 100 ml. Como é o cheiro do Hawas Malibu O perfume junta duas coisas que raramente andam juntas: a acidez de fruta cortada e a maciez de pó. A fruta é o abacaxi, com laranja e toranja, e o amargo da casca da toranja evita que a abertura vire só doce. No coração entram a íris, a lavanda e o âmbar. A íris, tirada do rizoma da planta, tem cheiro seco, de pó de arroz; a lavanda traz um lado limpo, de sabonete. O fundo é de fava tonka, uma semente que lembra baunilha com amêndoa, almíscar, patchouli e cashmeran, molécula sintética de madeira macia. Os acordes que mais aparecem são doce, cítrico, frutado, empoado e baunilha. Especificações Campo Detalhe Marca Rasasi Concentração Eau de Parfum Tamanho 100 ml Gênero Unissex (a casa não declara gênero) Família olfativa Aromática Ano de lançamento 2025 Notas de topo Abacaxi, laranja, toranja Notas de coração Íris, âmbar, lavanda Notas de fundo Fava tonka, almíscar, patchouli, cashmeran Para quem e quando Combina com quem gosta de fruta cítrica sobre um fundo macio e doce. Quem prefere perfume seco e amadeirado talvez estranhe a combinação de baunilha com pó. Ele é mais de calor: o verão e a primavera aparecem na frente, e o inverno é a estação menos indicada. O dia também combina mais que a noite. Sugestão nossa: no calor úmido do Brasil, comece com poucas borrifadas, porque o fundo de tonka e almíscar fica denso em tarde abafada. Fixação e projeção A duração e o rastro, que é a trilha que o perfume deixa no ar, têm nota boa entre quem já o usou. Pele e clima mudam isso de pessoa para pessoa. Perguntas frequentes O Hawas Malibu lembra o Le Beau Le Parfum? A comparação mais repetida é com o Le Beau Le Parfum, da Jean Paul Gaultier, quase sempre dita assim: parecido, mas com menos coco e mais doce. Há quem ache a semelhança pequena. É leitura de quem usa, não uma declaração da Rasasi. O Hawas Malibu tem coco? Coco não está na pirâmide do perfume. Quem o usa fica dividido: uns sentem coco e outros não. Quem o compara ao Le Beau Le Parfum costuma dizer que o Malibu tem menos coco que o perfume da Gaultier. Mulher pode usar o Hawas Malibu? Pode. A Rasasi não declara gênero para ele, e quem o vende o trata ora como masculino, ora como unissex. A pirâmide é fruta, íris e fundo macio, sem nada que peça um gênero específico. Qual a diferença entre o Hawas Malibu e o Hawas for Him? São perfumes de épocas e famílias diferentes. O Hawas for Him é de 2015, aromático aquático, e abre com maçã, bergamota, limão e canela. O Hawas Malibu é de 2025, aromático, e abre com abacaxi, laranja e toranja. O Hawas Malibu é bom? Vale provar? Vale se você gosta de fruta cítrica sobre um fundo macio de tonka e almíscar: o aroma e o custo-benefício têm notas altas entre quem já o usou. Gosto é pessoal, e quem prefere perfume seco e amadeirado talvez estranhe. Veja também Rasasi na loja : os demais perfumes da casa. Rasasi Hawas for Him : outro perfume da linha Hawas. Rasasi Hawas Elixir : outro perfume da linha Hawas. Rasasi Hawas Ice : outro perfume da linha Hawas. Perfume árabe unissex : outros perfumes sem recorte de gênero. Perfume árabe : a loja completa.",in stock,new,295.00 BRL,,https://www.perfumearabe.com/produtos/rasasi-hawas-malibu/,https://dcdn-us.mitiendanube.com/stores/008/297/978/products/01-rasasi-hawas-malibu-437e1799787a94c9b217910392198894-1024-1024.png,Rasasi,371511939
1610472049,Cassius Maison Alhambra 30 ml,"Resumo ★ 4,26 no Fragrantica · 446 votos Mais votado para a noite e os dias frios. Fixação 7,8/10 · Projeção 7,5/10 · 67% noite · inverno e outono O Cassius mistura noz-moscada e maçã verde na saída com baunilha e patchouli no fim, num perfil de especiarias e baunilha que não pede gênero. Esta página é do frasco de 30 ml do Cassius Maison Alhambra. Quem já provou costuma avaliar muito bem o Cassius. Como é o cheiro do Cassius Maison Alhambra A pirâmide promete maçã verde e rosa, mas o conjunto de acordes conta outra história: baunilha e patchouli lideram, seguidos de dois especiados, o fresco e o quente. O frutado só aparece em sexto lugar entre dez. Na saída, a noz-moscada, semente de cheiro quente e especiado, divide a cena com a maçã verde. O coração junta a fava tonka, que lembra baunilha com amêndoa, e a rosa. No fundo ficam o patchouli, folha de cheiro terroso e balsâmico, e a baunilha. Especificações Campo Detalhe Marca Maison Alhambra Tamanho 30 ml Gênero Sem gênero definido; aparece tanto como feminino quanto como masculino Perfil Baunilha e especiarias, com fruta e flor em segundo plano Notas de topo Noz-moscada, maçã verde Notas de coração Fava tonka, rosa Notas de fundo Patchouli, baunilha Para quem e quando Sem gênero marcado, a escolha fica com o seu gosto: é um perfil de especiarias e baunilha, com a fruta e a flor em segundo plano. O frio e a noite são o território dele: inverno e outono na frente, o verão bem atrás, e a noite combina mais que o dia. Sugestão nossa: num dia quente e úmido daqui, prefira pouca aplicação e deixe o perfume para o fim da tarde. Fixação e projeção A duração e o rastro, a trilha que fica no ar, costumam ser bem avaliados por quem provou. A avaliação é do Cassius em geral, sem separar o frasco de 30 ml do de 100 ml. Perguntas frequentes Mulher pode usar o Cassius? E homem? Não tem gênero fixo: aparece tanto como feminino quanto como masculino, e lojas brasileiras o vendem como masculino. Pelos acordes, o que domina é baunilha com especiaria, um perfil que não pede gênero. Qual perfume o Cassius lembra? O Carlisle, da Parfums de Marly, é o primeiro que costuma vir à cabeça de quem cheira o Cassius; depois vêm o Boss Bottled Absolu e o Red Tobacco. É referência olfativa, não declaração da Maison Alhambra. O Cassius é mais doce ou mais frutal? Entre os dez acordes principais, o frutado fica em sexto e o doce em oitavo, os dois atrás de baunilha, patchouli e especiados. Leitura nossa: o que sustenta o perfume é baunilha com especiaria, e não fruta. O Cassius de 30 ml é o mesmo perfume do de 100 ml? O perfume também é vendido em 100 ml por lojas brasileiras, e as notas e as avaliações desta página são do Cassius em geral, sem separar tamanhos. O frasco desta página é o de 30 ml. Veja também Maison Alhambra na loja : os demais perfumes da casa. Maison Alhambra Salvo : outro perfume da casa. Maison Alhambra Perseus : outro perfume da casa. Perfume árabe doce : baunilha e sobremesa em outros frascos. Perfume árabe : a loja completa.",in stock,new,68.90 BRL,,https://www.perfumearabe.com/produtos/maison-alhambra-cassius/,https://dcdn-us.mitiendanube.com/stores/008/297/978/products/01-maison-alhambra-cassius-688358f780fe16938517913389801304-1024-1024.webp,Maison Alhambra,371512094
1610472227,Al Wataniah Watani Intense Eau de Parfum 100 ml,"Resumo O Al Wataniah Watani Intense é doce do começo ao fim: mel e baunilha na saída, baunilha de novo no meio e no fundo, com rosa e ylang-ylang por cima. É o frasco dourado da casa, em Eau de Parfum de 100 ml, que o site da Al Wataniah escreve como Watani Intense Gold. No Fragrantica, a nota média é 3,88 de 5, em 90 votos, e os votos pendem para a noite e para o frio (leitura de 01/10/2026). Como é o cheiro do Al Wataniah Watani Intense A Al Wataniah não publica a lista de ingredientes, só as famílias olfativas, e as resume numa expressão: ""floriental gourmand"". Quem completa o quadro é o Fragrantica, e é dele a pirâmide que você lê aqui. O topo mistura mel, baunilha, cravo-da-índia e limão, ou seja, uma calda doce com um toque de especiaria e um fio de acidez. No coração, rosa, ylang-ylang e jasmim formam a parte floral, com frutas, mais baunilha e açafrão (os estigmas secos de uma flor, que dão um tom agridoce de especiaria) completando a mistura. No fundo, a baunilha aparece mais uma vez, agora ao lado de almíscar branco, sândalo, patchouli, alcaçuz e vetiver. Leitura nossa: o vetiver, uma raiz de cheiro terroso e amadeirado, e o patchouli são o que impede o doce de ficar plano até o fim. Especificações Característica Detalhe Casa Al Wataniah Nome Watani Intense (a casa escreve Watani Intense Gold) Frasco Dourado, com ""WATANI INTENSE"" no rótulo (foto oficial da casa) Concentração Eau de Parfum Tamanho 100 ml Gênero Compartilhável (Fragrantica: para mulheres e homens) Família olfativa Floral amadeirada almiscarada (Fragrantica); floriental gourmand (casa) Ano de lançamento 2020, segundo o Fragrantica Notas de topo Mel, baunilha, cravo-da-índia, limão (segundo o Fragrantica) Notas de coração Rosa, ylang-ylang, frutas, baunilha, jasmim, açafrão (segundo o Fragrantica) Notas de fundo Almíscar branco, baunilha, sândalo, patchouli, alcaçuz, vetiver (segundo o Fragrantica) Para quem e quando Se você gosta de perfume doce com flor, e não de cítrico ou de madeira seca, é por aqui. Isto sai da leitura das notas, não de um teste nosso do frasco. Os votos do Fragrantica apontam para a noite e para o inverno e o outono, com o verão quase sem votos; mas são só 90 no total, então vale como indício, não como regra (lido em 01/10/2026). Para o calor úmido do Brasil, a sugestão é nossa: deixe para a noite e use pouco, já que o doce atravessa as três camadas da pirâmide. Perguntas frequentes O Watani Intense é inspirado em algum perfume? A página da Al Wataniah não menciona perfume de referência, e sem nome citado não há comparação a fazer. O que a fonte oferece é a expressão ""floriental gourmand"", da casa, e a classificação do Fragrantica, floral amadeirada almiscarada. O que quer dizer ""floriental gourmand""? É a forma como a casa descreve o perfume. Floriental junta flores brancas, como o jasmim, ao fundo cremoso do sândalo; gourmand é a família das notas que lembram sobremesa, como mel e baunilha. No Watani Intense, as duas ideias aparecem na lista de notas do Fragrantica. Watani Intense e Watani Intense Gold são o mesmo perfume? São. O site da casa escreve ""Watani Intense Gold"", e o frasco dourado, o Fragrantica e as lojas brasileiras dizem só ""Watani Intense""; no rótulo também há o nome em árabe, ""وطني مركز"", que quer dizer Watani concentrado. O Watani Intense é o mesmo que o Watani, o Purple ou o Pink? Não, são perfumes diferentes da linha. O Watani é de 2022 e o Fragrantica o lista como perfume feminino; o Watani Purple a casa descreve como ""fruity gourmand""; o Watani Pink é vendido aqui no Brasil como feminino. Esta página trata só do Intense, de frasco dourado. O Watani Intense é feminino, masculino ou unissex? A casa não marca gênero na página do produto, então a resposta vem de quem revende. O Fragrantica diz mulheres e homens, várias lojas brasileiras anunciam unissex e uma o intitula masculino. Na tabela, o Watani Intense fica como compartilhável. Veja também Perfume árabe doce : gourmands com mel, baunilha e caramelo. Perfume árabe floral : rosa, jasmim e ylang-ylang. Perfume árabe original : o que conferir ao receber. Al Wataniah na loja : outros perfumes da casa.",in stock,new,277.00 BRL,,https://www.perfumearabe.com/produtos/al-wataniah-watani-intense/,https://dcdn-us.mitiendanube.com/stores/008/297/978/products/01-al-wataniah-watani-intense-7e772307a2d2d3673717910392257292-1024-1024.png,Al Wataniah,371512227
1610725043,Mawwal Najma Universe Eau de Parfum Unissex 100 ml,"Resumo ★ 4,33 no Fragrantica · 161 votos Mais votado para o dia e os dias quentes. 87% dia · verão e primavera O Mawwal Najma tem toranja e gengibre na frente e, atrás, um coração de jasmim com ambroxan sobre sândalo e vetiver. É um unissex da coleção Universe, da Mawwal, em Eau de Parfum, no frasco de 100 ml. A nota média no Fragrantica é 4,33 de 5, somando 161 votos (leitura de 02/10/2026). Como é o cheiro do Mawwal Najma Este é um cítrico com fundo de madeira. A toranja e a bergamota abrem ao lado do gengibre, que acrescenta uma ponta picante à fruta, e o jasmim aparece no coração junto com o ambroxan, uma molécula de laboratório que lembra o cheiro do âmbar-cinza. O cheiro dele vai para o amadeirado, o almiscarado e um leve salgado. Quem espera só frescor encontra mais que isso na base. O sândalo é uma madeira suave e cremosa, o vetiver, raiz de um capim aromático, acrescenta um lado terroso, e o patchouli e o almíscar completam o conjunto. A pirâmide é a que a Mawwal publica no site dela, e Fragrantica e Parfumo repetem a mesma lista. Especificações Campo Detalhe Marca Mawwal Coleção Universe Concentração Eau de Parfum Tamanho 100 ml Gênero Unissex (Mawwal) Família olfativa Cítrica (Fragrantica) Ano de lançamento 2024 (Fragrantica e Parfumo) Notas de topo Toranja, bergamota, gengibre Notas de coração Jasmim, ambroxan Notas de fundo Sândalo, vetiver, patchouli, almíscar Para quem e quando Combina com quem procura um cítrico que não termine só em fruta: o gengibre dá a ponta picante na abertura e o sândalo com vetiver seguram o fim. Por ser unissex, a escolha cabe ao gosto de quem vai usar. Entre os votantes do Fragrantica, o dia leva de longe a preferência sobre a noite, e o calor também manda: verão e primavera na frente, inverno quase sem votos (lido em 02/10/2026). Sugestão nossa: no calor brasileiro, a abertura de toranja e gengibre combina com manhã e tarde; à noite, o fundo de sândalo e vetiver é o que aparece, mas poucos votantes o indicam para essa hora. Perguntas frequentes Mawwal Najma é feminino ou masculino? Nenhum dos dois em particular: a Mawwal o vende como unissex em seu site, e o Fragrantica e o Parfumo o listam para mulheres e homens. A pirâmide acompanha essa ideia, com cítrico, flor branca e madeira clara, sem nota que empurre para um lado só. Em qual perfume o Mawwal Najma é inspirado? Não encontramos, nas resenhas do Fragrantica, uma comparação que se repita, então a página não aponta um perfume de referência. O que dá para afirmar está na pirâmide: toranja e gengibre por cima de jasmim, ambroxan, sândalo e vetiver. Mawwal Najma é bom? Para quem votou no Fragrantica, sim: a média é 4,33 de 5 em 161 votos (02/10/2026). No Parfumo ainda não há avaliações, então essa é a única régua pública que encontramos hoje, e ela vem de um grupo pequeno. Najma e Universe Najma são o mesmo perfume? São o mesmo. Najma é o nome do perfume e Universe é a coleção da Mawwal em que ele entra, por isso o comércio brasileiro o vende como Mawwal Universe Najma. A casa também o anuncia em 80 ml no site de Dubai; o frasco desta página é o de 100 ml. Veja também Perfume árabe unissex : outros perfumes sem recorte de gênero. Perfume árabe fresco : mais opções para dias quentes. Mawwal Malek (Fantasy) : outro unissex da Mawwal. Mawwal Symphony Saz : outro perfume da casa. Perfume árabe : a loja completa.",in stock,new,280.00 BRL,,https://www.perfumearabe.com/produtos/mawwal-universe-najma/,https://dcdn-us.mitiendanube.com/stores/008/297/978/products/01-mawwal-universe-najma-4071b8cd25a5f4aa5717911400990804-1024-1024.png,Mawwal,371584321
1610813316,Silver Elixir Maison Asrar Eau de Parfum,"Resumo O Maison Asrar Silver Elixir põe limão e pimenta-rosa na frente de incenso e vetiver e fecha em couro e musgo: um cítrico especiado com fundo de couro. É um Eau de Parfum da Maison Asrar , da família amadeirada especiada, lançado em 2024. Como é o cheiro do Maison Asrar Silver Elixir Aqui o cítrico não fica sozinho. Limão, bergamota e pimenta-rosa abrem a saída, junto com uma nota que a própria Maison Asrar lista apenas como aromática, e os acordes mais marcantes vão do cítrico ao âmbar, depois ao esfumaçado e ao couro. O coração é de incenso, a resina que perfuma pela fumaça, com vetiver, a raiz de um capim aromático de cheiro profundo e terroso, patchouli e uma nota especiada. O fundo reúne couro, musgo, almíscar e âmbar cinzento, o ambergris. Essa é a pirâmide publicada pela Maison Asrar. Especificações Campo Detalhe Marca Maison Asrar Concentração Eau de Parfum (embalagem oficial) Tamanho 110 ml (indicado na embalagem oficial) Gênero Masculino (coleção masculina da Maison Asrar) Família olfativa Amadeirada especiada (Maison Asrar) Ano de lançamento 2024 Notas de topo Limão, notas aromáticas, pimenta-rosa, bergamota Notas de coração Notas especiadas, incenso, vetiver, patchouli Notas de fundo Almíscar, âmbar cinzento, musgo, couro Para quem e quando Combina com quem gosta de cítrico, mas quer um final de couro e musgo em vez de uma saída leve que desaparece. A Maison Asrar o descreve com três palavras no site, especiado, fresco e vibrante, e o põe na coleção masculina. Sobre estação e hora, o indício é de verão e de dia, mas a amostra de votos é pequena. Sugestão nossa: o limão e a bergamota do começo pedem um dia claro, e o couro do fundo é o que fica quando a saída passa. Perguntas frequentes O Silver Elixir é inspirado em algum perfume famoso? A Maison Asrar não cita nenhum perfume como referência, e não há comparação de cheiro estabelecida com outro. Por isso a página descreve só a pirâmide, sem apontar um perfume de comparação. O Silver Elixir é só para homem? A Maison Asrar o põe na coleção masculina, mas a página do produto não declara gênero. Couro e incenso convivem aqui com limão e pimenta-rosa, e essa mistura cabe a quem gosta de cítrico com fundo seco, seja homem ou mulher. Silver Elixir ou Silver Elixer: qual é a grafia certa? A caixa e o frasco, nas fotos da casa, trazem Elixir, com I. Já o título do produto na loja da Maison Asrar escreve Elixer, com E, e é daí que vem a busca com a grafia trocada. Os dois nomes levam ao mesmo perfume. O Silver Elixir tem 100 ml ou 110 ml? A caixa e o frasco, nas fotos oficiais da Maison Asrar, indicam 110 ml. Algumas lojas brasileiras o anunciam como 100 ml, então vale conferir o volume impresso na embalagem ao comparar anúncios. A Maison Asrar é a mesma casa da Maison Alhambra? Não são a mesma marca. O endereço do produto no site da Maison Asrar começa com gulf-orchid, e a marca é vendida pela Gulf Orchid Fragrances; a Maison Alhambra é outra casa, com outros perfumes. Veja também Maison Asrar Rey : outro perfume da casa. Maison Asrar Regent : outro perfume da casa. Perfume árabe masculino : mais perfumes da coleção masculina. Perfume árabe fresco : outras opções cítricas e frescas. Perfume árabe : a loja completa.",in stock,new,327.90 BRL,,https://www.perfumearabe.com/produtos/maison-asrar-silver-elixir/,https://dcdn-us.mitiendanube.com/stores/008/297/978/products/01-maison-asrar-silver-elixir-0ef5b888fc0108224917910392285684-1024-1024.png,Maison Asrar,371608939
1610814200,Afnan 9PM Elixir Unissex 100ml,"Resumo ★ 4,24 no Fragrantica · 2,0 mil votos Mais votado para a noite e os dias frios. Fixação 8,1/10 · Projeção 8,1/10 · 74% noite · inverno e outono O Afnan 9PM Elixir troca a maçã e a canela do 9PM por noz-moscada, cardamomo e couro. É um unissex da Afnan, de 2025, em frasco de 100 ml. No Parfumo, a nota do cheiro é 7,8/10, somando 152 votos (02/10/2026). Como é o cheiro do Afnan 9PM Elixir Aqui o doce fica para o fim. O perfume começa seco, com noz-moscada, cardamomo e elemi, uma resina de cheiro fresco e quase cítrico, e não há fruta nenhuma na abertura. No meio, a pimenta-da-jamaica esquenta a especiaria, o lavandim (uma lavanda híbrida, mais herbal) abre espaço e o couro entra para dar corpo. Cisto e láudano, duas resinas de efeito ambarado, descem para o fundo e seguram o patchouli e a baunilha. O Fragrantica o classifica como oriental especiado. O Parfumo soma a isso doce, couro e gourmand entre os acordes, que são as impressões gerais que as notas formam juntas. Especificações Característica Detalhe Casa Afnan Concentração Eau de Parfum; a Afnan apresenta o frasco como Extrait de Parfum Tamanho 100 ml Gênero Unissex (Afnan) Ano de lançamento 2025 Família olfativa Oriental especiado (Fragrantica) Notas de topo Noz-moscada, elemi, cardamomo Notas de coração Pimenta-da-jamaica, lavandim, couro Notas de fundo Cisto, láudano, patchouli, baunilha Para quem e quando É para quem já gosta de perfume quente, mas quer a especiaria e o couro na frente e a baunilha só como arremate. Funciona em homem e em mulher: nos dois sites da Afnan, a opção de gênero do frasco é unissex. Sugestão nossa: com cardamomo e noz-moscada abrindo, ele fica à vontade em dia fresco ou à noite; no calor úmido do Brasil, o couro e o láudano pesam mais, então vale aplicar pouco. Para quem acha o 9PM doce demais, o Elixir é a alternativa da própria linha. Fixação e projeção No Parfumo, 134 pessoas dão 8,1/10 para a fixação, e 130 dão 8,1/10 para a projeção (02/10/2026). Cada pele e cada clima mudam o resultado: é opinião de quem votou, não medição. Perguntas frequentes 9PM Elixir ou 9PM: qual a diferença? São perfumes distintos da mesma linha. O 9PM, de 2020, abre com maçã, canela, lavandim e bergamota e termina em baunilha e fava tonka. O Elixir, de 2025, abre com noz-moscada, cardamomo e elemi, leva couro no coração e deixa a baunilha só no fundo. Quem procura fruta e sobremesa tende ao 9PM; quem quer especiaria seca e couro, ao Elixir. O 9PM Elixir é Eau de Parfum ou Extrait de Parfum? Os dois nomes aparecem. O frasco que a gente recebe vem como Eau de Parfum de 100 ml, e a Afnan, nos sites dela, apresenta o 9PM Elixir como Extrait de Parfum. Extrait é a categoria de maior concentração de essência na perfumaria, mas nenhuma das duas fontes traz o percentual. Dá para sentir o couro no 9PM Elixir? Ele está na lista da Afnan, no coração, entre a pimenta-da-jamaica e o lavandim, e o Parfumo também põe o couro entre os acordes do perfume. Como a percepção varia de pele para pele, o melhor teste é a primeira hora depois de aplicar. Veja também Perfume árabe unissex — perfumes para todo mundo, sem recorte de gênero. Afnan na loja — os outros perfumes da casa que a loja tem.",in stock,new,351.90 BRL,,https://www.perfumearabe.com/produtos/afnan-9pm-elixir/,https://dcdn-us.mitiendanube.com/stores/008/297/978/products/01-afnan-9pm-elixir-79358fccc1d0c133c817910392311899-1024-1024.png,Afnan,371609197
1610815039,Asad Zanzibar Lattafa Eau de Parfum Masculino 100ml,"Resumo ★ 3,23 no Fragrantica · 3,8 mil votos Mais votado para o dia e os dias quentes. Fixação 7,4/10 · Projeção 7,2/10 · 60% dia · primavera e verão O Asad Zanzibar leva o nome Asad para outro lugar: em vez do especiado escuro do perfume original, uma água de coco salgada no centro, presa entre pimenta-preta e baunilha. É o flanker de 2024 da linha Asad, da Lattafa, um masculino em Eau de Parfum de 100 ml. Flanker é como a perfumaria chama o lançamento que reaproveita o nome de um perfume conhecido e muda a fórmula. No Zanzibar, a troca é de clima inteiro, não de um detalhe. Como é o cheiro do Asad Zanzibar A entrada é seca e picante. A pimenta-preta chega junto com a lavanda-do-mar, e o par abre o perfume pelo lado fresco e especiado, sem cara de lavanda de sabonete. Logo o meio toma conta. A água de coco salgada divide espaço com a íris, uma flor de cheiro atalcado, que deixa tudo mais macio. É desse encontro que sai o traço salgado do perfume. Na base ficam baunilha e incenso. A baunilha adoça e arredonda; o incenso, resina de cheiro balsâmico e levemente fumado, segura o doce para ele não virar sobremesa. O conjunto termina doce e cremoso, com um fio de sal. O nome vem da ilha de Zanzibar, famosa pelas praias, e o cheiro conversa com isso. Especificações Campo Detalhe Casa Lattafa Linha Asad (flanker) Concentração Eau de Parfum Gênero Masculino Ano de lançamento 2024 Tamanho 100 ml Perfumista Fanny Bal Topo Pimenta-preta, Lavanda-do-mar Coração Água de coco salgada, Íris Fundo Baunilha, Incenso Para quem e quando Ele atende quem gosta de masculino doce mas se cansou do doce pesado, de tabaco e café. O sal e o coco deixam a baunilha mais leve do que o nome Asad faz esperar. Sugestão nossa: pelo lado fresco e salgado, ele cabe no verão brasileiro, em dia de folga, fim de tarde ao ar livre ou viagem de praia. Na umidade forte, comece com pouco, porque a baunilha cresce no calor da pele. À noite e no frio, o incenso aparece mais. Fixação e projeção tendem a ficar num nível bom para o dia a dia, sem exagero; pele e clima mudam esse resultado. Se você quer o nome Asad num perfume de sol, com coco e sal no lugar do tabaco, o Zanzibar é a escolha da linha. Perguntas frequentes O Asad Zanzibar parece com qual perfume importado? A referência importada que costuma aparecer ao lado dele é o Le Beau Le Parfum, da Jean Paul Gaultier. A aproximação vem de quem usa perfume, não da Lattafa, e não quer dizer que os dois tenham o mesmo cheiro. O que é a ""água de coco salgada"" nas notas do Asad Zanzibar? É a nota do coração, e o nome diz quase tudo: coco na forma de água, não de polpa, com um toque de sal por cima. Em algumas listas ela aparece separada em duas, água de coco e sal, mas é a mesma ideia. O Asad Zanzibar cheira parecido com o Asad? Não. Os dois dividem pimenta-preta, íris e baunilha, mas o Asad , de 2021, tem tabaco, abacaxi, café e um fundo de âmbar, benjoim e labdano. O Zanzibar troca isso por lavanda-do-mar, água de coco salgada e incenso: mesmo nome, outro rumo. O Asad Zanzibar é o mesmo que o Asad Zanzibar Limited Edition? Não. A Limited Edition é outro perfume, lançado depois, com pirâmide própria. Este frasco é o Asad Zanzibar de 2024; na hora de comparar preço ou opinião, confira se o anúncio traz ""Limited Edition"" no nome. Veja também Perfume árabe masculino — os masculinos da vitrine. Lattafa na loja — os outros perfumes da casa que a loja tem. Asad Elixir Lattafa — outro perfume da linha Asad.",in stock,new,325.00 BRL,,https://www.perfumearabe.com/produtos/lattafa-asad-zanzibar/,https://dcdn-us.mitiendanube.com/stores/008/297/978/products/01-lattafa-asad-zanzibar-21c69df27f45e56a8e17913388068652-1024-1024.webp,Lattafa,371609410
1610816094,Perfume Momento Riiffs Extrait de Parfum 100ml,"Resumo ★ 4,54 no Fragrantica · 1,6 mil votos Mais votado para a noite e os dias frios. 73% noite · inverno e outono Momento Riiffs começa e termina em doce, e o que o separa de uma sobremesa comum é o meio: fava tonka com rosa damascena e oud, entre o açúcar da abertura e o caramelo do fim. Vem em Extrait de Parfum, em 100 ml, lançado em 2025, e a família é amadeirada especiada; é bem avaliado por quem o usa. Como é o cheiro do Momento O açúcar entra já na abertura, ao lado do açafrão e da mandarina: o cítrico é só um fio, e a primeira impressão é de doce especiado. A fava tonka mantém a doçura no coração, mas a rosa damascena e o oud mudam a conversa: o resultado é um floral escuro e amadeirado, longe da baunilha simples. No fim, cedro e madeira de âmbar formam o piso de madeira, e o caramelo volta por cima, de modo que o doce tem a última palavra. Especificações Campo Detalhe Marca Riiffs Concentração Extrait de Parfum Gênero Compartilhável; masculino no site da Riiffs nos Emirados, unissex nos demais Família olfativa Amadeirada especiada Ano de lançamento 2025 Tamanho 100ml Notas de topo Açafrão, mandarina, açúcar Notas de coração Fava tonka, rosa damascena, oud Notas de fundo Cedro, madeira de âmbar, caramelo Para quem e quando É para quem gosta de doce, mas quer sombra nele: a rosa e o oud dão ao perfume um lado noturno que a baunilha sozinha não tem. Costuma ser indicado para a noite e para os meses frios, outono e inverno. Sugestão nossa: em dia quente e úmido, uma aplicação leve evita que o açúcar e o caramelo pesem; em noite fresca, ele aparece por inteiro. Se o seu perfume de noite precisa de açúcar e de madeira ao mesmo tempo, o Momento reúne os dois num frasco de 100 ml. Perguntas frequentes O Riiffs Momento é parecido com o Arabians Tonka, da Montale? Algumas lojas o apontam como próximo do Arabians Tonka, mas a Riiffs não cita referência. O que distingue o Momento é a rosa damascena com oud no meio, entre o açúcar com açafrão da abertura e o caramelo com cedro do fim. O Momento serve para o dia ou fica melhor à noite? A indicação mais comum é a noite, com outono e inverno como as estações preferidas. De dia, em clima ameno, ainda funciona com mão leve, porque a mandarina da abertura deixa a entrada menos pesada. Riiffs Momento: Extrait ou Eau de Parfum? É Extrait de Parfum, em 100 ml, como diz o rótulo do frasco. Há anúncios que escrevem Eau de Parfum para o mesmo perfume; ao comparar preços, compare Extrait com Extrait. O oud do Momento aparece muito ou é discreto? Ele está no coração, ao lado da fava tonka e da rosa damascena, e não na abertura. Sugestão nossa, a partir da pirâmide: entra como um contorno escuro no doce, e não como um oud de resina pura. Quem pode usar o Riiffs Momento: homem, mulher ou os dois? Depende de onde se lê: o site da Riiffs nos Emirados o classifica como masculino, os da marca nos EUA e na Índia, como unissex, e quem o avalia o vê tanto em mulheres quanto em homens. Veja também Perfume árabe doce - açúcar, caramelo e baunilha. Perfume oud - perfumes com oud na pirâmide. Perfume árabe amadeirado - cedro, âmbar e madeiras. Perfume árabe original - o que conferir ao receber o frasco.",in stock,new,380.90 BRL,,https://www.perfumearabe.com/produtos/riiffs-momento/,https://dcdn-us.mitiendanube.com/stores/008/297/978/products/01-riiffs-momento-b72f8b4633560a24ef17911921842846-1024-1024.png,Riiffs,371609654
1610816888,Armaf Limoni: Odyssey Limoni Fresh Eau de Parfum 100 ml,"Resumo ★ 4,17 no Fragrantica · 1,8 mil votos Mais votado para o dia e os dias quentes. 92% dia · verão e primavera O Armaf Limoni, de nome oficial Odyssey Limoni Fresh Edition, é um cítrico da linha Odyssey: quatro frutas cítricas na frente, gengibre e um acorde marinho no meio. É um Eau de Parfum de 100 ml, de 2024. No Fragrantica, a nota média é 4,17 de 5, em 1,8 mil votos, com a maioria dos votos voltada ao dia e aos meses quentes (leitura de 01/10/2026). Como é o cheiro do Armaf Limoni O que separa o Limoni de uma água-de-colônia de limão é o que vem depois da casca. O gengibre pica, a flor de laranjeira traz um toque floral e as notas marinhas, que são um acorde de maresia, dão ao perfume um ar de beira-mar. Leitura nossa: é o trio do coração que impede o cítrico de ficar só azedinho. Mesmo assim, o começo é de cítrico em camadas. O limão dá o ácido, a laranja doce e a mandarina suavizam a mordida, e a bergamota completa o grupo. O fundo é discreto: âmbar, almíscar e chá azul. ""Chá azul"" é como a Armaf escreve a nota; o Fragrantica registra só ""chá"". Os acordes principais do Fragrantica são cítrico, especiado fresco e aromático. Especificações Característica Detalhe Casa Armaf Linha Odyssey Nome Odyssey Limoni Fresh Edition (a casa também escreve Odyssey Limoni) Concentração Eau de Parfum Tamanho 100 ml Gênero Compartilhável (Fragrantica: para mulheres e homens) Família olfativa Cítrica (Fragrantica: cítrico, especiado fresco, aromático) Ano de lançamento 2024, segundo o Fragrantica Notas de topo Limão, laranja doce, bergamota, mandarina Notas de coração Gengibre, flor de laranjeira, notas marinhas Notas de fundo Âmbar, almíscar, chá azul Para quem e quando Se você quer cheiro de limão com gengibre e um sopro de mar, e não um cítrico de colônia, o Limoni responde. Essa impressão vem da lista de notas, sem teste nosso do frasco. Entre os votos do Fragrantica, o Limoni é perfume de estação quente: verão (cerca de 1,3 mil votos) e primavera (952) concentram quase tudo, e o dia leva a maior parte, com a noite e o inverno quase sem votos (lido em 01/10/2026). Para o verão brasileiro, quente e úmido, a sugestão é nossa: limão e notas marinhas combinam com manhã e tarde, e uma borrifada moderada já basta. Perguntas frequentes Em qual perfume o Odyssey Limoni Fresh é inspirado? Nenhuma fonte que abrimos compara o Limoni com outro perfume. A Armaf o apresenta só com as notas, e é nelas que está o que se pode dizer dele: quatro cítricos na abertura, gengibre e flor de laranjeira no coração, chá azul no fundo. Odyssey Limoni e Limoni Fresh Edition são o mesmo perfume? Pelo que a Armaf publica, são. O armaf.com intitula o produto ""Odyssey Limoni"" num endereço que leva ""limoni-fresh-edition"", e o armaf.ae e o armaf.uk usam ""Limoni Fresh"". O que muda de verdade é o tamanho: a casa lista versões de 60, 100 e 200 ml, e esta página é a do frasco de 100 ml. Qual a diferença entre o Odyssey Limoni Fresh e o Odyssey Mandarin Sky? O Limoni é cítrico com gengibre e mar; o Odyssey Mandarin Sky tem tangerina, caramelo e fava tonka, com um lado doce e gourmand que o Limoni não tem. Os votos do Fragrantica também se separam: os do Limoni se concentram em verão, primavera e dia, e os do Mandarin Sky se espalham pelas quatro estações, com inverno e outono entre os mais votados. O Odyssey Limoni é masculino, feminino ou unissex? Nem a Armaf se decide. Entre os sites da casa, o armaf.com o marca como masculino e unissex, o armaf.uk como masculino e o armaf.ae como feminino; ao menos uma grande rede brasileira o anuncia como feminino, e o Fragrantica o lista para mulheres e homens. Com a casa dividida, a tabela da página o deixa como compartilhável. Veja também Perfume árabe fresco : cítricos e frescor para o calor. Perfume árabe original : o que conferir ao receber. Armaf na loja : a casa do Odyssey e do Club de Nuit. Odyssey Mandarin Sky : o Odyssey com tangerina e caramelo.",in stock,new,274.00 BRL,,https://www.perfumearabe.com/produtos/armaf-odyssey-limoni-fresh/,https://dcdn-us.mitiendanube.com/stores/008/297/978/products/01-armaf-odyssey-limoni-fresh-c46478b5d7e506f40417913386589290-1024-1024.webp,Armaf,371609780
1610818196,Perfume Rayhaan Amazonica Eau de Parfum 100ml,"Resumo O Rayhaan Amazonica abre pelo lado cítrico e aromático e termina em madeira e almíscar quentes, com flores no meio do caminho. É um lançamento recente da Rayhaan, em Eau de Parfum de 100 ml. Como é o cheiro do Rayhaan Amazonica O Amazonica abre com cítricos vibrantes e nuances aromáticas, tem facetas florais sofisticadas no meio e um fundo amadeirado, almiscarado e quente. Na prática, o desenho vai do fresco ao quente: o cítrico e o aromático dão a saída, as flores ligam as duas pontas e a madeira com almíscar segura o resto, com um calor na pele. Especificações Campo Detalhe Casa Rayhaan Concentração Eau de Parfum Gênero Não declarado pela casa Ano de lançamento Lançamento recente Tamanho 100 ml Notas A fonte não divide em camadas Perfil Cítrico, aromático, floral, com fundo amadeirado e almiscarado Para quem e quando usar o Amazonica A indicação é nossa, tirada do perfil: serve a quem gosta de um perfume que começa fresco e esquenta devagar. A abertura cítrica e aromática combina com o dia e com o calor, e o fundo amadeirado dá corpo para a noite mais amena. Na primeira vez, aplique pouco, no pulso e no pescoço, e veja como ele se comporta na sua pele ao longo do dia: a duração e a projeção dependem de cada pele. Perguntas frequentes O Amazonica é fresco ou quente? Os dois, em tempos diferentes. Ele põe cítricos e notas aromáticas na frente, o que dá a impressão fresca, e deixa por último um fundo amadeirado, almiscarado e quente. Quem procura só fresco ou só quente pode achar que falta metade. Para quem o Amazonica combina, homem ou mulher? Ele não pede um gênero: cítrico, aromático e floral com madeira, serve a quem gosta dessa mistura, então vale escolher pelo que você gosta de sentir. Por que o Amazonica não traz lista de notas aqui? Porque o Amazonica se descreve pelo perfil, não por uma pirâmide de notas: cítrico e aromático na saída, floral no meio e fundo amadeirado e almiscarado. O Amazonica é lançamento novo? É um lançamento recente da Rayhaan, e o ano exato não está confirmado. A edição que vendemos é a de Eau de Parfum de 100 ml. O que conferir no Amazonica quando ele chegar? O nome Amazonica, a casa Rayhaan, a concentração Eau de Parfum e os 100 ml na embalagem e no frasco. O passo a passo completo está em Perfume árabe original . Veja também Rayhaan na loja : outros perfumes da casa. Rayhaan Azul : outro Eau de Parfum de 100 ml da casa, esse com a pirâmide de notas descrita. Perfume árabe fresco : cítricos, aquáticos e mentolados. Perfume árabe unissex : perfumes que não pedem um gênero.",in stock,new,380.90 BRL,,https://www.perfumearabe.com/produtos/rayhaan-amazonica-by-jb/,https://dcdn-us.mitiendanube.com/stores/008/297/978/products/01-rayhaan-amazonica-by-jb-cac1df3593e2b2152517915024256985-1024-1024.webp,Rayhaan,371610036
1610819924,"Kit Club de Nuit Intense Man Armaf 4 Peças: Eau de Toilette 105ml, Spray 10ml, Shower Gel e Body Spray","Resumo O kit Club de Nuit Intense Man põe numa caixa só o perfume de 105 ml, um spray de viagem de 10 ml, um shower gel e um body spray de 200 ml, todos com o nome Intense Man. Quem abre encontra limão e abacaxi na frente e uma base de âmbar-cinza e baunilha atrás. O Fragrantica registra 4,07 para o perfume Club de Nuit Intense Man, em 29,4 mil votos (30/09/2026). Como é o cheiro Este perfume trabalha por contraste. Na frente fica a fruta clara: maçã, bergamota, cassis, abacaxi e limão, nessa lista que a Armaf publica para o kit. No coração entram rosa, bétula e jasmim, e a bétula, por ser madeira, é a nota que se opõe à fruta (leitura nossa). Por baixo ficam almíscar, âmbar-cinza, patchouli e baunilha. A Armaf descreve uma pirâmide só para a caixa, com as mesmas doze notas do perfume. Especificações Campo Detalhe Marca Armaf Nome na caixa Club de Nuit Intense Man 4pcs Gift Set Gênero Masculino (a Armaf classifica a caixa como gift set for him) Concentração Eau de Toilette Perfume principal 105 ml Spray de viagem 10 ml Shower gel 100 ml Perfume body spray 200 ml Notas de topo Maçã, bergamota, cassis, abacaxi, limão Notas de coração Rosa, bétula, jasmim Notas de fundo Almíscar, âmbar-cinza, patchouli, baunilha O que vem no kit A caixa informa quatro peças: Eau de Toilette de 105 ml , o frasco principal. Eau de Toilette de 10 ml , em spray de viagem, que cabe na bolsa ou na mochila. Shower gel de 100 ml . Perfume body spray de 200 ml , um spray de corpo com o nome Intense Man. Para quem e quando Sugestão nossa para o clima brasileiro: a saída de limão, abacaxi e maçã é a parte que acompanha bem um dia quente, e o spray de 10 ml serve para repor o perfume depois do almoço. No Fragrantica, primavera e verão lideram os votos de estação e o inverno fica bem atrás, enquanto dia e noite quase empatam (30/09/2026). Quem já gosta do Intense Man e quer reserva de viagem sem montar nada encontra tudo pronto na caixa. O gel e o body spray completam a rotina do banho. Fixação e projeção Para o perfume em Eau de Toilette, o Parfumo dá média de 8,1 para fixação e de 8,0 para projeção, numa escala de 0 a 10. Cada nota vem de mais de 4 mil votos de usuários, que têm peles e climas diferentes (lido em 29/09/2026). Gel e body spray não têm votos próprios. Perguntas frequentes O Club de Nuit Intense Man do kit é EDT ou EDP? É Eau de Toilette. A caixa imprime Eau de Toilette nos dois frascos de perfume, o de 105 ml e o de 10 ml, e a Armaf marca a página do kit com a mesma concentração. Quem quer só o frasco tem o Club de Nuit Intense Man avulso . Existe mais de um kit Club de Nuit Intense Man? Qual é este? Existe. A Armaf lista caixas com desodorante, com shampoo e uma de 2 peças. Este é o gift set de 4 peças com spray de 10 ml, shower gel de 100 ml e body spray de 200 ml, e vale conferir essa composição ao comparar com outro anúncio. O shower gel e o body spray têm o mesmo cheiro do perfume? Os dois levam o nome Club de Nuit Intense Man na caixa, e a Armaf descreve uma pirâmide só para o kit. A marca não publica notas separadas para o gel e o body spray, então não dá para dizer o quanto cada um se parece com o perfume. O body spray de 200 ml do kit é um perfume? A caixa o chama de Perfume Body Spray e o lista como spray de 200 ml, ao lado do perfume de 105 ml. A Armaf não informa a concentração do body spray; a concentração Eau de Toilette vale para os frascos de 105 ml e de 10 ml. Veja também Kits de perfume árabe — outras caixas com mais de um item. Armaf na loja — os outros perfumes da casa.",in stock,new,538.90 BRL,,https://www.perfumearabe.com/produtos/armaf-club-nuit-intense-man-gift/,https://dcdn-us.mitiendanube.com/stores/008/297/978/products/01-armaf-club-nuit-intense-man-gift-a860e13fcb06e2cb6117913386375978-1024-1024.webp,Armaf,371610519
1610820626,"Kit Odyssey Mandarin Sky Armaf 4 Peças: Eau de Parfum 10ml, Shower Gel, Creme e Body Spray","Resumo O kit Odyssey Mandarin Sky não traz frasco grande: o perfume é um Eau de Parfum de 10 ml em spray de viagem, ao lado de shower gel de 100 ml, creme corporal de 100 g e body spray de 200 ml. A caixa é da Limited Edition da Armaf, e o cheiro segue o do Mandarin Sky, com tangerina e açafrão por cima de caramelo e fava tonka. O Fragrantica registra 4,22 para o perfume Odyssey Mandarin Sky, em 4,7 mil votos (30/09/2026). Como é o cheiro O Mandarin Sky joga o cítrico contra o doce. A abertura reúne sálvia, tangerina, laranja e açafrão; o coração troca isso por caramelo, fava tonka e tagetes, uma flor; e o fundo fecha com vetiver, cedro e ambroxan. A fava tonka é uma semente de cheiro entre baunilha e amêndoa, e o ambroxan, uma molécula sintética de aroma amadeirado, almiscarado e levemente salgado. A Armaf resume o kit como um calor âmbar-amadeirado com toque cítrico-gourmand, sendo gourmand a família dos cheiros de sobremesa. Leitura nossa: a tangerina abre, e o caramelo domina o meio. Especificações Campo Detalhe Marca Armaf Nome na caixa Odyssey Mandarin Sky Limited Edition 4 pcs Gift Set Gênero Masculino (a Armaf classifica a caixa como gift set for him) Concentração Eau de Parfum Perfume 10 ml, em spray de viagem Shower gel 100 ml Body cream 100 g Fragrance body spray 200 ml Ano do perfume 2023 Notas de topo Sálvia, tangerina, laranja, açafrão Notas de coração Caramelo, fava tonka, tagetes Notas de fundo Vetiver, cedro, ambroxan O que vem no kit A caixa informa quatro itens, todos com o nome Odyssey Mandarin Sky: Eau de Parfum de 10 ml , em spray de viagem. É o único perfume da caixa. Shower gel de 100 ml . Body cream de 100 g , um creme para o corpo. Fragrance body spray de 200 ml , um spray de corpo. Para quem e quando O kit atende quem quer o Mandarin Sky em formato pequeno e com extras de banho, mais do que quem procura um frasco para usar por meses. Sugestão nossa para o Brasil: com tangerina e laranja na abertura, o perfume de 10 ml cabe na bolsa para reaplicar em dia quente. No Fragrantica, os votos de estação se espalham e o verão aparece por último (30/09/2026). Se a ideia é conhecer o Mandarin Sky antes de decidir pelo frasco avulso, ou dar de presente algo com perfume, creme e gel na mesma caixa, peça o kit. Perguntas frequentes O kit Odyssey Mandarin Sky traz um perfume de 100 ml? Não. O perfume da caixa é um Eau de Parfum de 10 ml, em spray de viagem. O resto são shower gel de 100 ml, creme corporal de 100 g e body spray de 200 ml. Para o frasco grande, o Odyssey Mandarin Sky avulso tem página própria. O Odyssey Mandarin Sky é mais doce ou mais cítrico? Tem os dois lados. Tangerina, laranja e açafrão abrem o perfume, e caramelo e fava tonka tomam o coração. A Armaf descreve o conjunto como calor âmbar-amadeirado com toque cítrico-gourmand, e o fundo é de vetiver, cedro e ambroxan. Odyssey Mega Limited Edition é o mesmo kit? Não. Odyssey Mega é outro nome que a Armaf usa para o mesmo perfume Mandarin Sky. O varejo brasileiro anuncia como Odyssey Mega Limited Edition uma caixa diferente, com Eau de Parfum de 100 ml, shower gel, body spray de 50 ml e shampoo. Este kit é o de 4 peças com o perfume de 10 ml. O kit Odyssey Mandarin Sky serve de presente? A Armaf classifica a caixa como gift set para ele. Como o perfume é de 10 ml, ela funciona melhor como apresentação do Mandarin Sky, com creme e gel de acompanhamento, do que como o frasco principal de alguém. Veja também Kits de perfume árabe — outras caixas com mais de um item. Armaf na loja — os outros perfumes da casa.",in stock,new,524.90 BRL,,https://www.perfumearabe.com/produtos/armaf-odyssey-mandarin-sky-gift/,https://dcdn-us.mitiendanube.com/stores/008/297/978/products/01-armaf-odyssey-mandarin-sky-gift-ec66ed275a147331d617914707500906-1024-1024.webp,Armaf,371610817
1610821068,So Glam Rouge Intense Maison Alhambra 100ml,"Resumo O So Glam Rouge Intense põe uma flor amarela e cremosa ao lado de uma baunilha doce e deixa o cardamomo, especiaria fresca de toque quase cítrico, cortar o açúcar antes que ele pese. É o Intense da linha So Glam, da Maison Alhambra, um perfume de 100 ml vendido como feminino, com ylang-ylang, baunilha e cardamomo como as três notas que o definem. Como é o cheiro do So Glam Rouge Intense Ele se define por uma lista curta: ylang-ylang, baunilha e cardamomo. Vale pensar nele como um trio que conversa, e não como uma escada de topo, coração e fundo. O ylang-ylang é uma flor tropical de pétalas amarelas, de cheiro cremoso e levemente frutado, que lembra banana madura e pele aquecida ao sol. É ele que dá o lado floral do perfume, mais macio do que perfumado de buquê. A baunilha traz o doce de confeitaria, o lado gourmand (perfume com cheiro de comida e sobremesa) que, somado à flor e à especiaria, faz dele um floral especiado gourmand. O cardamomo, a semente aromática que perfuma o café árabe, é o tempero da conta: verde, resinoso, com um fio de limão, ele tira a baunilha do óbvio e deixa no ar um doce temperado. Especificações Campo Detalhe Casa Maison Alhambra Linha So Glam Gênero Vendido como feminino Família olfativa Floral especiado gourmand Tamanho 100 ml Notas Ylang-ylang, baunilha e cardamomo, sem divisão em camadas Para quem e quando usar o So Glam Rouge Intense É para quem gosta de doce, mas quer uma flor no meio e uma pitada de especiaria que impeça a baunilha de virar bala. Cabe num jantar, num encontro, numa noite em que você quer chegar perfumada e se sentir arrumada da cabeça aos pés. Para o clima brasileiro, a nossa leitura parte das três notas: baunilha e ylang-ylang são densas e cremosas, e o calor úmido tende a deixar o doce mais evidente. Nos meses quentes, mão leve e preferência pelo fim da tarde; no frio e à noite, a baunilha tem espaço para aparecer, e o cardamomo segura o frescor. Se você quer um doce que cheire a flor e a tempero ao mesmo tempo, e não a confeitaria pura, o So Glam Rouge Intense chega lá com só três notas. Perguntas frequentes O So Glam Rouge Intense é mais floral ou mais doce? Fica entre os dois, e é isso que o separa de um gourmand comum. A baunilha dá o açúcar, o ylang-ylang põe uma flor cremosa ao lado dela e o cardamomo tempera o par; quem procura só sobremesa pode achá-lo floral, e quem quer só flor vai sentir a baunilha. O cardamomo deixa o So Glam Rouge Intense picante? Não no sentido de ardido. O cardamomo é uma especiaria fresca e aromática, sem a queimação da pimenta; aqui ele faz o contraponto da baunilha e dá ao doce um ar mais limpo, em vez de esquentar o perfume. Que tipo de doce é o So Glam Rouge Intense? É um doce de baunilha com tempero. A baunilha é a única nota de sobremesa da lista, e o ylang-ylang e o cardamomo a puxam para o lado floral e aromático, então o doce chega temperado, mais perto de uma flor com especiaria do que de uma vitrine de confeitaria. O So Glam Rouge Intense fica bem em homem? Pode ficar. Ele é vendido como perfume feminino, mas ylang-ylang, baunilha e cardamomo não têm dono: é uma questão de gostar de doce com flor e tempero, mais do que de quem usa. Veja também Maison Alhambra na loja — os outros perfumes da casa. Perfume árabe doce — mais baunilha e gourmand para escolher. Perfume árabe feminino — perfumes para mulher, reunidos por estilo. Perfume árabe original — o que conferir ao receber o frasco.",in stock,new,184.90 BRL,,https://www.perfumearabe.com/produtos/maison-alhambra-so-glam-rouge-intense/,https://dcdn-us.mitiendanube.com/stores/008/297/978/products/01-maison-alhambra-so-glam-rouge-intense-8cd9062e0a9ac707fd17911921897707-1024-1024.png,Maison Alhambra,371611036
1610821491,Afnan 9PM Rebel Eau de Parfum Unissex 100ml,"Resumo ★ 4,30 no Fragrantica · 3,9 mil votos Votos divididos entre dia e noite. Fixação 8,2/10 · Projeção 8,0/10 · 52% noite · primavera e outono O Afnan 9PM Rebel abre com tangerina, abacaxi e maçã verde e fecha em madeira seca com caramelo. É um unissex da Afnan, de 2024, em Eau de Parfum de 100 ml. Os votos do Parfumo dão ao cheiro média 7,7/10, em 303 avaliações (02/10/2026). Como é o cheiro do Afnan 9PM Rebel A fruta não fica sozinha por muito tempo. A maçã verde, do tipo Granny Smith, de sabor ácido, e o abacaxi dão o brilho da saída, mas o coração já traz cedro e musgo de carvalho, um líquen de cheiro terroso e úmido, e é isso que puxa o perfume para a madeira. A baunilha entra no meio, e o caramelo só aparece lá no fundo, ao lado de madeiras secas, âmbar-cinza e almíscar. A Afnan descreve o conjunto como notas frutadas, amadeiradas e de âmbar. O Fragrantica o classifica como aromático frutado. Especificações Característica Detalhe Casa Afnan Concentração Eau de Parfum Tamanho 100 ml Gênero Unissex (Afnan) Ano de lançamento 2024 Família olfativa Aromático frutado (Fragrantica) Notas de topo Tangerina, abacaxi, maçã verde Notas de coração Cedro, musgo de carvalho, baunilha Notas de fundo Caramelo, madeiras secas, âmbar-cinza, almíscar Para quem e quando É para quem gosta de começar fresco e terminar encorpado, e a Afnan o trata como unissex em seus dois sites, sem recorte de gênero. A tangerina e o abacaxi dão leveza à abertura, e a madeira do fim sustenta o perfume quando a fruta passa. Sugestão nossa: a fruta da saída combina com o dia quente, e o caramelo e a baunilha ficam mais confortáveis à noite ou em tempo ameno. Se a fruta fresca é o que atrai, o Rebel cobre a saída e ainda termina em madeira. Fixação e projeção A média do Parfumo é 8,2/10 na fixação e 8,0/10 na projeção, com 270 votos em cada (02/10/2026). Quem vota usa o perfume em peles e climas diferentes, então o número é percepção, não medição. Perguntas frequentes O 9PM Rebel é parecido com o 9PM? Só em parte. Os dois levam maçã e baunilha, mas o 9PM soma canela, lavandim e fava tonka, enquanto o Rebel troca isso por abacaxi, tangerina, musgo de carvalho e caramelo. O resultado é um Rebel mais fresco na saída e mais amadeirado no fim, com o 9PM puxando para a sobremesa especiada. O 9PM Rebel é frutado ou amadeirado? Os dois. A fruta fica na saída, com tangerina, abacaxi e maçã verde, e a madeira ocupa o resto, com cedro no coração e madeiras secas no fundo. A Afnan fala em notas frutadas, amadeiradas e de âmbar, e o Fragrantica o coloca na família aromática frutada. Onde entra o caramelo no 9PM Rebel? Só no fundo. Na lista da Afnan ele fica ao lado de madeiras secas, âmbar-cinza e almíscar, depois da baunilha do coração. A abertura é só de fruta: tangerina, abacaxi e maçã verde. Veja também Perfume árabe unissex — perfumes para todo mundo, sem recorte de gênero. Afnan na loja — os outros perfumes da casa que a loja tem.",in stock,new,458.90 BRL,,https://www.perfumearabe.com/produtos/afnan-9pm-rebel/,https://dcdn-us.mitiendanube.com/stores/008/297/978/products/01-afnan-9pm-rebel-31ac458e968dfe4d4f17910392420951-1024-1024.png,Afnan,371611227
1610822590,Qaed Al Fursan Untamed Lattafa Eau de Parfum 90ml,"Resumo ★ 4,26 no Fragrantica · 1,0 mil votos Vai do dia à noite, com destaque nos dias frios. Fixação 7,1/10 · Projeção 7,0/10 · 55% noite · outono e inverno No Qaed Al Fursan Untamed, o caramelo adoça um coração de lavanda e cipreste, entre uma abertura de canela e noz-moscada e um fundo de olíbano e cedro. É o lançamento de 2025 da linha Qaed Al Fursan, da Lattafa, em Eau de Parfum de 90 ml. No Parfumo, 153 pessoas deram ao cheiro média 7,8/10 (02/10/2026). Como é o cheiro do Qaed Al Fursan Untamed Pense em dois climas no mesmo frasco. A abertura é de especiaria quente, com noz-moscada, cardamomo e canela, e a tangerina entra para clarear. No coração o clima vira herbal: lavanda, gerânio, cipreste e sálvia esclareia, uma erva aromática de cheiro entre o herbal e o adocicado. O toque de caramelo que a Lattafa menciona nessa parte é o que impede o conjunto de ficar seco. O fundo é resinoso, com olíbano (a resina do incenso), cedro, vetiver, láudano e âmbar. O Fragrantica o classifica como amadeirado especiado, e o Parfumo lista especiado, oriental, doce, amadeirado e defumado entre os acordes. Especificações Característica Detalhe Casa Lattafa Concentração Eau de Parfum Tamanho 90 ml Gênero ""Men, Unisex"" no lattafa.com; ""Unisex"" no site da Lattafa nos EUA Ano de lançamento 2025 Família olfativa Amadeirado especiado (Fragrantica) Notas de topo Noz-moscada, cardamomo, tangerina, canela Notas de coração Lavanda, gerânio, cipreste, sálvia esclareia, caramelo Notas de fundo Cedro, olíbano, vetiver, láudano, âmbar Para quem e quando É para quem gosta de especiaria quente, mas quer um respiro de ervas no meio do caminho, e a casa o classifica de dois jeitos: ""Men, Unisex"" no lattafa.com e ""Unisex"" no site dela nos EUA. No Fragrantica, aparece como perfume para mulheres e homens. Sugestão nossa: a canela, o caramelo e o olíbano pedem noite ou tempo ameno; no calor do Brasil, a tangerina da saída e a lavanda do coração ajudam, com poucas borrifadas. Se a ideia é levar uma especiaria quente que respire no meio, o Untamed entrega isso. Fixação e projeção Fixação e projeção ficam em 7,1/10 e 7,0/10 no Parfumo, com 145 votos em cada (02/10/2026). São percepções de quem votou, não medição. Perguntas frequentes Untamed é diferente do Qaed Al Fursan? É, e as pirâmides mostram isso. O Qaed Al Fursan , de 2016, abre com abacaxi e açafrão e fecha em cedro, âmbar e oud. O Untamed, de 2025, abre com canela, noz-moscada e cardamomo, traz lavanda e caramelo no coração e fecha em olíbano e cedro. Existe ainda o Qaed Al Fursan Unlimited, um terceiro perfume, então vale ler o nome completo no anúncio. O caramelo deixa o Untamed doce? Um pouco, mas ele não domina. O caramelo é uma nota do coração, cercado de lavanda, gerânio, cipreste e sálvia esclareia. O Parfumo inclui o doce entre os acordes, ao lado de especiado, oriental, amadeirado e defumado, e o Fragrantica classifica o perfume como amadeirado especiado. O Untamed é defumado? O Parfumo põe o defumado entre os acordes do Untamed, e a lista de notas tem uma pista: o olíbano, a resina do incenso, no fundo. O olíbano aparece junto com cedro, vetiver e âmbar, e não na abertura, que é de especiaria e tangerina. Veja também Perfume árabe unissex — perfumes para todo mundo, sem recorte de gênero. Lattafa na loja — a seleção da casa que a loja tem.",in stock,new,138.90 BRL,,https://www.perfumearabe.com/produtos/lattafa-qaed-al-fursan-untamed/,https://dcdn-us.mitiendanube.com/stores/008/297/978/products/01-lattafa-qaed-al-fursan-untamed-951940ddbecc420f0817913859031047-1024-1024.webp,Lattafa,371611406
1610823137,Voux Blue Oud Paris Corner Eau de Parfum Unissex 100ml,"Resumo O Voux Blue Oud Paris Corner é oud para noite de clube: madeira escura e levemente defumada dividindo o frasco com frutas, flores e especiarias, sem cara de perfume de templo. É um Eau de Parfum âmbar amadeirado, unissex, de 100 ml, lançado em 2022 na linha Voux da Paris Corner. Como é o cheiro do Voux Blue Oud Paris Corner A lista de notas é uma só, sem separar o que se sente de saída do que fica na pele: oud, notas frutadas, florais, especiadas e amadeiradas, olíbano, láudano e âmbar-gris. Frutas, flores e especiarias aparecem sem nome, então não dá para dizer qual fruta nem qual flor. Quem dá o tom é o oud, a resina aromática que a madeira da árvore Aquilaria forma ao ser ferida ou infectada por fungo. Aqui ele pesa o lado amadeirado e meio defumado, e é isso que impede o doce das frutas de enjoar. O olíbano é a resina da árvore Boswellia, de cheiro balsâmico e fumado, e o láudano é a resina do cisto, um arbusto de estepe, peça clássica dos acordes de âmbar (a impressão que várias notas formam juntas). Apesar do ""Blue"" no nome, nada na lista é cítrico ou aquático: o azul é do frasco, não do cheiro. Especificações Campo Detalhe Casa Paris Corner (linha Voux, selo Emir) Nome na casa Voux Blue Oud Emir Concentração Eau de Parfum Volume 100 ml Gênero Unissex Ano de lançamento 2022 Família olfativa Âmbar amadeirado Notas A fonte não divide em camadas: oud, notas frutadas, notas florais, notas especiadas, notas amadeiradas, olíbano, láudano e âmbar-gris No frasco, o degradê vai do azul-cobalto ao verde e ao dourado, a tampa é dourada e canelada, e a placa dourada traz ""VOUX / BLUE OUD"" com o leão coroado da Emir. A caixa é azul e texturizada. Para quem e quando Combina com quem já gosta de oud e com quem quer experimentar o primeiro sem entrar de cabeça na madeira seca: a fruta e a flor tiram a aspereza. Quem foge de resina e de madeira defumada provavelmente vai achá-lo carregado. Costuma ser mais lembrado para outono, inverno e noite. Sugestão nossa: no Brasil, o oud pede a noite de serra, o jantar demorado ou o inverno do Sul. No verão úmido, a resina e o defumado abafam. É a porta de entrada para o oud sem abrir mão da fruta. Perguntas frequentes O que significa Emir no nome do Voux Blue Oud? Emir é a assinatura da Paris Corner na linha Voux, o leão coroado que aparece na placa do frasco. Por isso muitas lojas escrevem ""Emir Voux Blue Oud"" ou ""Voux Blue Oud Emir"": é o mesmo perfume, em Eau de Parfum de 100 ml. Que fruta tem no Voux Blue Oud? A lista diz apenas ""notas frutadas"", sem nomear nenhuma, e por isso não prometemos abacaxi, maçã ou ameixa. O que se sabe é o papel do oud: ele segura a doçura da fruta e a mantém longe do enjoativo. Voux Blue Oud e Blue Oud da Lattafa são o mesmo perfume? Não. ""Blue Oud"" é nome repetido por perfumes de outras casas, como a Lattafa, a Ibraq e a Nusuk. Este é o Voux Blue Oud da Paris Corner, e o jeito de conferir é a placa dourada do frasco, com ""VOUX / BLUE OUD"" e o leão da Emir. Veja também Perfume oud — outros perfumes com oud, por estilo. Perfume árabe unissex — perfumes que ficam bem em qualquer pele. Paris Corner na loja — os outros perfumes da casa. Perfume árabe original — o que conferir ao receber o frasco.",in stock,new,279.00 BRL,,https://www.perfumearabe.com/produtos/paris-corner-voux-blue-oud/,https://dcdn-us.mitiendanube.com/stores/008/297/978/products/01-paris-corner-voux-blue-oud-1a031d0d89e82ab35d17913390710021-1024-1024.webp,Paris Corner,371611586
1610823588,Perseus Exclusif Maison Alhambra Eau de Parfum 30ml,"Resumo Cabe na bolsa e cheira a amêndoa amarga com baunilha: é o Perseus Exclusif em Eau de Parfum de 30 ml, com cardamomo e pimenta-rosa na frente. É da Maison Alhambra e foi lançado em 2023, segundo o Fragrantica. O Parfumo registra média 7,6/10 para o cheiro, em amostra pequena de 26 votos (02/10/2026). Como é o cheiro do Perseus Exclusif O contraste começa na saída. Bergamota e cardamomo trazem ar fresco e especiado, a pimenta-rosa dá um toque picante, e o heliotrópio, uma flor de cheiro doce e empoado, já anuncia a baunilha que vem depois. No coração ficam a amêndoa amarga, o jasmim, a lavanda e o gerânio. O fundo reúne âmbar, guaiaco (uma madeira de cheiro fumado e adocicado), sândalo e baunilha. O Parfumo acrescenta o oud, a madeira resinosa muito usada na perfumaria árabe; o Fragrantica lista o fundo sem oud e com âmbar-cinza no lugar do âmbar. Especificações Característica Detalhe Casa Maison Alhambra Concentração Eau de Parfum Tamanho 30 ml Gênero Masculino, segundo o Fragrantica e o Parfumo Ano de lançamento 2023 (Fragrantica) Família olfativa Amadeirado aromático (Fragrantica) Notas de topo Bergamota, heliotrópio, cardamomo, pimenta-rosa Notas de coração Amêndoa amarga, jasmim, lavanda, gerânio Notas de fundo Âmbar, guaiaco, oud, sândalo, baunilha Pirâmide conforme o Parfumo; o oud aparece só nessa fonte. Para quem e quando O Fragrantica e o Parfumo classificam o Perseus Exclusif como masculino. Na prática, serve a quem gosta de baunilha com amêndoa e aprecia um fio de especiaria na abertura. Sugestão nossa: com baunilha e amêndoa no centro, ele fica mais à vontade em tempo fresco ou à noite; no calor úmido, uma aplicação leve evita que o doce enjoe. O frasco de 30 ml cabe na bolsa. O Exclusif de 30 ml resolve a vontade de amêndoa e baunilha na bolsa. Fixação e projeção Com 24 votos no Parfumo, a fixação marca 7,2/10 e a projeção, 7,0/10 (02/10/2026). A amostra é pequena e as peles são variadas, então vale como tendência. Perguntas frequentes Qual a diferença entre o Perseus Exclusif e o Perseus? São perfumes distintos da Maison Alhambra. O Perseus , de 2022, abre com heliotrópio, cominho e bergamota. O Exclusif, de 2023, troca o cominho por cardamomo e pimenta-rosa, acrescenta gerânio ao coração e leva guaiaco no fundo. O Perseus Exclusif de 30 ml é igual ao de 100 ml? O Fragrantica e o Parfumo registram uma entrada só para o Perseus Exclusif, sem separar 30 ml de 100 ml. O nome e a pirâmide publicados são os mesmos, e o que muda no anúncio é o tamanho do frasco: este tem 30 ml. O Perseus Exclusif tem oud? Depende da fonte. O Parfumo lista oud no fundo, ao lado de âmbar, guaiaco, sândalo e baunilha. O Fragrantica traz o fundo com baunilha, guaiaco, sândalo e âmbar-cinza, sem oud. Por isso a gente cita o oud como nota do Parfumo, não como certeza. Veja também Perfume árabe masculino — mais perfumes para homem, reunidos por estilo. Maison Alhambra — os perfumes da casa que a loja tem.",in stock,new,68.90 BRL,,https://www.perfumearabe.com/produtos/maison-alhambra-perseus-exclusif-30ml/,https://dcdn-us.mitiendanube.com/stores/008/297/978/products/01-maison-alhambra-perseus-exclusif-30ml-2251542eb8708375ca17911921927831-1024-1024.png,Maison Alhambra,371611778
1610839268,"Kit Fakhar Black Lattafa Masculino: 100ml, 12ml e Shower Gel","Resumo Maçã, gengibre e lavanda, no frasco preto da Lattafa: o kit Fakhar Black traz o Eau de Parfum de 100 ml, um travel de 12 ml e um shower gel de 100 ml numa caixa só, para o homem que prefere um perfume fresco e seco a um doce. Serve de presente pronto ou de reserva para a mochila. O Fragrantica dá ao Fakhar Black 4,20 de 5 (04/10/2026). Como é o cheiro Fruta mordida, tempero e erva de jardim dividem a mesma pirâmide, e o Fakhar Black demora um instante para mostrar de que lado está. A maçã e a bergamota chegam primeiro, com o gengibre segurando a fruta para ela não ficar açucarada. No coração, lavanda, sálvia, zimbro e gerânio trazem um verde aromático, mais próximo de barbearia do que de sobremesa. A fava tonka, uma semente de aroma entre baunilha e amêndoa, aparece no fundo junto com cedro, amberwood e vetiver: madeira seca, com um fio de doçura por cima. A Lattafa publica mais de uma lista de notas sob o nome Fakhar; a desta página é a do Fakhar Black. Especificações Campo Detalhe Marca Lattafa Nome do kit Fakhar 3 pcs Gift Set Perfume Fakhar Black (também chamado Fakhar Man) Gênero Masculino Concentração Eau de Parfum Peças Eau de Parfum 100 ml, travel 12 ml, shower gel 100 ml Topo (notas do Fakhar Black) Maçã, Bergamota, Gengibre Coração (notas do Fakhar Black) Lavanda, Sálvia, Zimbro, Gerânio Fundo (notas do Fakhar Black) Fava tonka, Cedro, Amberwood, Vetiver O que vem no kit Fakhar Black Eau de Parfum Fakhar Black de 100 ml , o frasco principal. Travel de 12 ml , o mesmo Eau de Parfum em formato de bolso. Shower gel Fakhar de 100 ml , para o banho. Para quem e quando O kit é para quem quer o Fakhar Black em dois lugares: o 100 ml na prateleira do banheiro e o de 12 ml na mochila ou na mala de fim de semana. Como presente, a caixa já vai completa. Sugestão nossa: por ser fresco e verde, o perfume se dá bem em dia de sol e de ar-condicionado, no trabalho e no fim de tarde, e o travel resolve o retoque fora de casa. O gel fica por conta do chuveiro; o cheiro dele não é descrito pela casa, então trate-o como complemento do ritual, não como o perfume em outro formato. Perguntas frequentes O Fakhar Black funciona no escritório? Funciona bem. Lavanda, sálvia e gerânio dão um perfil limpo e aromático, sem doçura pesada logo de cara, o que combina com ambiente fechado. Uma ou duas borrifadas são um bom ponto de partida, ajustando ao seu gosto e ao clima do dia. A maçã deixa o Fakhar Black doce? Não no começo. O gengibre e as ervas do coração cortam a fruta, e a doçura só se insinua no fim, pela fava tonka e pelo amberwood, num fundo de madeira. Procurei Fakhar Man e achei Fakhar Black: é o kit certo? É. Fakhar Black é o nome de registro do perfume masculino de frasco preto; Fakhar Man, Fakhar Men e Fakhar Preto são como o varejo o chama. Para o frasco sem o travel e o gel, veja o Fakhar Black avulso . O Fakhar Black é o mesmo Fakhar Lattafa de 2015? Não, são perfumes diferentes. O Fakhar Lattafa de 2015 abre com pêssego e pera; o Fakhar Black é o masculino da maçã e do gengibre.",in stock,new,384.00 BRL,,https://www.perfumearabe.com/produtos/kit-lattafa-fakhar-man/,https://dcdn-us.mitiendanube.com/stores/008/297/978/products/01-kit-lattafa-fakhar-man-a648bd078c00ae1c3617911958210890-1024-1024.png,Lattafa,371616917
1610839274,Kit Badee Al Oud Collection 5x5ml Lattafa: 5 Miniaturas de Eau de Parfum,"Resumo O kit Badee Al Oud Collection 5x5ml põe cinco perfumes diferentes da Lattafa em miniaturas de 5 ml, uma para cada, de modo que a mesma caixa vai do oud com açafrão ao leite de rosas. A Lattafa classifica o kit como unissex, em Eau de Parfum. Como é o cheiro Aqui não existe um cheiro só, e a própria casa avisa que as notas variam de uma miniatura para outra. O fio que liga as cinco é a baunilha, presente no fundo de quatro delas: Noble Blush, Sublime, Amethyst e Honor & Glory. O que muda é o caminho até lá: rosa e amêndoa no Noble Blush, fruta e flor no Sublime, especiarias no Oud for Glory, rosas com oud no Amethyst e sobremesa com canela no Honor & Glory. Especificações Campo Detalhe Marca Lattafa Nome do kit Badee Al Oud Collection 5 x 5ml EDP Gênero Unissex (Lattafa USA) Concentração Eau de Parfum Quantidade 5 miniaturas Volume por miniatura 5 ml Peças Noble Blush, Sublime, Oud for Glory, Amethyst, Honor & Glory O que vem no kit As cinco miniaturas, com família e notas segundo a Lattafa e o Fragrantica de cada perfume: Noble Blush (2024, feminino na Lattafa USA), floral frutal gourmand: leite de rosas no topo, merengue e amêndoa no coração, baunilha, sândalo e almíscar no fundo. Sublime (2023), amadeirado aromático: maçã, lichia e rosa na abertura, ameixa e jasmim no meio, musgo, baunilha e patchouli embaixo. Oud for Glory (2020), âmbar amadeirado: açafrão, noz-moscada e lavanda por cima, oud e patchouli no centro, almíscar no fim. Amethyst (2021), oriental baunilhado: pimenta-rosa e bergamota, depois rosa turca, rosa búlgara e jasmim, com oud, âmbar e baunilha no fundo. Honor & Glory (2023), gourmand especiado: abacaxi e crème brûlée, canela, cúrcuma, pimenta-preta e benjoim, e um fundo de baunilha, sândalo, cashmeran e musgo. Para quem e quando O formato de cinco miniaturas serve a quem ainda não escolheu qual Badee Al Oud levar em tamanho grande, e a quem gosta de revezar. Sugestão nossa para o clima do Brasil: nas semanas mais quentes, o Sublime, com maçã e lichia na abertura, é o ponto de partida mais leve em notas; o Oud for Glory e o Amethyst, com oud, pedem noites mais frescas. Cada frasco cabe numa bolsa pequena, e a caixa com os cinco já funciona como presente para quem curte testar. Compre o kit e descubra qual deles merece um frasco maior. Perguntas frequentes Qual a diferença entre o kit Badee Al Oud de 5x5 ml e o de 4x25 ml? Mudam o tamanho e a escalação. O kit de 4x25 ml tem quatro frascos maiores, de 25 ml, e fica sem o Amethyst. Este tem cinco miniaturas de 5 ml, com Sublime, Noble Blush, Honor & Glory, Oud for Glory e o Amethyst. Por qual miniatura do Badee Al Oud começar? Sugestão nossa, pelas notas: quem gosta de floral com amêndoa começa pelo Noble Blush; quem prefere fruta com flor, pelo Sublime; quem quer especiaria e oud clássico, pelo Oud for Glory. O Amethyst é a escolha para rosa com oud, e o Honor & Glory, para abacaxi com canela e baunilha. As cinco miniaturas têm o mesmo cheiro? Não. São cinco perfumes distintos, cada um com pirâmide própria, e a Lattafa avisa na página do kit que as notas variam de uma peça para outra. O que repete é a baunilha no fundo de quatro delas. Veja também Kits de perfume árabe — outras caixas com mais de um item. Lattafa na loja — os outros perfumes da casa.",in stock,new,159.90 BRL,,https://www.perfumearabe.com/produtos/kit-lattafa-badee-al-oud-collection-5x5ml/,https://dcdn-us.mitiendanube.com/stores/008/297/978/products/01-kit-lattafa-badee-al-oud-collection-5x5ml-5f8e9b0e5ecfb0791d17913387323281-1024-1024.webp,Lattafa,371616924
1610839286,Club de Nuit Intense Fuego Armaf 105ml,"Resumo Maracujá com oud? É a aposta do Club de Nuit Intense Fuego, pela pirâmide do Fragrantica. É um lançamento de 2026 da Armaf, em frasco de 105 ml. Como é o cheiro do Club de Nuit Intense Fuego O que chama atenção é a fruta tropical em cima de um fundo escuro. Maracujá, manga e cítricos abrem a mistura, e a pimenta-preta e o açafrão, uma especiaria agridoce de cheiro quase de couro, já preparam a virada. No meio ficam a rosa, outras flores e notas especiadas. Leitura nossa: os cítricos fazem a ponte entre a fruta tropical e a pimenta-preta, e a rosa suaviza a especiaria antes de o couro assumir. Lá embaixo a fruta sai de cena e entram couro, oud (a madeira resinosa muito usada na perfumaria árabe), âmbar, baunilha e notas amadeiradas. Essa pirâmide vem de uma fonte só, o Fragrantica, que o classifica como oriental floral. Especificações Característica Detalhe Casa Armaf Tamanho 105 ml Gênero Para mulheres e homens, segundo o Fragrantica Ano de lançamento 2026 (Fragrantica) Família olfativa Oriental floral (Fragrantica) Notas de topo Maracujá, cítricos, manga, pimenta-preta, açafrão Notas de coração Flores, rosa, notas especiadas Notas de fundo Couro, oud, âmbar, baunilha, notas amadeiradas O Fragrantica registra o nome como Club de Nuit Intenso Fuego, e lojas brasileiras também usam ""Intenso"". No frasco, o nome aparece como ""Intenso Fuego"". Para quem e quando É para quem gosta da pegada escura do couro e do oud, mas quer a fruta tropical na frente, e o Fragrantica o indica para mulheres e homens. Sugestão nossa: couro, oud e baunilha pedem noite ou tempo fresco; no calor do Brasil, o maracujá e a manga da saída abrem caminho, mas o fundo escuro pede mão leve. O Fuego fica com quem prefere fruta tropical sobre um fundo de couro e oud. Perguntas frequentes Club de Nuit Intense Fuego ou Intense Man: qual a diferença? São perfumes diferentes da Armaf. O Intense Man , de 2015, abre com limão, abacaxi, bergamota, cassis e maçã e fecha em almíscar, âmbar-cinza, patchouli e baunilha. O Fuego, de 2026, abre com maracujá, manga e açafrão e fecha em couro e oud. Rosa e baunilha são as notas que aparecem pelo mesmo nome nos dois. Fuego ou Intenso Fuego: o nome muda o perfume? Pelo que o Fragrantica e as lojas brasileiras mostram, é o mesmo perfume de 105 ml. ""Intense"" é a grafia em inglês e ""Intenso"", a do registro do Fragrantica; vale conferir o nome completo no anúncio para não confundir com os outros Club de Nuit. O Club de Nuit Intense Fuego tem oud e couro? Sim, no fundo, segundo o Fragrantica, ao lado de âmbar, baunilha e notas amadeiradas. A fruta fica na abertura, com maracujá e manga, e o oud e o couro só aparecem depois dela. Veja também Armaf na loja — os perfumes da casa que a loja tem. Perfume oud — mais perfumes com oud no fundo.",in stock,new,714.90 BRL,,https://www.perfumearabe.com/produtos/armaf-club-de-nuit-intense-fuego/,https://dcdn-us.mitiendanube.com/stores/008/297/978/products/01-armaf-club-de-nuit-intense-fuego-antiga-3ae6a88e5e20ae593617914713739158-1024-1024.webp,Armaf,371616929
1611298801,Opulent Dubai Lattafa Eau de Parfum Unissex 100ml,"Resumo ★ 4,34 no Fragrantica · 2,9 mil votos Mais votado para o dia e os dias quentes. Fixação 7,5/10 · Projeção 7,4/10 · 79% dia · verão e primavera O Opulent Dubai Lattafa abre com manga brigando com limão, toranja e gengibre e só depois se aquieta num fundo de âmbar-cinza, musgo de carvalho e benjoim. É um unissex em Eau de Parfum de 100 ml, lançado em 2025. Como é o cheiro do Opulent Dubai Lattafa A manga não chega sozinha. Ela vem espremida entre o limão e a toranja, dois cítricos de casca amarga, e o gengibre põe um calor seco por baixo, de modo que a fruta soa mais viva do que doce. No meio entram o jasmim, flor branca de cheiro cremoso e quente, e a violeta, de ar empoado e verde. O cedro segura os dois como uma moldura de madeira clara. O fim é de pele ao sol: o âmbar-cinza (ambergris) é um acorde que mistura maresia e calor de corpo, o musgo de carvalho traz o verde úmido da floresta e o benjoim, uma resina de cheiro balsâmico e doce, arredonda tudo. As notas amadeiradas fazem o chão. Especificações Campo Detalhe Casa Lattafa Concentração Eau de Parfum Gênero Unissex Família olfativa Oriental Floral Ano de lançamento 2025 Tamanho 100 ml Topo Limão, Gengibre, Toranja (grapefruit), Manga Coração Jasmim, Violeta, Cedro Fundo Âmbar cinza (ambergris), Notas amadeiradas, Musgo de carvalho, Benjoim Para quem e quando É para quem gosta de fruta no perfume, mas quer um fim mais adulto do que um suco: manga na saída, âmbar e musgo pelo resto do dia. Não pede ocasião marcada, entra bem do trabalho ao jantar. Sugestão nossa para o Brasil: a saída cítrica e a manga pedem dia quente, de almoço na rua a fim de tarde, e o fundo de âmbar e benjoim sustenta a noite sem pesar. Quem usa costuma avaliar bem a presença dele; a pele decide o resto. A manga abre a conversa e o âmbar-cinza é quem a termina. Perguntas frequentes O Opulent Dubai é doce demais? A doçura está lá, mas contida: a manga e o benjoim adoçam, e o limão, a toranja e o gengibre mantêm a saída viva, enquanto o âmbar-cinza e o musgo de carvalho secam o fim. Quem foge de doce de sobremesa tende a se dar bem com ele; quem quer baunilha cremosa vai achar pouco, porque não há baunilha na pirâmide. O Opulent Dubai é o mesmo perfume da Opulent Collection, do Opulent Musk e do Opulent Oud? Não. Opulent é uma linha da Lattafa e cada nome é um perfume diferente; este é o Opulent Dubai, Eau de Parfum de 100 ml. A Opulent Collection, em 25 ml, o Opulent Musk e o Opulent Oud têm página própria na casa, então não dá para misturar as notas de um com as do outro. O Opulent Dubai lembra o God of Fire, da Stéphane Humbert Lucas 777? Teve quem o descrevesse como uma versão mais fresca do God of Fire, e a frente cítrica explica a impressão: limão, toranja e gengibre seguram a manga antes de o jasmim, a violeta e o fim de âmbar-cinza e musgo de carvalho assumirem. O Opulent Dubai funciona no calor do Brasil? Funciona, e é onde ele faz mais sentido (sugestão nossa): limão, toranja e gengibre refrescam a saída e a manga dá o ar de fruta gelada. Em dia muito quente, vá com calma na quantidade, porque o fundo de âmbar-cinza e benjoim é a parte mais quente da pirâmide. Veja também Perfume árabe — a loja completa. Perfume árabe unissex — outras opções para homem e mulher. Perfume árabe fresco — outros cítricos e frutados para o calor. Lattafa na loja — os outros perfumes da casa.",in stock,new,187.00 BRL,,https://www.perfumearabe.com/produtos/lattafa-opulent-dubai/,https://dcdn-us.mitiendanube.com/stores/008/297/978/products/01-lattafa-opulent-dubai-a97a9eab6fa39bb9f617911400423634-1024-1024.png,Lattafa,371752513
1611298962,Azzure Aoud French Avenue Eau de Parfum Masculino 100ml,"Resumo ★ 3,74 no Fragrantica · 1,8 mil votos Mais votado para a noite e os dias frios. 66% noite · inverno e outono O Azzure Aoud French Avenue junta duas ideias que brigam: maracujá e açafrão na frente, oud e couro atrás. É um amadeirado masculino da French Avenue, marca da Fragrance World, em Eau de Parfum de 100 ml, lançado em 2024. É um perfume de gosto dividido. Como é o cheiro do Azzure Aoud French Avenue A abertura é a parte que mais divide. O maracujá e as notas frutadas chegam ácidos, a rosa turca e o açafrão acrescentam um lado de flor com especiaria seca, e há quem sinta nesse começo um toque de borracha quente antes de a fruta se assentar. O oud, a madeira resinosa de cheiro escuro e animal, entra no coração com a folha de patchouli da Indonésia, que é terrosa e levemente úmida, e com o benjoim, uma resina de doçura macia. É nessa parte que a fruta deixa de ser o assunto. O fundo é de couro, akigalawood, âmbar, láudano e baunilha. O akigalawood é uma madeira de laboratório, seca e levemente especiada; o láudano, uma resina escura que reforça o couro; e a baunilha chega por último, só para arredondar. Especificações Campo Detalhe Casa French Avenue Concentração Eau de Parfum Gênero Masculino Família olfativa Amadeirado Ano de lançamento 2024 Tamanho 100 ml Notas de topo Maracujá, notas frutadas, rosa turca, açafrão Notas de coração Oud (agarwood), folha de patchouli da Indonésia, benjoim Notas de fundo Couro, akigalawood, âmbar, láudano, baunilha Para quem é o Azzure Aoud e quando usar É um perfume para quem já gosta de oud e quer ver a fruta ácida junto dele, não para quem procura o cheiro limpo e consensual. A French Avenue o descreve com intensidade forte, e é comum ouvir que ele fica bastante tempo na pele, ainda que alguns o achem discreto; pele e clima decidem. No calor úmido do Brasil, o couro e a baunilha pesam, e o perfume fica melhor à noite, em ambiente com ar-condicionado ou em dia frio. Se você nunca usou oud junto de fruta ácida, essa mistura merece um segundo pensamento antes da compra. Para quem quer um oud masculino com abertura de fruta, que fuja do óbvio de madeira e especiaria, o Azzure Aoud é o que esta página oferece. Perguntas frequentes Azzure Aoud ou Azzure Oud: qual é o nome certo? É o mesmo perfume. A casa escreve ""Aoud"" e muitos sites escrevem ""Oud"". Quanto à marca, French Avenue é a linha jovem de perfumes da Fragrance World, então os dois nomes aparecem em cadastros de lojas para o mesmo frasco. O Azzure Aoud lembra o Oud Maracujá, da Maison Crivelli? Muita gente o compara ao Oud Maracujá pela mesma ideia de fruta de maracujá sobre oud. Quem compara costuma notar diferença: há quem sinta mais couro e menos oud no Azzure Aoud. É uma referência de cheiro para quem conhece o outro, não uma afirmação de que sejam o mesmo perfume. Dá para comprar o Azzure Aoud sem ter cheirado antes? Dá, mas com atenção: a abertura divide opiniões. Se você gosta de oud e de fruta ácida, ele tende a surpreender bem; se prefere perfume limpo e fácil, o começo de maracujá com açafrão pode estranhar. Veja também Perfume árabe — a loja completa. Perfume árabe masculino — mais perfumes masculinos. Perfume com oud — outras maneiras de usar a madeira. Perfume árabe amadeirado — madeiras e couros. French Avenue na loja — outros perfumes da casa.",in stock,new,297.00 BRL,,https://www.perfumearabe.com/produtos/french-avenue-azzure-oud/,https://dcdn-us.mitiendanube.com/stores/008/297/978/products/01-french-avenue-azzure-oud-061a1bc0b8144074ad17913386951529-1024-1024.webp,French Avenue,371752573
1611299314,Hawas Tropical Rasasi Eau de Parfum 100ml,"Resumo ★ 4,29 no Fragrantica · 2,0 mil votos Mais votado para o dia e os dias quentes. Fixação 8,0/10 · Projeção 7,8/10 · 77% dia · verão e primavera O Hawas Tropical faz do coco o centro do perfume: água de coco na abertura, coco inteiro no coração, e figo e hortelã para o doce não pesar. É um aromático verde da Rasasi, de 2025, em Eau de Parfum de 100 ml, e muita gente o compara ao Le Beau Paradise Garden, da Jean Paul Gaultier. O Fragrantica registra 4,29 de 5 em quase 2 mil votos (03/10/2026). Como é o cheiro do Hawas Tropical Nos primeiros minutos vem a água de coco, leve, com a folha de figo trazendo um verde de caule cortado e o gengibre dando uma picada que impede o coco de ficar só doce. Com o passar da primeira hora o coco ganha corpo e deixa de ser água: vira polpa, com o figo maduro ao lado e a hortelã abrindo um corredor de frescor. No fim, o sândalo (uma madeira cremosa e macia), a fava tonka (semente de cheiro entre baunilha e amêndoa) e o almíscar deixam a pele com um doce leitoso e limpo. Lembra algum perfume famoso? O nome que mais aparece é o Le Beau Paradise Garden, da Jean Paul Gaultier: os dois partem de coco com figo e verde fresco. Entre quem já cheirou os dois, muitos acham a semelhança grande, alguns notam o Tropical mais coco e mais mentolado, e uma minoria não vê parecido nenhum. Serve de ponto de partida para imaginar o cheiro; o quanto os dois se parecem, só o seu nariz confirma. Especificações Campo Detalhe Casa Rasasi Concentração Eau de Parfum Gênero Sem classificação da casa; costuma ser lido como masculino Família olfativa Aromático verde Ano de lançamento 2025 Tamanho 100 ml Topo Água de coco, Folha de figo, Gengibre Coração Coco, Figo, Hortelã Fundo Sândalo, Fava tonka, Almíscar Para quem e quando É um perfume de dia quente: o verão e a primavera lideram de longe, o dia é mais citado que a noite e o inverno aparece pouco. Combina com praia, piscina, churrasco de domingo, saída do banho e viagem de roupa leve. Em tarde abafada de Brasil, a hortelã e a água de coco ajudam, mas o coco tem corpo, e a sugestão nossa é começar com poucas borrifadas e só aumentar se a pele pedir. Fixação e projeção A fixação costuma ser boa e o rastro é daqueles que as pessoas ao redor percebem, sobretudo nas primeiras horas; em tecido, ele tende a ficar. Há quem sinta forte demais e quem o ache mais discreto, porque pele e clima mudam tudo. Para o dia de calor em que você quer chegar com cheiro de coco gelado e folha verde, o Tropical já vem pronto. Perguntas frequentes Quem já tem o Le Beau Paradise Garden precisa do Hawas Tropical? Depende do que você ama no Gaultier. Se é o coco com figo, o Tropical entrega essa ideia por um caminho mais verde e mais mentolado, e há quem o prefira justamente por isso; se é a textura exata do original, uns sentem diferença. Para quem ainda não tem nenhum dos dois, o Tropical é um bom ponto de entrada nesse estilo. O Hawas Tropical enjoa? Pode enjoar em quem não gosta de coco ou exagera na dose: vários relatos pedem cuidado com a dose porque o coco enjoa. A hortelã e o gengibre seguram a doçura, e quem gosta de coco tende a se dar bem com ele. Hawas Tropical ou Habibi Prince: qual escolher? Os dois têm coco e figo, mas o Habibi Prince , da Bidaya, tempera esse par com bergamota, canela, pimenta-preta e vetiver, e entra mais para o lado especiado e amadeirado. O Tropical fica no coco, no figo e na hortelã, com só a picada do gengibre. Para coco com tempero, o Prince; para coco verde e cremoso, o Tropical. O Hawas Tropical é parecido com o Hawas Malibu? São lançamentos de 2025 da mesma linha e pedem o mesmo clima de calor, mas cheiram diferente. O Malibu abre com abacaxi, laranja e toranja e termina em fava tonka e almíscar empoado; o Tropical é coco, figo e hortelã sobre sândalo. Fruta cítrica e pó de um lado, coco e verde do outro. Veja também Perfume árabe fresco — outros frescos e verdes para o calor. Rasasi na loja — os outros perfumes da casa, como o Hawas Malibu , de abacaxi e toranja. Perfume árabe masculino — mais perfumes para homem, reunidos por estilo. Perfume árabe original — o que conferir ao receber o frasco.",in stock,new,315.00 BRL,,https://www.perfumearabe.com/produtos/rasasi-hawas-tropical/,https://dcdn-us.mitiendanube.com/stores/008/297/978/products/01-rasasi-hawas-tropical-79170f6b623fe3594817913391247938-1024-1024.webp,Rasasi,371752700
1611447995,Khamrah Waha Lattafa Eau de Parfum Unissex 100ml,"Resumo ★ 3,84 no Fragrantica · 1,5 mil votos Mais votado para o dia e os dias quentes. Fixação 7,4/10 · Projeção 7,1/10 · 70% dia · verão e primavera O Khamrah Waha pega a assinatura funda e viciante da linha Khamrah e abre uma janela: bergamota, yuzu e pepino na saída, sal marinho no meio, baunilha e fava tonka esperando no fim. É o Khamrah de líquido e caixa azuis: o perfume Khamrah Waha da Lattafa, unissex, em Eau de Parfum de 100 ml, lançamento de 2026. É o quarto capítulo da linha, depois do Khamrah, do Qahwa e do Dukhan, e o que põe o frescor na frente para acordar quem usa. Como é o cheiro do Khamrah Waha Nas notas do Khamrah Waha, a saída é cítrica e cortante. A bergamota e o yuzu, um cítrico japonês de acidez mais perfumada que a do limão, vêm com zimbro, a baga resinosa que lembra gim, e um fio de gengibre que dá calor por trás da frescura. No meio, o frescor muda de natureza. O pepino, que a Lattafa traz como extrato natural do suco, e o acorde de sal marinho (acorde é a impressão de um cheiro, montada com vários ingredientes) dão aquela sensação de pele depois do mar. Íris, uma flor de ar atalcado, e sálvia, uma erva seca e limpa, amarram o conjunto. O fundo é onde você reconhece a família. Baunilha e fava tonka trazem a doçura cremosa, o almíscar deixa a pele macia, e dois ingredientes de laboratório fecham a base: o Akigalawood™, uma madeira picante com ar de patchouli, e o Ambrofix™, um âmbar seco e mineral. A saída cítrica costuma passar depressa; o que fica na pele é esse doce limpo. Especificações Campo Detalhe Casa Lattafa Linha Khamrah Concentração Eau de Parfum Gênero Unissex Família olfativa Aromático Aquático Ano de lançamento 2026 Tamanho 100 ml Perfumista Jordi Fernández Topo Bergamota, Zimbro, Yuzu, Gengibre Coração Íris, Pepino, Sálvia, Acorde de sal marinho Fundo Akigalawood™, Fava tonka, Baunilha, Almíscar, Ambrofix™ Para quem e quando É para quem quer cheiro de banho tomado com um rastro doce atrás: o frescor abre caminho, a baunilha segura o resto, e a mistura dá confiança de quem acabou de sair de casa pronto. Unissex na etiqueta, e muita gente sente que ele puxa para o lado masculino. Sugestão nossa para o Brasil: o pepino, o sal marinho e os cítricos pedem calor, então ele combina com o dia a dia quente, o escritório, o fim de tarde e a viagem de praia. À noite, a baunilha ganha espaço e o perfume fica mais aconchegante. A fixação e a projeção tendem a ficar num nível bom, com variação de pele e de clima. Se você gosta do universo Khamrah, mas queria um que não pesasse no verão, este é o frasco. Perguntas frequentes Qual a diferença entre o Khamrah Waha e o primeiro Khamrah? São perfumes diferentes, cada um com pirâmide própria. O Khamrah abre a linha em 2022; o Waha chega em 2026 com bergamota, yuzu, pepino e sal marinho, e a Lattafa o apresenta como a assinatura do Khamrah reimaginada, profunda e viciante, porém fresca e energizante. Tem quem encontre no fundo dele um parentesco com o Khamrah, só que mais leve. O Khamrah Waha lembra o Le Beau, da Jean Paul Gaultier? Muita gente o compara ao Le Beau, de Jean Paul Gaultier, por um lado cremoso e fresco, mas a Lattafa não declara inspiração em nenhum perfume. É uma aproximação de quem usa, e o Waha tem identidade própria, com íris, sálvia e sal marinho no coração. O Khamrah Waha tem cheiro de mar e de pepino? Tem a ideia de mar: o acorde de sal marinho está no coração, ao lado do pepino. Quanto ao pepino, cada pele o revela de um jeito: tem quem sinta bem e tem quem sinta pouco. A frescura da saída, essa vem pelos cítricos. O Khamrah Waha serve para homem e para mulher? É unissex, como a Lattafa o classifica, e funciona em homem e em mulher. Quem já usou costuma dizer que ele pende um pouco para o masculino, mas isso depende do gosto de cada um. Em que ano saiu o Khamrah Waha? Em 2026, como o quarto perfume da linha Khamrah, depois do Khamrah, de 2022, do Qahwa, de 2023, e do Dukhan. Veja também Perfume árabe — a loja completa. Perfume árabe fresco — outros aquáticos e cítricos para o calor. Perfume árabe unissex — outras opções para homem e mulher. Lattafa na loja — outros lançamentos da casa, como o Khamrah Qahwa e o Khamrah Dukhan , da mesma linha.",in stock,new,398.90 BRL,,https://www.perfumearabe.com/produtos/lattafa-khamrah-waha/,https://dcdn-us.mitiendanube.com/stores/008/297/978/products/01-lattafa-khamrah-waha-ac8b2f35c4d9b0778317913858840448-1024-1024.webp,Lattafa,371805818
1611596822,Hayaati Lattafa Eau de Parfum Masculino 100ml,"Resumo ★ 4,09 no Fragrantica · 2,3 mil votos Mais votado para o dia e os dias quentes. Fixação 7,7/10 · Projeção 7,4/10 · 65% dia · primavera e verão O Hayaati Lattafa é fresco de um lado e quente do outro: maçã e bergamota na frente, canela no coração, almíscar e baunilha para fechar. É o Hayaati original, de 2020, o do frasco preto, masculino, em Eau de Parfum de 100 ml. Como é o cheiro do Hayaati Lattafa A maçã é a primeira coisa que se reconhece, e a bergamota, com o amargo fino da casca, evita que a fruta vire doce de calda. É uma entrada limpa, quase de fruta cortada na hora. A canela, em casca, ou seja, a parte seca e picante da árvore, é quem muda o clima: ela esquenta o perfume sem transformá-lo num especiado pesado, e as notas amadeiradas dão a estrutura que segura a fruta. O almíscar, macio e de pele limpa, e a baunilha chegam por último e suavizam a canela, deixando um rastro quente e discreto. Especificações Campo Detalhe Casa Lattafa Concentração Eau de Parfum Gênero Masculino Família olfativa Amadeirado aromático Ano de lançamento 2020 Tamanho 100 ml Notas de topo Maçã, bergamota Notas de coração Canela (casca), notas amadeiradas Notas de fundo Almíscar, baunilha Para quem é o Hayaati e quando usar É um masculino de uso amplo: a fruta fresca e o cítrico seguram o calor brasileiro, e a canela com a baunilha o deixam aconchegante quando a temperatura cai. Vai bem de dia, no escritório e na rua, e também sai à noite sem destoar, embora seja o dia a dia a casa dele, junto com primavera e verão. Serve a quem quer cheirar a arrumado e a bom humor sem chamar a atenção antes da hora, e a quem gosta de maçã e canela, mas não quer um doce. Como primeiro perfume árabe, o Hayaati é uma entrada tranquila: fácil de usar em qualquer semana. Perguntas frequentes Hayaati, Hayaati Al Maleky, Gold Elixir ou Florence: qual é qual? O nome Hayaati aparece em vários frascos da casa, e o desta página é o original, de 2020, de frasco preto, masculino, com maçã, bergamota, canela e baunilha. O Hayaati Al Maleky é de 2022 e de família âmbar especiada; o Hayaati Florence, de 2023, é feminino; o Gold Elixir é outro lançamento da casa. Notas de um não valem para o outro, então confira o nome completo antes de escolher. O Hayaati é doce, ou a canela o deixa mais seco? Fica no meio: a baunilha do fundo adoça de leve, e a canela, em casca, seca e picante, puxa para o outro lado. Quem manda, porém, é a fruta fresca com o cítrico, e por isso ele soa mais como um fresco aconchegante do que como um doce. O que tem na pirâmide do Hayaati, além de maçã e canela? Bergamota na abertura, notas amadeiradas ao lado da canela no coração, e almíscar e baunilha no fundo: seis notas ao todo. A pirâmide é enxuta, e a simplicidade é parte do charme, porque dá para reconhecer cada nota em vez de se perder numa mistura longa. O Hayaati é masculino mesmo, ou serve para mulher também? A Lattafa o rotula como masculino, e esse é o gênero que vale para este frasco. O texto de descrição da casa fala em homens e mulheres, o que combina com uma pirâmide de maçã, canela e baunilha, sem nada que obrigue um lado. Veja também Perfume árabe — a loja completa. Perfume árabe masculino — mais perfumes para homem. Perfume árabe amadeirado — fundos de madeira e resina. Lattafa na loja — os outros perfumes da casa.",in stock,new,234.00 BRL,,https://www.perfumearabe.com/produtos/lattafa-hayaati/,https://dcdn-us.mitiendanube.com/stores/008/297/978/products/01-lattafa-hayaati-a18d38d08a60bd31e217911921955450-1024-1024.png,Lattafa,371841188
1611597005,Queen of Arabia Lattafa Eau de Parfum Feminino 100ml,"Resumo ★ 3,99 no Fragrantica · 600 votos Votos divididos entre dia e noite. 55% dia · outono e inverno O Queen of Arabia Lattafa põe sal ao lado do coco na abertura e deixa heliotrópio e sândalo no meio, antes de baunilha e âmbar seco. É o feminino da linha Lattafa Pride, em Eau de Parfum de 100 ml. Como é o cheiro do Queen of Arabia Lattafa O sal é o contraponto do coco: sem ele, a abertura seria só cremosa e doce; com ele, ganha um ar de pele salgada, de praia. É a leitura que fazemos de uma abertura com só duas notas. No coração, o heliotrópio traz um pó doce que lembra amêndoa e baunilha, e o sândalo dá a cremosidade de madeira clara. É a parte que segura o perfume quando o coco já passou. O fundo fecha em baunilha e âmbar seco. A baunilha adoça e o âmbar seco corta a doçura com um calor resinoso, o que deixa o final mais seco do que a lista de notas faz parecer. Especificações Campo Detalhe Casa Lattafa (linha Lattafa Pride) Concentração Eau de Parfum Gênero Feminino Tamanho 100 ml Notas de topo Coco, sal Notas de coração Heliotrópio, sândalo Notas de fundo Baunilha, âmbar seco Para quem e quando É um perfume para quem quer doçura de baunilha sem abrir mão de um toque salgado, e para quem procura, na Lattafa Pride, um frasco feminino de coco e sândalo. Combina com dia de calor e com noite de temperatura amena. Sugestão nossa para o clima do Brasil: coco e sal ficam leves no calor e na umidade, mas a baunilha do fundo fica mais presente quando o dia esquenta, então uma ou duas borrifadas são suficientes. Para quem quer coco sem cara de protetor solar, o Queen of Arabia de 100 ml já está pronto para entrar na sua penteadeira. Perguntas frequentes O que o heliotrópio faz no Queen of Arabia? Ele é a ponte entre a saída e o fundo: o pó doce do heliotrópio, com seu lado de amêndoa, liga o coco à baunilha, e o sândalo dá a base cremosa por baixo. Coco e baunilha deixam o Queen of Arabia enjoativo? Há doçura, porque coco, heliotrópio e baunilha somam três notas macias. Sal, sândalo e âmbar seco puxam a mistura para um doce mais seco do que o de um perfume de sobremesa. O Queen of Arabia é compartilhável ou só feminino? A Lattafa o classifica como feminino. Nas notas não há nada que puxe só para um lado: coco, sal, sândalo e âmbar seco funcionam em qualquer pele. O perfume, o desodorante e o kit do Queen of Arabia são o mesmo produto? Não. O desodorante e o kit são produtos separados, e este é o Eau de Parfum de 100 ml. O Queen of Roses é outro perfume da Lattafa Pride, com identidade própria. Coco e sal combinam com o calor do Brasil? Combinam melhor do que uma abertura pesada: coco e sal são notas leves na saída. O ponto de atenção é a baunilha do fundo, que cresce no calor: uma ou duas aplicações resolvem. Isso é sugestão nossa, tirada das notas. Veja também Perfume árabe feminino — mais perfumes femininos. Perfume árabe de baunilha — baunilha, âmbar e fundos macios. Perfume árabe doce — baunilha, caramelo e gourmand. Perfume árabe — a loja completa.",in stock,new,789.00 BRL,,https://www.perfumearabe.com/produtos/lattafa-queen-of-arabia/,https://dcdn-us.mitiendanube.com/stores/008/297/978/products/01-lattafa-queen-of-arabia-b21d1bde3c6de1c17b17911400509646-1024-1024.png,Lattafa,371841246
1611597246,Teriaq Intense Lattafa Eau de Parfum Unissex 100ml,"Resumo ★ 4,39 no Fragrantica · 4,8 mil votos Mais votado para a noite e os dias frios. Fixação 8,4/10 · Projeção 8,1/10 · 69% noite · inverno e outono O Teriaq Intense troca o doce de caramelo e damasco do Teriaq por açafrão, canela e licor de ameixa sobre fava tonka, âmbar e benjoim. É um oriental especiado unissex da Lattafa, de 2024, em Eau de Parfum de 100 ml. Como é o cheiro do Teriaq Intense O licor de ameixa é o que dá personalidade ao conjunto: uma fruta madura, de álcool e açúcar, entre a canela e o fundo de resina. Antes dele, bergamota e açafrão abrem com brilho cítrico e uma primeira camada de especiaria. O fundo reúne fava tonka, âmbar e benjoim, três notas de doçura quente. O benjoim é uma resina de cheiro balsâmico e adocicado, que mantém o lado resinoso do Intense depois que a canela passa. Especificações Campo Detalhe Casa Lattafa Concentração Eau de Parfum Gênero Unissex Família olfativa Oriental especiado Ano de lançamento 2024 Tamanho 100 ml Notas de topo Bergamota, açafrão Notas de coração Licor de ameixa, canela Notas de fundo Fava tonka, âmbar, benjoim Para quem e quando É para quem gosta de especiaria quente com fruta escura, sem a calda de sobremesa. A bergamota deixa a entrada menos pesada, o que ajuda no calor, mas a canela e as resinas do fundo pedem mão leve em dia úmido e rendem melhor à noite ou em temperatura amena. Quem achou o Teriaq doce demais encontra aqui o lado oposto da mesma linha: nenhuma nota em comum, e um desenho mais seco e especiado. Perguntas frequentes Qual a diferença entre o Teriaq Intense e o Teriaq? Não dividem nenhuma nota. O Teriaq parte de caramelo, amêndoa amarga, damasco e pimenta-rosa, passa por mel, ruibarbo e flores brancas e termina em couro, baunilha e almíscar, um gourmand doce. O Intense vai de bergamota e açafrão para licor de ameixa e canela e fecha em fava tonka, âmbar e benjoim, bem mais especiado. Teriaq Intense é perfume de homem ou de mulher? A Lattafa o classifica como unissex, e a lista de notas, com especiaria, resina e fruta escura, não pende para um lado só. Quentin Bisch assina o Teriaq Intense? Sim: a Lattafa o apresenta como nova criação do perfumista Quentin Bisch. O Teriaq Intense é o mesmo que o kit com 12 ml e hairmist? Aqui o perfume vem sozinho, em Eau de Parfum de 100 ml. A Lattafa vende também um kit com esse frasco, um de 12 ml e um hairmist, que é outro produto. Veja também Perfume árabe unissex — perfumes para todos. Perfume árabe amadeirado — madeiras, resinas e especiarias. Lattafa na loja — os demais perfumes da casa. Perfume árabe — a loja completa.",in stock,new,286.00 BRL,,https://www.perfumearabe.com/produtos/lattafa-teriaq-intense/,https://dcdn-us.mitiendanube.com/stores/008/297/978/products/01-lattafa-teriaq-intense-ec75d1efa2ff055ea217913859096010-1024-1024.webp,Lattafa,371841326
1611597445,Asad Zanzibar Limited Edition Lattafa Eau de Parfum Masculino 100ml,"Resumo ★ 4,17 no Fragrantica · 435 votos Mais votado para o dia e os dias quentes. 74% dia · verão e primavera O Asad Zanzibar Limited Edition não é o Zanzibar de 2024 numa caixa nova: troca o coco salgado por um azul limpo, de notas marinhas e lavanda sobre sabonete, com cheiro de banho tomado e roupa lavada. É um Eau de Parfum masculino da Lattafa, de 2025, em 100 ml, e muita gente o compara ao Invictus, da Paco Rabanne. O Fragrantica registra 4,17 de 5 em mais de 400 votos (04/10/2026). Como é o cheiro do Asad Zanzibar Limited Edition A abertura junta a brisa das notas marinhas (acorde que lembra ar de beira-mar, sem areia nem sal demais), a lavanda e a pimenta-rosa. A lavanda costuma chegar forte nos primeiros segundos e depois se acomoda; a pimenta-rosa dá só uma coceirinha fresca. O coração é o que dá o jeito do perfume: o sabonete, que lembra espuma de barbear e toalha limpa, e o cashmeran, uma madeira macia e sintética que deixa tudo mais aveludado. A canela aparece pouco, e há quem nem a perceba. No fim, âmbar, sândalo, cedro e fava tonka (semente de cheiro entre baunilha e amêndoa) esquentam o azul sem torná-lo pesado. Fica um empoado leve e limpo na pele, de quem acabou de se vestir. Lembra algum perfume famoso? O nome que mais aparece é o Invictus, da Paco Rabanne, e também o Hawas Ice, da Rasasi: o mesmo azul aquático de recém-saído do banho. Há quem o ache mais lavanda e um pouco mais fundo que o Invictus, e uma parte de quem o usa discorda da comparação e vê nele cheiro próprio. Serve para imaginar o rumo do cheiro; o quanto os dois se parecem, só a pele de cada um diz. Especificações Campo Detalhe Casa Lattafa Concentração Eau de Parfum Gênero Masculino Família olfativa Oriental especiado Ano de lançamento 2025 Tamanho 100 ml Topo Notas marinhas, Lavanda, Pimenta-rosa Coração Sabonete, Cashmeran, Canela Fundo Âmbar, Sândalo, Cedro, Fava tonka Para quem e quando É perfume de estação quente: primavera e verão lideram, o inverno fica bem atrás, e os usos citados são mais de dia do que de noite. Vai bem na academia, no escritório, no fim de semana de camisa limpa e na saída do banho. Sugestão nossa para o calor úmido: o marinho e a lavanda refrescam, e o âmbar do fundo só ganha espaço depois de algumas horas, quando o corpo já esfriou. Quem prefere o fresco com mais tempero encontra a canela, mas ela é discreta. Fixação e projeção A fixação costuma ser de moderada a boa, e o rastro é mais forte nas primeiras horas, quando quem passa por você percebe; depois ele vira cheiro de pele. Na roupa ele costuma ficar por mais tempo do que na pele. Pele e clima mudam isso de pessoa para pessoa. Para quem quer um azul de roupa lavada, com lavanda e sem coco no caminho, o Limited Edition vai direto ao ponto. Perguntas frequentes O Asad Zanzibar Limited Edition é o mesmo perfume que o Asad Zanzibar? Não, apesar de dividirem o nome. O Asad Zanzibar , de 2024, tem água de coco salgada, íris e incenso; o Limited Edition, de 2025, é marinho, lavanda e sabonete. Ao procurar opinião sobre um deles, veja se ela fala do frasco certo: as avaliações descrevem cheiros diferentes. O Asad Zanzibar Limited Edition cheira a sabonete? Cheira, e é o traço que mais se repete em quem o usa: a nota de sabonete no coração se junta à lavanda e ao marinho e dá aquele cheiro de roupa lavada e pele limpa. Quem não gosta de perfume com cara de banho pode achar demais; quem gosta costuma descrevê-lo como limpo e fácil de usar. O coco do Zanzibar de 2024 aparece no Limited Edition? Não: pela pirâmide, não há coco em nenhuma das camadas, só notas marinhas, lavanda, sabonete, âmbar e madeiras. Se é o coco salgado do Zanzibar de 2024 que você procura, o frasco é o outro; este vai para o azul limpo. A canela e o cashmeran do Asad Zanzibar Limited Edition dão para sentir? Pouco. Os dois estão no coração, mas ficam por trás do sabonete e da lavanda: a canela aparece como um calor discreto, e o cashmeran como maciez, e muita gente diz não distinguir nenhum dos dois. Se você procura especiaria forte, este não é o perfume; se quer uma pitada de calor no azul, ela está ali. O Asad Zanzibar Limited Edition vai bem no calor do Brasil? Costuma ir: o verão e a primavera são as estações mais lembradas e o marinho com lavanda pede o tempo quente. Como o começo projeta forte, vale começar com poucas borrifadas num dia abafado e deixar o âmbar do fim aparecer sozinho. Veja também Perfume árabe fresco — outros frescos e aquáticos para o calor. Lattafa na loja — os outros perfumes da casa. Hawas Ice Rasasi — outro azul gelado e aquático, de outra casa. Perfume árabe masculino — mais perfumes para homem, reunidos por estilo. Perfume árabe original — o que conferir ao receber o frasco.",in stock,new,284.00 BRL,,https://www.perfumearabe.com/produtos/lattafa-asad-zanzibar-limited-edition/,https://dcdn-us.mitiendanube.com/stores/008/297/978/products/01-lattafa-asad-zanzibar-limited-edition-dbfdfc78b0106ad4f617913858584960-1024-1024.webp,Lattafa,371841400
1611604797,Maktub La Vie Bidaya Eau de Parfum Unissex 100ml,"Resumo ★ 4,30 no Fragrantica · 114 votos Mais votado para o dia e os dias quentes. 70% dia · verão e primavera O Maktub La Vie abre com manga, frutas tropicais e limão-siciliano e, em vez de ficar na fruta, segue para gengibre e noz-moscada antes de assentar em âmbar e cedro. Unissex, da Bidaya, saiu em 2025 e vem em Eau de Parfum de 100 ml. Como é o cheiro do Maktub La Vie: fruta na frente, especiaria no meio A entrada parece uma salada de fruta com a acidez em dia: manga e frutas tropicais de um lado, limão-siciliano e toranja do outro, e a cássia, parente da canela, aquecendo por trás sem aparecer demais. Quando a fruta baixa, o gengibre e a noz-moscada tomam o meio com um picante seco, e a íris, de cheiro empoado e frio, entra para tirar o doce do caminho. Há também as notas gourmand, as que lembram comida e confeitaria, em dose pequena no meio da pirâmide. O fim fica com almíscar, cedro e âmbar. O almíscar é a nota macia, de pele limpa; o cedro seca a mistura; o âmbar, uma resina quente de fundo adocicado, dá nome à família olfativa, que a casa descreve como âmbar, cítrica e especiada. O perfume começa com cara de verão e termina com cara de inverno, e é essa distância entre a primeira e a última nota que o torna interessante. Especificações Campo Detalhe Casa Bidaya Concentração Eau de Parfum Gênero Unissex Família olfativa Âmbar – Cítrico – Especiado Ano de lançamento 2025 Tamanho 100 ml Notas de topo Manga, frutas tropicais, limão-siciliano, toranja, cássia Notas de coração Gengibre, noz-moscada, íris, notas gourmand Notas de fundo Almíscar, cedro, âmbar Para quem e quando usar o Maktub La Vie É uma boa porta de entrada para quem quer sair do cítrico de sempre sem pular direto para o doce pesado: a toranja e a fruta mantêm a abertura viva, e o âmbar fica no fim sem tomar a frente. Sugestão nossa para o Brasil: como o começo é frutado e cítrico, ele combina com manhã e tarde de calor; à noite, o gengibre, a noz-moscada e o âmbar dão corpo para o frio leve do Sul e do Sudeste. Em calor úmido de verão, vá com mão leve, porque a fruta ganha espaço. Quem quer sair do cítrico de sempre sem abrir mão de fruta e de especiaria tem aqui uma troca que vale o teste. Perguntas frequentes Maktub La Vie ou Vulcan Feu: qual dos dois é mais cítrico? O Maktub La Vie. Os dois têm manga e gengibre, mas em lugares diferentes: no Vulcan Feu , da French Avenue, ambos ficam na saída, ao lado de limão e ruibarbo; no Maktub, a manga abre com toranja e limão-siciliano, e o gengibre fica no coração, com noz-moscada e íris. O fundo também muda: cedro e âmbar no Maktub; âmbar-cinza, fava tonka, cedro e musgo no Vulcan, que ainda traz praliné, jasmim e violeta no meio, num doce de sobremesa. Fruta com acidez, Maktub; fruta com confeitaria, Vulcan. De onde vem a Bidaya, casa do Maktub La Vie? De Dubai. A Bidaya é uma casa de perfumaria fundada em 2025, e o Maktub La Vie nasceu no mesmo ano em que ela abriu. O nome completo que você encontra nas buscas é Bidaya Maktub La Vie, Eau de Parfum de 100 ml. O Maktub La Vie lembra algum perfume famoso? A Bidaya não indica nenhum perfume de referência para ele, e por isso não vamos apontar um nome. O que ele tem de próprio está na pirâmide: fruta tropical e toranja na frente, noz-moscada e íris no meio, âmbar e cedro atrás. Veja também Perfume árabe — a loja completa. Perfume árabe unissex — outras opções para homem e mulher. Perfume árabe fresco — perfumes de abertura cítrica e leve. Perfume árabe doce — quando você quer o lado de confeitaria. Bidaya na loja — os outros perfumes da casa de Dubai.",in stock,new,304.90 BRL,,https://www.perfumearabe.com/produtos/bidaya-maktub-la-vie/,https://dcdn-us.mitiendanube.com/stores/008/297/978/products/01-bidaya-maktub-la-vie-eec3911330832fbdca17913386791971-1024-1024.webp,Bidaya,371842922
1611605230,Habibi King Bidaya Eau de Parfum Masculino 100ml,"Resumo O Habibi King cheira a doceria de especiarias: canela e cardamomo na frente, praliné e amêndoa caramelizada no fundo. A Bidaya o lançou em 2025 como masculino, Eau de Parfum de 100 ml, na família âmbar gourmand. Como é o cheiro do Habibi King: especiaria na frente, doceria atrás Comece pela especiaria. A canela e o cardamomo, uma semente de cheiro fresco e levemente resinoso, entram primeiro, quentes e secos, e a bergamota e a flor de laranjeira abrem um espaço claro entre elas. No meio, a baunilha-bourbon traz a doçura cremosa, e o elemi, uma resina de cheiro cítrico e fresco, impede que ela fique plana. O fundo é o que justifica a palavra gourmand, que é o nome da família de cheiros de comida e sobremesa: praliné, amêndoa caramelizada e fava-tonka empilham doce sobre doce, e almíscar, âmbar e madeira de guaiaco dão onde apoiar. O guaiaco é uma madeira de fumaça suave. É ele, junto do âmbar, que segura o doce do lado seco, longe da calda. Especificações Campo Detalhe Casa Bidaya Concentração Eau de Parfum Gênero Masculino Família olfativa Âmbar – Gourmand Ano de lançamento 2025 Tamanho 100 ml Notas de topo Canela, cardamomo, flor de laranjeira, bergamota Notas de coração Baunilha-bourbon, elemi Notas de fundo Praliné, almíscar, âmbar, madeira de guaiaco, fava-tonka, amêndoa caramelizada Para quem e quando usar o Habibi King É para quem gosta de doce de verdade e não quer disfarçar: o praliné e a amêndoa estão no fundo sem pedir licença, e o que mantém o perfume masculino é a especiaria da saída e a madeira. Quem prefere um fim seco e amadeirado pode achá-lo doce. Sugestão nossa para o Brasil: a canela e o doce pedem noite fresca, jantar e o inverno do Sul e do Sudeste, que é onde o praliné tem espaço para aparecer. Se você já olhou para um perfume doce e pensou ""queria isso, só que com mais tempero"", o Habibi King é essa conta fechada. Perguntas frequentes Habibi King ou Habibi Prince: o que muda? Quase tudo. São da mesma casa, o King de 2025 e o Prince de 2026, mas fazem caminhos opostos. O King é de doceria: canela, baunilha-bourbon, praliné, amêndoa caramelizada. O Prince abre com hortelã e notas aquáticas, tem coco e figo no meio, com canela e pimenta-preta, e fecha em sândalo e vetiver. Pelas pirâmides, o King é o de noite fria e o Prince o de dia quente. O que quer dizer ""âmbar gourmand"" no Habibi King? É a classificação da família dele. Âmbar é a base quente e resinosa; gourmand é o grupo de cheiros que lembram comida e sobremesa. A própria Bidaya o descreve como ""amber tasty"", e ""tasty"" é o que o mercado chama de gourmand. Na prática, é um fundo de âmbar com praliné, caramelo de amêndoa e fava-tonka por cima. Praliné e amêndoa caramelizada: o Habibi King enjoa? Quem não gosta de doce vai sentir, porque são quatro notas de doceria na pirâmide. O que dá equilíbrio é a saída de cardamomo, bergamota e flor de laranjeira e o guaiaco no fundo. Sugestão nossa para o Brasil: no calor, o doce se acentua, então vale deixá-lo para o fim de tarde e para ambiente com ar-condicionado. Veja também Perfume árabe — a loja completa. Perfume árabe masculino — mais perfumes masculinos. Perfume árabe doce — gourmands com caramelo, baunilha e mel. Perfume árabe com baunilha — fundos de baunilha para todos os gostos. Perfumes Bidaya — a casa do Habibi King e de outros lançamentos.",in stock,new,286.90 BRL,,https://www.perfumearabe.com/produtos/bidaya-habibi-king/,https://dcdn-us.mitiendanube.com/stores/008/297/978/products/01-bidaya-habibi-king-f9a33da71711268ee017913386690188-1024-1024.webp,Bidaya,371843047
1611605654,Habibi Prince Bidaya Eau de Parfum Masculino 100ml,"Resumo O Habibi Prince é um masculino que junta o frio da hortelã e das notas aquáticas com o doce de coco e figo, e deixa gengibre, canela e pimenta-preta no meio para esquentar. Foi lançado pela Bidaya em 2026, em Eau de Parfum de 100 ml. Como é o cheiro do Habibi Prince: verde, molhado e com tempero A saída é de ar livre: notas verdes, notas aquáticas, hortelã e bergamota, tudo no lado frio da pirâmide. A hortelã dá o gelo, a bergamota o cítrico, e as notas verdes lembram folha esmagada. O coração é a surpresa. O coco entra com doçura cremosa e o figo com um doce verde, de fruta com casca, enquanto gengibre, canela e pimenta-preta aquecem por baixo. É essa mistura de fresco com tempero que dá nome à família olfativa que a casa descreve: especiada, aquática, amadeirada. No fim, sândalo, vetiver, fava-tonka, âmbar e almíscar. O sândalo é uma madeira cremosa e macia; o vetiver, uma raiz de cheiro terroso e seco. É o vetiver que corta o doce do coco e faz o perfume terminar mais limpo do que começou. Especificações Campo Detalhe Casa Bidaya Concentração Eau de Parfum Gênero Masculino Família olfativa Especiado – Aquático – Amadeirado Ano de lançamento 2026 Tamanho 100 ml Notas de topo Notas verdes, notas aquáticas, hortelã, bergamota Notas de coração Coco, figo, gengibre, canela, pimenta-preta Notas de fundo Fava-tonka, sândalo, vetiver, âmbar, almíscar Para quem é o Habibi Prince e quando usar Ele costuma ser lido como um perfume de primavera e verão, de dia: a hortelã e as notas aquáticas pedem esse clima, e o coco com o figo dão a ele uma cara de férias que o gengibre e a pimenta impedem de ficar ingênua. Sugestão nossa para o Brasil: no calor úmido, a saída gelada ajuda a manter o começo leve, e o fim amadeirado não fecha o perfume em doce. À noite, o gengibre, a canela e a pimenta-preta dão corpo para um jantar de verão; no frio de inverno, o gelo da hortelã perde o sentido. Entre os masculinos de verão, é o que põe coco e tempero no mesmo frasco. Perguntas frequentes O Habibi Prince é fresco ou apimentado? Os dois, em camadas. A entrada é fresca, com hortelã, notas aquáticas e bergamota; o meio esquenta com gengibre, canela e pimenta-preta; o fim é amadeirado, com sândalo e vetiver. Quem espera só frescor vai encontrar tempero no meio, e quem espera só tempero vai encontrar a água na saída. Tem cheiro de coco? Tem coco no coração, ao lado do figo, depois da hortelã e das notas aquáticas e dividindo espaço com gengibre, canela e pimenta-preta. Ele entra como um doce cremoso que quebra o fresco, e não como protagonista. O Habibi Prince é aquático de verdade, daqueles de cheiro de mar? A lista traz notas aquáticas, que dão o efeito de água e de frescor, mas não traz sal marinho nem alga, e por isso ele não vai para o lado do mar aberto. A água é só a primeira camada: depois dela vêm coco, figo e tempero, e o fim amadeirado. Veja também Perfume árabe — a loja completa. Perfume árabe masculino — mais perfumes masculinos. Perfume árabe fresco — aquáticos e cítricos para o calor. Perfume árabe amadeirado — fundos de madeira e vetiver. Todos os perfumes Bidaya — compare com os outros da casa.",in stock,new,321.90 BRL,,https://www.perfumearabe.com/produtos/bidaya-habibi-prince/,https://dcdn-us.mitiendanube.com/stores/008/297/978/products/01-bidaya-habibi-prince-c81df438ef8c99ccae17913386741306-1024-1024.webp,Bidaya,371843128
1611605957,Ayat Bidaya Eau de Parfum Unissex de 100ml,"Resumo O Ayat Bidaya tem uma rosa que não chega sozinha: hibisco, cassis e hortelã-pimenta a deixam ácida e gelada na entrada, e o couro a deixa escura no fim. Da família floral oriental, chegou em 2026 como unissex, em Eau de Parfum de 100 ml. Como é o cheiro do Ayat Bidaya: rosa com ácido na frente e couro atrás O hibisco e o cassis, a groselha-preta, abrem com um ácido de fruta vermelha e de chá gelado, e a hortelã-pimenta passa por cima um frio que pinica. Não é uma abertura de flor delicada. No meio a rosa-damascena vira o centro, com a baunilha arredondando e a ambrette, uma semente de cheiro macio entre o almíscar e a fruta, segurando o conjunto. A canela dá o calor que faltava depois do gelo da hortelã. O fundo é curto na lista e escuro no efeito: âmbar e couro. O couro é a nota que muda a rosa, porque tira a ideia de jardim e põe uma rosa seca e firme, de jaqueta, que combina com o âmbar quente por baixo. Especificações Campo Detalhe Casa Bidaya Concentração Eau de Parfum Gênero Unissex Família olfativa Floral – Oriental Ano de lançamento 2026 Tamanho 100 ml Notas de topo Hibisco, cassis, hortelã-pimenta Notas de coração Rosa-damascena, baunilha, ambrette, canela Notas de fundo Âmbar, couro Para quem é o Ayat e quando usar A pirâmide mistura coisas que puxam para lados opostos, e é isso que explica a divisão de opiniões: o ácido do cassis e a hortelã, o doce da baunilha, o seco do couro. Ele costuma ser lido como perfume de noite e de tempo frio, com inverno e outono bem à frente do verão. Sugestão nossa para o Brasil: no calor, a hortelã ainda segura a entrada, mas a baunilha e o couro pedem noite, ar-condicionado ou o frio do Sul. Como o gosto por esse perfume é específico, se você nunca usou rosa com couro, vale começar numa ocasião em que dê para acompanhar a evolução com calma. Quem procura uma rosa com atitude, e não a rosa de sempre, encontra aqui. Perguntas frequentes Por que o Bidaya Ayat divide tanto as opiniões? Porque mistura notas de temperamentos opostos. É um perfume de gosto próprio: quem espera uma rosa suave estranha o cassis e a hortelã na frente e o couro atrás. O que o couro faz numa rosa como a do Ayat? Ele tira a rosa do jardim. Sozinha, a rosa-damascena seria suave; com o couro no fundo, ela ganha um lado seco e firme, e a baunilha e o âmbar impedem que isso vire aspereza. É a mesma mistura que leva a Bidaya a classificá-lo como unissex: rosa e baunilha de um lado, couro, canela e hortelã-pimenta do outro. O Bidaya Ayat é da mesma marca da Ayat Perfumes? Não. Este é o Ayat da Bidaya, uma casa de Dubai que começou em 2025, em Eau de Parfum de 100 ml. A Ayat Perfumes é outra marca; se a sua busca trouxe as duas, vale conferir o nome da casa antes de comparar. Veja também Perfume árabe — a loja completa. Perfume árabe unissex — outras opções para homem e mulher. Perfume árabe floral — rosas, jasmins e flores brancas. Perfume árabe com baunilha — fundos de baunilha para todos os gostos. Conheça a Bidaya — a casa de Dubai por trás do Ayat.",in stock,new,299.00 BRL,,https://www.perfumearabe.com/produtos/bidaya-ayat/,https://dcdn-us.mitiendanube.com/stores/008/297/978/products/01-bidaya-ayat-570652b7583975e48017913386639937-1024-1024.webp,Bidaya,371843202
1611606577,Aisha Queen Bidaya Eau de Parfum Feminino 100ml,"Resumo O Aisha Queen Bidaya é um floral que termina em fumaça: açafrão, osmanthus e magnólia abrem, a tuberosa toma o coração e a mirra e o incenso fecham. Feminino, de 2025, vem em Eau de Parfum de 100 ml e na família âmbar floral. Como é o cheiro do Aisha Queen Bidaya: flores brancas sobre resina Abre com o açafrão, especiaria de cheiro seco e levemente metálico, ao lado do osmanthus, uma florzinha de cheiro de damasco e chá, e da magnólia, uma flor branca de lado cítrico e cremoso. É uma entrada de flor, mas com tempero por baixo. O meio é onde o Aisha Queen deixa de ser só flor. A tuberosa, flor branca de cheiro cremoso e forte, ganha ao lado o maracujá, de fruta ácida e perfumada, o patchouli-de-java e o cedro-chinês, e o agarwood, a resina escura da árvore que também dá o oud. No fundo, a baunilha-de-madagascar adoça, mas a mirra e o incenso, resinas de templo, secam e esfumaçam. Âmbar e almíscar costuram o fim. A baunilha faz a ponte entre a flor doce da frente e a fumaça de trás, e é por isso que o perfume não termina escuro demais. Especificações Campo Detalhe Casa Bidaya Concentração Eau de Parfum Gênero Feminino Família olfativa Âmbar – Floral Ano de lançamento 2025 Tamanho 100 ml Notas de topo Açafrão, osmanthus, magnólia Notas de coração Tuberosa, maracujá, patchouli-de-java, agarwood, cedro-chinês Notas de fundo Baunilha-de-madagascar, âmbar, mirra, almíscar, incenso Para quem é o Aisha Queen e quando usar Pelo desenho, é um perfume de noite e de tempo frio: a pirâmide é de flor densa e resina, e o uso que se vê vai nessa direção, com a noite e o inverno muito à frente do dia e do verão. É para quem prefere um floral com fundo escuro ao floral de jardim, e para ocasiões em que dá gosto ser notada: jantar, evento, noite de frio. Sugestão nossa para o Brasil: no litoral quente, a tuberosa e as resinas ficam densas, então deixe-o para a noite ou para o ar-condicionado e reserve o inverno do Sul e do Sudeste para quando ele fica mais à vontade. A proposta do Aisha Queen é o floral que continua ali depois que a flor murchou. Perguntas frequentes O Aisha Queen é o mesmo perfume que o Aisha Princess? Não. São dois perfumes da Bidaya com nomes parecidos: o Aisha Queen, desta página, é de 2025 e feminino; o Aisha Princess é um lançamento de 2026, com pirâmide própria. Tudo o que está aqui é do Queen. O que o incenso e a mirra fazem no Aisha Queen? São as resinas do fim: secam a doçura da baunilha e dão a fumaça que sustenta o perfume. É também o que o aproxima da noite, porque a entrada de açafrão, osmanthus e magnólia é aberta, mas o fundo é fechado. Se for usá-lo de dia, escolha um dia frio e vá com mão leve. O maracujá aparece muito num floral como o Aisha Queen? Ele está no coração, ao lado da tuberosa, e não na saída; entra como um toque ácido e perfumado que quebra a cremosidade da flor branca, e não como um perfume de fruta. Veja também Perfume árabe — a loja completa. Perfume árabe feminino — mais perfumes femininos. Perfume árabe floral — rosas, jasmins e flores brancas. Perfume árabe amadeirado — fundos de madeira e resina. Mais da Bidaya — os demais perfumes da casa.",in stock,new,310.90 BRL,,https://www.perfumearabe.com/produtos/bidaya-aisha-queen/,https://dcdn-us.mitiendanube.com/stores/008/297/978/products/01-bidaya-aisha-queen-6cc8738b0f91eab94117911676091989-1024-1024.png,Bidaya,371843296
1611607085,Club de Nuit Sillage Armaf Eau de Parfum Masculino 105ml,"Resumo ★ 3,91 no Fragrantica · 6,1 mil votos Mais votado para o dia e os dias quentes. Fixação 8,0/10 · Projeção 7,8/10 · 74% dia · verão e primavera O Club de Nuit Sillage Armaf abre gelado e cítrico, com limão, lima e groselha-negra, passa por íris e jasmim e fecha em sândalo, almíscar e Ambroxan, uma assinatura limpa, de pele recém-lavada. É um masculino em Eau de Parfum de 105 ml, de 2020. Como é o cheiro do Club de Nuit Sillage O nome entrega o jogo. Sillage, em francês, é o rastro que o perfume deixa no ar depois que a pessoa passa, e a Armaf descreve o dele como profundo e provocante. A abertura é a parte mais viva: bergamota, limão e lima empilham três cítricos, o gengibre esquenta por trás, e a groselha-negra (cassis) e a folha de violeta trazem um verde frutado de pele fria. Tem quem sinta essa saída meio áspera, com um brilho metálico, e ela costuma assentar nos primeiros minutos. No meio, jasmim, íris e rosa formam um floral limpo, mais de pó e sabonete do que de buquê. A íris, raiz de uma flor de cheiro empoado, é quem puxa essa maciez. O fundo é de sândalo e cedro, duas madeiras claras, com almíscar e Ambroxan, uma molécula de laboratório com efeito de âmbar seco e limpo. É ali que o cítrico da saída vira pele. Especificações Campo Detalhe Casa Armaf Linha Club de Nuit Concentração Eau de Parfum Gênero Masculino Família olfativa Floral Amadeirado Almiscarado Ano de lançamento 2020 Tamanho 105 ml Topo Bergamota, Limão, Lima, Gengibre, Groselha-negra (cassis), Folha de violeta Coração Jasmim, Íris, Rosa Fundo Sândalo, Cedro, Almíscar, Ambroxan Para quem e quando É um Club de Nuit para quem prefere o cheiro de roupa limpa ao de especiaria: cítrico gelado, floral de pó e madeira clara. Fica no território do perfume de dia e de ambiente fechado. Sugestão nossa para o Brasil: os três cítricos e a violeta pedem calor, escritório, ar-condicionado e dia de semana; à noite ele fica discreto, mais de proximidade. O rastro faz jus ao nome para boa parte de quem usa, e a duração oscila bastante de pele para pele: teste no seu corpo antes de decidir. Um Club de Nuit que cheira a camisa passada, e não a especiaria. Perguntas frequentes Qual a diferença entre o Club de Nuit Sillage e o Club de Nuit Intense Man? São perfumes independentes. O Intense Man é um Eau de Toilette de 2015 que abre com limão, abacaxi e maçã e tem bétula no coração; o Sillage é um Eau de Parfum de 2020, com groselha-negra, violeta, íris e jasmim. O Sillage não é uma versão do Intense Man, apesar do ""Club de Nuit"" no nome dos dois. O Club de Nuit Sillage lembra o Silver Mountain Water, da Creed? Muita gente o compara ao Silver Mountain Water, e várias dessas pessoas fazem questão de dizer que ele não é igual. Vale tratar a comparação como referência de estilo, fresca e cítrica: o Sillage tem a identidade dele, com cassis, violeta, íris e jasmim na pirâmide. É Club de Nuit Sillage ou Silage? Existe diferença? É o mesmo perfume. O nome é Sillage, com dois eles, e a Armaf usa a grafia Silage em endereços de algumas páginas dela, para o mesmo frasco. Quem procura pelas duas grafias chega ao mesmo Eau de Parfum, que aqui é o de 105 ml. Por que o Club de Nuit Sillage aparece como masculino e como unissex? A Armaf o classifica como masculino no campo de gênero, e é assim que a loja o apresenta. Uma das páginas da casa chega a chamá-lo de unissex, e a pirâmide ajuda a entender o porquê: íris, jasmim e rosa são florais que não pedem etiqueta. Se você gosta de fresco e limpo, o gênero é detalhe. Veja também Perfume árabe — a loja completa, com outras casas além da Armaf. Perfume árabe masculino — mais perfumes para homem, reunidos por estilo. Perfume árabe fresco — outros cítricos e frescos para o calor. Armaf na loja — a casa do Sillage. Linha Club de Nuit — as outras versões da linha da Armaf.",in stock,new,286.90 BRL,,https://www.perfumearabe.com/produtos/armaf-club-de-nuit-sillage/,https://dcdn-us.mitiendanube.com/stores/008/297/978/products/01-armaf-club-de-nuit-sillage-5e16ff4c8518a3ee1217914707285464-1024-1024.webp,Armaf,371843414
1611631485,Aisha Princess Bidaya Eau de Parfum Feminino 100ml,"Resumo O Aisha Princess Bidaya é um floral de pó e açúcar: néroli e frutas vermelhas na frente, íris, jasmim e marshmallow no coração, caramelo, âmbar e sândalo no fim. Feminino, de 2026, em Eau de Parfum de 100 ml. Como é o cheiro do Aisha Princess Bidaya Ele se lê em duas metades, uma de flor e outra de doce. A flor vem primeiro: o coentro, semente de cheiro cítrico e levemente verde, e o néroli, flor da laranjeira amarga e de ar fresco, abrem espaço para as frutas vermelhas, que dão o único toque ácido do perfume. O coração é onde as duas metades se encontram. A íris, flor de cheiro empoado e frio, o jasmim, a lavanda e a flor de laranjeira montam o buquê, e o marshmallow e a baunilha acrescentam uma maciez de confeitaria. É nesse ponto que ele deixa de ser floral de jardim e vira floral de doceria. Caramelo e açúcar fazem a curva final, adoçando o âmbar e o sândalo, uma madeira cremosa, enquanto as notas amadeiradas impedem que tudo vire calda. Sobra uma pele macia, de talco adocicado. Especificações Campo Detalhe Casa Bidaya Concentração Eau de Parfum Gênero Feminino Família olfativa Floral – Almiscarado – Gourmand Ano de lançamento 2026 Tamanho 100 ml Notas de topo Coentro, néroli, frutas vermelhas Notas de coração Íris, jasmim, lavanda, marshmallow, flor de laranjeira, baunilha Notas de fundo Âmbar, caramelo, sândalo, açúcar, notas amadeiradas Para quem é o Aisha Princess e quando usar É um floral doce de luz, mais de dia e de tempo ameno do que de noite fechada: primavera, outono e inverno suave, em almoço, trabalho e fim de tarde. No calor forte, o marshmallow e o caramelo pesam, e o verão fica melhor com ele à noite, já fresca, ou em ambiente com ar-condicionado. Fica bem em quem gosta de doce, mas quer a flor segurando o doce, e em quem acha o floral clássico sério demais. É o tipo de perfume que deixa a pessoa de bom humor antes mesmo de sair de casa. A graça do Aisha Princess é essa: um doce com a flor por cima, e não por baixo. Perguntas frequentes Aisha Queen ou Aisha Princess: qual escolher pelo meu gosto de floral? Depende do floral que você procura. O Aisha Queen , de 2025, é um âmbar floral escuro, de açafrão e osmanthus, tuberosa no coração e resinas de mirra e incenso no fim, feito para a noite. O Aisha Princess, de 2026, é claro e doce, com néroli, íris, marshmallow e caramelo, e funciona melhor de dia. O Aisha Princess é floral de pó ou doce de confeitaria? Os dois, em camadas. Íris e jasmim dão o lado de pó e de flor, e marshmallow, caramelo e açúcar dão a confeitaria. A flor domina até o coração, e o doce assume no fim. Quem teme o doce enjoativo encontra na lavanda e no sândalo dois freios. Aisha Princesa e Aisha Princess são o mesmo perfume? São. ""Princesa"" é a tradução do nome que muita gente digita na busca; o perfume da Bidaya se chama Aisha Princess, e esta página é do Eau de Parfum feminino de 100 ml, lançado em 2026. Veja também Perfume árabe — a loja completa. Perfume árabe feminino — mais perfumes femininos. Perfume árabe floral — rosas, jasmins e flores brancas. Perfume árabe doce — baunilhas, caramelos e gourmands. Mais da Bidaya — os demais perfumes da casa.",in stock,new,316.90 BRL,,https://www.perfumearabe.com/produtos/bidaya-aisha-princess/,https://dcdn-us.mitiendanube.com/stores/008/297/978/products/01-bidaya-aisha-princess-99646f2ab99f969f4417911675971689-1024-1024.png,Bidaya,371849689
1611631808,Alpine Homme Sport Maison Alhambra Eau de Parfum,"Resumo ★ 4,11 no Fragrantica · 935 votos Mais votado para o dia e os dias quentes. 78% dia · verão e primavera O Alpine Homme Sport Maison Alhambra abre com mandarina, hortelã, cipreste e sálvia, passa por cedro e pimenta e termina em fava-tonka, almíscar e sândalo. Vem em Eau de Parfum e é vendido como perfume masculino. Como é o cheiro do Alpine Homme Sport Maison Alhambra A mandarina é o único doce de verdade da abertura, e vem cercada de verde e frio: a hortelã dá a sensação de gelo, a sálvia um amargor de erva seca, e o cipreste uma resina limpa, de agulha de pinheiro. É daí que vem o ar esportivo do nome. Leitura nossa a partir das notas. No coração, cedro e pimenta dão estrutura: a madeira seca e o picante discreto seguram o frescor da saída, em vez de deixá-lo evaporar de uma vez. A fava-tonka, o almíscar e o sândalo fecham o perfume. A fava-tonka tem um cheiro de amêndoa e baunilha seca, que amacia o fundo sem torná-lo um doce, e o sândalo repete a madeira do meio, agora mais cremosa. Especificações Campo Detalhe Casa Maison Alhambra Concentração Eau de Parfum Tamanho 100 ml Notas de topo Mandarina, hortelã, cipreste, sálvia Notas de coração Cedro, pimenta Notas de fundo Fava-tonka, almíscar, sândalo Para quem e quando É um perfume para quem gosta de um fresco verde e frio, mais herbal do que cítrico, com madeira por baixo. Funciona no dia a dia, no trabalho e em atividades ao ar livre, e a mandarina mantém a saída leve. Sugestão nossa para o clima do Brasil: hortelã, sálvia e cipreste funcionam bem no calor e na umidade, e o fundo de fava-tonka e sândalo é macio o bastante para não pesar quando o dia esquenta. Fresco herbal com cara de esporte, em Eau de Parfum: é o que você leva com o Alpine Homme Sport. Perguntas frequentes O Alpine Homme Sport lembra o Allure Homme Sport? O nome já aponta para o Allure Homme Sport, da Chanel, e é com ele que o Alpine mais aparece comparado, como referência de cheiro. A pirâmide própria é de mandarina, hortelã, cipreste, sálvia, cedro, pimenta, fava-tonka, almíscar e sândalo. Alpine Sport e Alpine Homme Sport são o mesmo perfume? São: ""Alpine Sport"" é o apelido curto de ""Alpine Homme Sport"". O que existe à parte é o Alpine em frasco de 30 ml, que é outro tamanho e não é o de 100 ml deste perfume. O que a fava-tonka faz no fundo do Alpine Homme Sport? Ela amacia: o cheiro de amêndoa e baunilha seca contrasta com a hortelã e o cipreste da saída, e deixa o fim do perfume mais redondo do que o começo. O sândalo e o almíscar completam a base sem torná-la doce. Hortelã e sálvia pesam ou refrescam no calor? Refrescam: hortelã e sálvia são notas frias e herbais, e o cipreste é seco. O que pode pesar é a fava-tonka do fim, que amacia e esquenta o fundo, e convém começar com pouco. É interpretação das notas, feita por nós. Veja também Maison Alhambra na loja — os demais perfumes da casa. Perfume árabe masculino — mais perfumes masculinos. Perfume árabe fresco — cítricos, verdes e aquáticos. Perfume árabe — a loja completa.",in stock,new,240.90 BRL,,https://www.perfumearabe.com/produtos/maison-alhambra-alpine-sport/,https://dcdn-us.mitiendanube.com/stores/008/297/978/products/01-maison-alhambra-alpine-sport-2293a29a584e7c9e4b17911921985982-1024-1024.png,Maison Alhambra,371849750
1611632089,Attar Al Wesal Gold Al Wataniah Eau de Parfum 100ml,"Resumo Toranja, hortelã e lavanda dão ao Attar Al Wesal Gold uma largada gelada, e é a canela com o cominho que traz o calor de volta. Da Al Wataniah, é um oriental especiado de 2026, em Eau de Parfum, no frasco de 100 ml. Fragrantica, 04/10/2026: nota 4,13 de 5, com 39 avaliações. Como é o cheiro do Attar Al Wesal Gold Nos primeiros minutos a toranja manda: um cítrico mais amargo que doce, de casca. A hortelã e a lavanda entram junto, e a bergamota e a pera arredondam o amargor, de modo que a saída lembra uma água aromática gelada mais do que uma fruta. O coração é curto e quente, só canela e cominho. A canela esquenta e adoça de leve; o cominho, semente seca e terrosa de cheiro de tempero, puxa o perfume para a cozinha e para longe do doce fácil. Depois de uma hora ficam baunilha, patchouli, cedro e âmbar. A baunilha suaviza a especiaria sem virar sobremesa, o patchouli e o cedro dão uma base de terra e madeira seca, e o âmbar, resina de cheiro doce e quente, junta tudo. Especificações Campo Detalhe Casa Al Wataniah Concentração Eau de Parfum Gênero Não declarado pela casa Família olfativa Oriental especiado Ano de lançamento 2026 Tamanho 100 ml Notas de topo Toranja, hortelã, bergamota, pera, lavanda Notas de coração Canela, cominho Notas de fundo Baunilha, patchouli, cedro, âmbar Para quem e quando usar o Attar Al Wesal Gold Para o calor brasileiro, a leitura é nossa e parte das notas: toranja, hortelã e lavanda são frescas, então o dia útil, com ar-condicionado de manhã e rua abafada à tarde, é o terreno dele. Quando a noite esfria um pouco, canela, cominho e baunilha ganham corpo e o perfume muda de cara. Vai bem em quem gosta de cheiro limpo, mas acha o fresco de sabonete sem assunto: aqui a especiaria dá o que conversar. Gelado na primeira borrifada, quente quando o gelo derrete, é essa a viagem do Gold, e é ela que decide a compra. Perguntas frequentes O Attar Al Wesal Gold é o Attar Al Wesal em frasco dourado? Não, são dois perfumes. O Attar Al Wesal leva limão no topo e reparte o coração com alcaravia e sálvia-esclareia; o Gold usa toranja e deixa só canela e cominho. O frasco do Gold é dourado e o do Attar Al Wesal é preto. O Elixir, que também existe, é um terceiro perfume, de pêssego e rosa. A hortelã com lavanda deixa o Attar Al Wesal Gold com cheiro de barbearia? Na entrada é o que mais se aproxima: lavanda e hortelã são o par clássico de loção pós-barba, e a toranja amarga reforça. Em poucos minutos a canela e o cominho tiram o perfume dessa moldura e o levam para o lado quente. O doce da baunilha aparece no Attar Al Wesal Gold? Aparece, mas só no fim e discreto. A saída é amarga e fresca, o coração é de tempero, e a baunilha chega por último, atrás da canela. Quem foge de perfume doce não se incomoda; quem quer açúcar desde a primeira borrifada estranha a entrada seca. A canela do Attar Al Wesal Gold pesa na pele? Ela esquenta, mas aos poucos. Só canela e cominho formam o coração e vêm depois da saída gelada, então o perfume não começa quente. No abafado, mão leve evita que o tempero domine: comece com pouco e só repita se o ar estiver parado. Posso dar o Attar Al Wesal Gold de presente para uma mulher? Pode. O perfume não tem gênero fixo: o desenho é cítrico, aromático e especiado, sem flor na lista, e funciona em qualquer pele. Veja também Al Wataniah na loja — os outros perfumes da casa. Perfume árabe fresco — mais perfumes de saída fresca para o calor. Perfume árabe — a loja completa.",in stock,new,254.00 BRL,,https://www.perfumearabe.com/produtos/al-wataniah-attar-al-wesal-gold/,https://dcdn-us.mitiendanube.com/stores/008/297/978/products/01-al-wataniah-attar-al-wesal-gold-44cd2d42033241391f17911631436870-1024-1024.png,Al Wataniah,371849808
1611632307,Hawas Verde Rasasi Eau de Parfum Cítrico 100ml,"Resumo ★ 4,26 no Fragrantica · 797 votos Mais votado para o dia e os dias quentes. Fixação 7,7/10 · Projeção 7,6/10 · 84% dia · verão e primavera O Hawas Verde é o Hawas de lima, alecrim e maçã verde, um cítrico aromático de frescor cortante. É um Eau de Parfum de 100 ml da Rasasi, lançado em 2025. Como é o cheiro do Hawas Verde São cinco notas, numa lista só: lima, alecrim, maçã verde, patchouli e âmbar. A lima e a maçã verde dão o ácido, que corta logo ao borrifar. O alecrim, erva aromática de cheiro seco, tira o conjunto da limonada e puxa para o lado de folha e de cozinha. O patchouli, terroso e balsâmico, e o âmbar, um acorde doce, resinoso e quente (acorde é a impressão que várias notas formam juntas), dão corpo a esse frescor. O resultado é um verde seco, de casca e de erva, sem a doçura de sobremesa. Especificações Campo Detalhe Casa Rasasi Concentração Eau de Parfum Gênero Sem classificação da casa; costuma ser lido como masculino Família olfativa Cítrico aromático Ano de lançamento 2025 Tamanho 100 ml Notas A fonte não divide em camadas: lima, alecrim, maçã verde, patchouli e âmbar Para quem e quando É para quem prefere cítrico que corta e verde seco ao doce de fruta dos azuis. Muita gente o define como um perfume para dia quente e para depois do banho, e a lista curta, sem nenhuma nota de sobremesa, ajuda a entender o porquê. Sugestão nossa: lima, maçã verde e alecrim combinam com calor, escritório, academia e viagem. Depois do banho, num dia de sol forte, ele é a escolha natural; à noite, o patchouli e o âmbar o deixam mais quieto. Lima, alecrim e nenhuma sobremesa: o Hawas para quem quer o verde seco. Perguntas frequentes Quem procura algo no estilo do Torino 21, da Xerjoff, pode ficar com o Hawas Verde? A lista dele é curta, só lima, alecrim, maçã verde, patchouli e âmbar, e quem já cheirou o Torino 21 costuma achar a semelhança grande, com um ou outro nariz discordando. Se o Torino 21 é o que você procura, é um frasco para testar; se só quer um cítrico aromático seco, nem precisa dele como referência. O Hawas Verde é o mesmo que o Hawas for Him Verde? É o mesmo perfume: algumas lojas o anunciam com esse nome. Ele não é o Hawas for Him , o clássico de 2015, que abre com maçã, bergamota, limão e canela; o Verde é de 2025 e leva lima, alecrim e maçã verde. O Hawas Verde tem menta? Menta não está na lista de notas, que traz lima, alecrim, maçã verde, patchouli e âmbar. Mesmo assim, é comum quem usa sentir um frescor de menta nas primeiras borrifadas, uma impressão que a mistura de lima com alecrim pode explicar. Hawas Verde ou Hawas Ice: qual é mais fresco? Os dois são frescos, de jeitos diferentes. O Hawas Ice leva o frescor para o mar gelado, com maçã gelada, acorde marinho e musgo cristal; o Hawas Verde leva para o verde seco, com lima, alecrim e maçã verde. Para gelo e mar, o Ice; para erva e casca de limão, o Verde. Veja também Perfume árabe fresco — outros cítricos e verdes para o calor. Rasasi na loja — os outros perfumes da casa, de Hawas a perfumes de outras linhas. Perfume árabe masculino — mais perfumes para homem, reunidos por estilo. Perfume árabe original — o que conferir ao receber o frasco.",in stock,new,398.90 BRL,,https://www.perfumearabe.com/produtos/rasasi-hawas-verde/,https://dcdn-us.mitiendanube.com/stores/008/297/978/products/01-rasasi-hawas-verde-2777804ddf4cd4478f17911922018795-1024-1024.png,Rasasi,371849853
1611632799,Special Oud Al Wataniah Eau de Parfum 100ml,"Resumo ★ 4,07 no Fragrantica · 277 votos Mais votado para a noite e os dias frios. 68% noite · inverno e outono O Special Oud Al Wataniah tem oud, couro e açafrão, mas abre doce: caramelo, frutas vermelhas e pêssego na frente, baunilha e benjoim por trás. É um gourmand oriental em Eau de Parfum de 100 ml, feito para a noite e para o tempo frio. Como é o cheiro do Special Oud Al Wataniah O que impede o caramelo de virar sobremesa é o que vem colado nele. O açafrão, especiaria de tom seco e de brilho metálico, e o couro, escuro e levemente defumado, apertam a doçura do pêssego e das frutas vermelhas, e o resultado é um doce adulto, mais de calda dourada que de bolo. Depois o perfume esquenta. Pimenta-rosa e gengibre trazem uma picância curta, e o ládano, resina escura de cheiro de couro e âmbar, anda junto com o cipriol (também chamado nagarmotha), uma raiz de cheiro terroso e esfumaçado, e com as notas amadeiradas que dão peso. O nome se justifica no fim. O agarwood, a madeira resinosa de onde vem o oud, aparece cercado de baunilha, benjoim e bálsamo-do-peru, resinas de doçura macia, enquanto patchouli e almíscar põem chão de terra e de pele. Por isso o oud chega aqui mais redondo e adocicado do que seco. Especificações Campo Detalhe Casa Al Wataniah Concentração Eau de Parfum Gênero Não declarado pela casa Família olfativa Gourmand oriental Tamanho 100 ml Notas de topo Caramelo, frutas vermelhas, pêssego, açafrão, couro Notas de coração Pimenta-rosa, ládano, cipriol (nagarmotha), notas amadeiradas, gengibre Notas de fundo Baunilha, agarwood (oud), benjoim, patchouli, almíscar, bálsamo-do-peru Para quem é o Special Oud e quando usar É perfume de noite e de estação fria, e o desenho explica: caramelo, baunilha e benjoim engrossam quando esquentam na pele, e couro e oud pedem ar frio para ficar elegantes. As noites de outono e inverno são o território dele. No calor do litoral, deixe-o para a noite, de preferência em ambiente com ar-condicionado. Quem já gosta de gourmand e quer dar um passo para o escuro se acerta com ele, e quem tem curiosidade pelo oud também. A doçura com couro cabe em qualquer pele. Se a ideia é levar o oud para um jantar sem começar por uma madeira seca, é este o perfume: a abertura é de doce, e o escuro só se impõe quando a conversa já esquentou. Perguntas frequentes Uma mulher pode usar o Special Oud, ou o couro e o oud pesam demais? Pode, e sem estranhar: o Special Oud chega do fornecedor como unissex, e o caramelo com frutas vermelhas na frente suaviza o couro e o oud que vêm depois. Se o oud ainda assusta, comece com uma borrifada só e deixe a doçura abrir o caminho. O oud aparece, ou o caramelo cobre tudo? Aparece quando a doçura da frente baixa. A abertura é de caramelo, pêssego e frutas vermelhas, mas couro, ládano e cipriol já puxam o conjunto para o escuro, e o agarwood assume por último. Quem espera um oud seco, de madeira pura, vai achar este mais macio. Qual a diferença entre o Special Oud e o Oud Mystery Intense? O Oud Mystery Intense , que também está na loja, é amadeirado especiado: açafrão, noz-moscada e lavanda abrem, o oud ocupa o coração e patchouli e almíscar fecham, sem fruta nem doce. O Special Oud é gourmand oriental, com caramelo e frutas vermelhas na frente, couro e ládano no meio e o oud no fim, e é o mais doce dos dois. Special Oud e Especial Oud são o mesmo perfume? São. ""Especial oud"" é a grafia aportuguesada que muita gente digita; o nome do perfume da Al Wataniah é Special Oud. A casa também faz um body mist com esse nome, de 250 ml, que é uma linha à parte do Eau de Parfum de 100 ml desta página. Veja também Perfume árabe — a loja completa. Perfume oud — perfumes com oud no coração ou no fundo. Perfume árabe doce — baunilhas, caramelos e gourmands. Al Wataniah na loja — os demais perfumes da casa.",in stock,new,157.00 BRL,,https://www.perfumearabe.com/produtos/al-wataniah-special-oud/,https://dcdn-us.mitiendanube.com/stores/008/297/978/products/01-al-wataniah-special-oud-da22a89c31e0c9db5e17913386116912-1024-1024.webp,Al Wataniah,371849928
1611632885,Sabah Al Ward Valentine Al Wataniah Eau de Parfum 100ml,"Resumo Cereja e creme abrem o Sabah Al Ward Valentine como uma sobremesa, e o café no coração, abraçado por flor de laranjeira e flores brancas, impede que ele fique só açúcar. A Al Wataniah lançou o Valentine em 2026 como um oriental baunilha, em Eau de Parfum de 100 ml. O Fragrantica dá 4,15 de 5 ao perfume (04/10/2026), a partir de 55 avaliações. Como é o cheiro do Sabah Al Ward Valentine A cereja chega primeiro, com notas doces, baunilha e creme: um doce cremoso, de calda, mais perto de sobremesa do que de fruta fresca. No meio o café vira a surpresa. Ele traz um amargo torrado que corta o açúcar, e em volta ficam os cítricos, a flor de laranjeira, de cheiro doce e levemente cítrico, e as flores brancas, que dão um lado cremoso e perfumado. Quando a pele já esquentou o perfume, sobram almíscar, patchouli e âmbar. O almíscar dá a maciez de pele limpa, o patchouli traz uma terra úmida e o âmbar, resina doce e quente, deixa o doce da saída ficar um pouco mais. Especificações Campo Detalhe Casa Al Wataniah Concentração Eau de Parfum Gênero Não declarado pela casa Família olfativa Oriental baunilha Ano de lançamento 2026 Tamanho 100 ml Notas de topo Cereja, notas doces, baunilha, creme Notas de coração Café, cítricos, flor de laranjeira, flores brancas Notas de fundo Almíscar, patchouli, âmbar Para quem e quando usar o Sabah Al Ward Valentine É um doce de verdade, então vai com quem gosta disso e não com quem procura um fresco. A indicação para o Brasil é nossa, tirada das notas: cereja, creme e baunilha engrossam no calor, e o tempo ameno ou a noite dão espaço para o café e as flores aparecerem. No abafado, aplique pouco. Na nossa leitura, é perfume de jantar, encontro e noite de fim de semana, daqueles dias em que a gente quer chegar cheirando bem e se sentir bem na própria pele. Perguntas frequentes Dá para sentir o café no Sabah Al Ward Valentine? Dá, no meio do caminho, depois do doce da saída. O café é uma entre quatro notas do coração, então não é o protagonista: faz o papel de contraponto amargo ao creme e à cereja, com a flor de laranjeira e as flores brancas arredondando em volta. O Sabah Al Ward Valentine enjoa de tão doce? É doce, mas tem contrapeso. Cereja, notas doces, baunilha e creme fazem a largada, e o que segura o açúcar são os cítricos e a flor de laranjeira no meio e o patchouli no fim. Quem não gosta de doce não muda de ideia aqui. O doce de cereja e café do Sabah Al Ward Valentine fica bem num homem? Fica, sim. Ele é classificado como feminino, e a lista acompanha, com cereja, creme, flor de laranjeira e flores brancas, mas o gênero não é regra de nariz: quem gosta de doce com café usa sem cerimônia. Qual escolher entre Sabah Al Ward, Sugar e Valentine? O Sabah Al Ward é o de mandarina e pimenta-rosa na entrada, com cacau e jasmim sambac no meio. O Sabah Al Ward Sugar é o das frutas vermelhas, com cassis, framboesa e morango. O Valentine junta cereja a creme e café, que os outros dois não têm. Dá para escolher pelo que você mais gosta de sentir primeiro. Veja também Perfume árabe feminino — mais opções orientais e florais. Perfume árabe doce — outros perfumes de baunilha e sobremesa. Al Wataniah na loja — os outros perfumes da casa.",in stock,new,244.00 BRL,,https://www.perfumearabe.com/produtos/al-wataniah-sabah-al-ward-valentine/,https://dcdn-us.mitiendanube.com/stores/008/297/978/products/01-al-wataniah-sabah-al-ward-valentine-21ba627efa3d46e07e17911631760815-1024-1024.png,Al Wataniah,371849942
1611633300,Ajwad Lattafa Eau de Parfum Feminino 60ml,"Resumo ★ 3,76 no Fragrantica · 1,7 mil votos Vai do dia à noite, com destaque nos dias frios. Fixação 8,2/10 · Projeção 7,8/10 · 53% noite · outono e inverno O Ajwad Lattafa é um doce que não se esconde: fruta na frente, jasmim e rosa no coração, e um fundo de baunilha, âmbar e cedro que a própria casa descreve como levemente caramelizado. É feminino, de 2021, em Eau de Parfum de 60 ml. Como é o cheiro do Ajwad Lattafa A casa lista só ""notas frutadas"" e não aponta uma fruta, e o que se sente é isso mesmo: um suco doce e brilhante, sem uma fruta separada das outras, que dá o tom de alegria do perfume. Por baixo da fruta, o jasmim, flor branca de cheiro cremoso, e a rosa fazem o papel de buquê e impedem que o conjunto vire só açúcar. É a parte floral do Ajwad, e é ela que o aproxima de um perfume feminino clássico. A baunilha e o âmbar adoçam e esquentam a base, o almíscar deixa tudo macio, e o cedro, madeira clara e seca, dá um fio de estrutura para que o doce não escorra. Especificações Campo Detalhe Casa Lattafa Concentração Eau de Parfum Gênero Feminino Ano de lançamento 2021 Tamanho 60 ml Notas de topo Notas frutadas Notas de coração Jasmim, rosa Notas de fundo Âmbar, baunilha, almíscar, cedro Para quem é o Ajwad e quando usar É um doce que divide: quem gosta de fruta com baunilha tende a adorar, e quem foge de perfume doce vai achar demais. Para o primeiro grupo, é um cheiro de dia bom, que dá vontade de ficar perto. Pelo desenho, pende para o outono e o inverno, e funciona de dia e de noite: a fruta e a rosa deixam o dia leve, e a baunilha com o âmbar ganham corpo depois que escurece. No verão de calor úmido, a doçura engrossa, e o melhor uso é à noite ou em lugar com ar-condicionado. Quem já tem uma baunilha na gaveta e quer um doce com fruta na frente e flor no meio encontra no Ajwad essa troca. Perguntas frequentes Ajwad ou Ajwad Pink to Pink: qual é qual? O Pink to Pink leva o sobrenome Ajwad, mas esta página é do original, de 2021, feminino, com notas frutadas, jasmim, rosa, âmbar e baunilha, em 60 ml. O Ajwad Pink to Pink, de 2024, é outro perfume: goiaba, toranja-rosa e lichia abrem, rosa, peônia e magnólia ocupam o coração, e couro, almíscar, âmbar-gris, baunilha e musgo fecham. O Ajwad tem cheiro de caramelo, se a pirâmide não lista caramelo? A lista de notas não traz caramelo, mas a descrição da Lattafa fala em baunilha levemente caramelizada, e a impressão tem lógica: baunilha e âmbar juntos na base dão esse tom de açúcar dourado. O que você sente é um doce cremoso, não uma calda. O Ajwad é doce a ponto de enjoar? A doçura é de fruta e de baunilha, e dois contrapesos a seguram: a rosa e o jasmim, que põem flor no meio, e o cedro, madeira seca no fundo. Se você já gosta de doce, dificilmente vai achar demais; se evita, este não é o perfume para mudar isso. Homem pode usar o Ajwad Lattafa? Pode, se gostar de doce frutado, mas o frasco nasceu feminino e é vendido assim: a Lattafa o classifica como feminino, e jasmim, rosa e baunilha sobre fruta pedem esse público primeiro. Veja também Perfume árabe — a loja completa. Perfume árabe feminino — mais perfumes femininos. Perfume árabe doce — baunilhas, caramelos e gourmands. Lattafa na loja — os outros perfumes da casa.",in stock,new,244.00 BRL,,https://www.perfumearabe.com/produtos/lattafa-ajwad/,https://dcdn-us.mitiendanube.com/stores/008/297/978/products/01-lattafa-ajwad-97048868397957e23717911922048866-1024-1024.png,Lattafa,371849999
1611634084,Club de Nuit Elite Armaf Eau de Parfum Unissex 100ml,"Resumo ★ 4,39 no Fragrantica · 191 votos Mais votado para o dia e os dias quentes. 72% dia · primavera e verão O Club de Nuit Elite Armaf é verde e seco: chá verde, bergamota e maçã na frente, vetiver e cedro atrás, sem doçura de sobremesa. É um cítrico aromático em Eau de Parfum de 100 ml, lançado em 2026 e classificado como unissex pela Armaf. Como é o cheiro do Club de Nuit Elite A pimenta vem antes da folha. A pimenta-de-sichuan e a pimenta-rosa dão um formigamento seco logo na abertura, e o chá verde e a maçã amaciam esse picante enquanto a bergamota clareia o conjunto. O coração é de jardim e de mato: rosa centifolia, gerânio e cassis, com notas aromáticas e terrosas. A rosa aparece sem o lado de pó de talco, mais verde, e o gerânio, que tem cheiro de folha esfregada entre os dedos, reforça essa direção. O fundo tem vetiver, âmbar, cedro, almíscar e cashmeran. O vetiver é uma raiz de cheiro de terra seca e de capim, o cedro seca o conjunto, e o cashmeran, molécula sintética de cheiro macio, dá um acabamento de pele limpa. Especificações Campo Detalhe Casa Armaf Concentração Eau de Parfum Gênero Unissex Família olfativa Cítrico Aromático Ano de lançamento 2026 Tamanho 100 ml Notas de topo Chá verde, bergamota, maçã, pimenta-de-sichuan, pimenta-rosa Notas de coração Rosa centifolia, gerânio, cassis, notas aromáticas, notas terrosas Notas de fundo Vetiver, âmbar, cedro, almíscar, cashmeran Para quem é o Elite e quando usar É um perfume para quem gosta de cheiro de limpo e de natureza, sem açúcar nem baunilha. O clima dele é o de dia quente e de meia-estação; à noite fria ele perde o sentido. No calor úmido, a bergamota, o chá verde e a maçã ajudam a abertura a respirar, e a base seca não pesa. Para quem busca um Club de Nuit que acompanhe a rotina de dia, sem virar perfume de balada, o Elite é a opção. Perguntas frequentes A rosa e o gerânio deixam o Club de Nuit Elite com cara de floral? Não. A rosa centifolia entra no coração junto de cassis, notas aromáticas e notas terrosas, e o gerânio puxa para o lado de folha, então o conjunto fica verde e não de buquê. Como a Armaf o classifica como unissex, é justamente esse verde que deixa o perfume neutro para homem ou mulher. O Club de Nuit Elite vem em 100 ml ou 105 ml? O frasco desta página é de 100 ml. A Armaf vende o mesmo perfume em rótulos de 100 ml (3,4 oz) e de 105 ml, esse último comum em anúncios de Dubai, então vale conferir o volume antes de comparar preço de um anúncio com o outro. O cashmeran e o âmbar deixam o Club de Nuit Elite quente demais? Não, porque o vetiver e o cedro seguram a base no lado seco. O âmbar dá um calor discreto e o cashmeran, molécula sintética de cheiro macio, só arredonda; nenhum dos dois traz doçura de baunilha, e o conjunto termina mais para terra e madeira do que para sobremesa. Veja também Perfume árabe — a loja completa. Perfume árabe unissex — outras opções para homem e mulher. Perfume árabe masculino — mais perfumes masculinos. Club de Nuit — a coleção da Armaf. Armaf na loja — outros perfumes da casa.",in stock,new,664.90 BRL,,https://www.perfumearabe.com/produtos/armaf-club-nuit-elite/,https://dcdn-us.mitiendanube.com/stores/008/297/978/products/01-armaf-club-nuit-elite-a5eb07e19d76e8c9e917911379987867-1024-1024.png,Armaf,371850061
1611634110,Maahir Legacy Lattafa Eau de Parfum 100ml,"Resumo ★ 4,08 no Fragrantica · 4,3 mil votos Mais votado para o dia e os dias quentes. 80% dia · verão e primavera O Maahir Legacy Lattafa mistura cítrico e erva com um fundo de madeira macia: limão, toranja, lavanda e hortelã de um lado, vetiver, cashmeran e fava tonka do outro. É o Maahir de frasco prateado, de 2023, em Eau de Parfum de 100 ml. Como é o cheiro do Maahir Legacy Lattafa O abacaxi é o detalhe que ninguém espera. Ele aparece entre o limão, a toranja e a hortelã como um brilho doce, mas quem manda na abertura é o cítrico, junto com a lavanda, que traz um verde aromático de ervas esfregadas na mão. O meio é seco e de jardim. O zimbro, de cheiro de pinho e de gim, o alecrim e o gerânio, uma folha verde de toque rosado, formam o lado de erva; o olíbano, resina de incenso de cheiro limpo e levemente cítrico, e a pimenta-do-reino dão o tempero e a espinha do perfume. Na base entram o vetiver, raiz de capim de cheiro terroso e fresco, o cashmeran, um almiscarado macio, o Ambrox, que lembra âmbar seco, e o musgo de carvalho. O único doce que sobra é o da fava tonka, e é pouco: ela arredonda a madeira sem tirar o ar fresco. Especificações Campo Detalhe Casa Lattafa Linha Maahir Concentração Eau de Parfum Gênero Masculino ou unissex (duplo na casa) Ano de lançamento 2023 Tamanho 100 ml Notas de topo Limão, toranja, lavanda, hortelã, abacaxi Notas de coração Zimbro, alecrim, olíbano, gerânio, pimenta-do-reino Notas de fundo Vetiver, cashmeran, Ambrox, musgo de carvalho, fava tonka Para quem é o Maahir Legacy e quando usar Calor e dia são o território do Maahir Legacy: a pirâmide inteira é de ar e de erva, e o uso que mais combina é o de primavera e verão, de manhã, de tarde e em ambiente aberto. No inverno do Sul ele fica contido, e à noite perde a graça que tem sob o sol, embora o fundo de vetiver e fava tonka segure bem um jantar de clima quente. Quem não quer perfume doce nem de especiaria densa se dá bem com ele, assim como quem passa o dia na rua, em reunião ou viajando e prefere um cheiro de limpeza e de ervas. Para o clima quente do Brasil, é um perfume que acompanha o dia sem ficar pesado. Perguntas frequentes Qual a diferença entre o Maahir Legacy e o Maahir Honor? A linha Maahir, da Lattafa, tem quatro perfumes diferentes: Maahir, Maahir Black Edition, Legacy e Honor, cada um com pirâmide própria. O Maahir Honor , de 2025, é cítrico aromático e mais leve: hortelã, limão, bergamota e tomilho abrem, alecrim, jasmim, lavanda e flor de moringa ocupam o coração, e almíscar, cedro e âmbar fecham. O Legacy, de 2023, é mais seco e mais fundo, com zimbro, olíbano e pimenta-do-reino no meio e vetiver, cashmeran e musgo de carvalho no fim. O Maahir Legacy serve para quem prefere um perfume sem etiqueta de gênero? A Lattafa marca o Maahir Legacy como masculino em um dos sites dela e como unissex em outro, e o cheiro explica a dúvida: lavanda, hortelã, alecrim e vetiver são aromáticos sem lado. Uma mulher que goste de perfume fresco e seco usa sem estranhar, e quem prefere floral ou doce vai sentir falta disso. O abacaxi deixa o Maahir Legacy doce? Só na saída, e por pouco tempo: o abacaxi dá um brilho que logo cede ao cítrico e às ervas, e o que fica na pele é seco. A única doçura de verdade vem da fava tonka, no fim, em dose pequena. O Maahir Legacy tem cheiro de incenso? Só um toque. O olíbano é resina de incenso, mas aqui entra no meio, entre zimbro e alecrim, num registro cítrico e limpo, e não faz do perfume um aroma de igreja. O que se sente é erva e cítrico, com uma ponta resinosa por baixo. Veja também Perfume árabe — a loja completa. Perfume árabe fresco — outros cítricos e aromáticos para o calor. Perfume árabe amadeirado — fundos de madeira e resina. Lattafa na loja — os outros perfumes da casa.",in stock,new,274.00 BRL,,https://www.perfumearabe.com/produtos/lattafa-maahir-legacy/,https://dcdn-us.mitiendanube.com/stores/008/297/978/products/01-lattafa-maahir-legacy-f69d8a36916d3b558017911400342278-1024-1024.png,Lattafa,371850066
1611634763,Kenz Al Malik Al Wataniah Eau de Parfum 100ml,"Resumo ★ 3,82 no Fragrantica · 170 votos Mais votado para o dia e os dias quentes. 61% dia · primavera e verão O Al Wataniah Kenz Al Malik é um perfume de mar que termina em madeira quente: a casa o resume em três palavras, fresco, refinado e quente. Notas marinhas e bergamota abrem, sândalo e vetiver ocupam o meio, e cedro, almíscar e âmbar fecham, num amadeirado aquático de 2022, em Eau de Parfum de 100 ml. Como é o cheiro do Kenz Al Malik Al Wataniah O mar aqui é só a porta. As notas marinhas dão ar de brisa, e é por isso que ele parece fresco logo ao borrifar. E é a casca da bergamota que segura o aquático longe do azul de laboratório. Quem faz o resto é a madeira. O sândalo, madeira cremosa e macia, e o vetiver, capim de raiz aromática que lembra terra molhada, ocupam o meio e dão ao frescor um chão: é o que impede o mar de ficar só em brisa. O cedro, madeira seca e clara, o almíscar, de pele limpa, e o âmbar, que traz um calor adocicado, são o ""quente"" do lema da casa: o fim é de madeira e de pele, com a doçura mínima do âmbar. Especificações Campo Detalhe Casa Al Wataniah Concentração Eau de Parfum Gênero Não declarado pela casa Família olfativa Amadeirado aquático Ano de lançamento 2022 Tamanho 100 ml Notas de topo Notas marinhas, bergamota Notas de coração Sândalo, vetiver Notas de fundo Cedro, almíscar, âmbar Para quem é o Kenz Al Malik e quando usar O Kenz Al Malik pede dia e tempo quente: primavera e verão são a estação dele, e a manhã e a tarde, o horário. O frescor marinho combina com calor, praia, escritório e viagem, e o inverno é a época em que ele fica mais contido, mais de madeira que de mar. Para quem gosta de fresco e quer madeira de verdade por baixo, ou procura um perfume de madeira que não pese no calor, ele fecha a conta. Perguntas frequentes Kenz Al Malik cai bem em mulher, ou é só perfume de homem? Cai, e a pirâmide não impede: não há floral nem doce, só mar, madeira clara e almíscar. O fornecedor o classifica como masculino, mas ele funciona para quem gosta de aquático seco, seja qual for o gênero. O Kenz Al Malik é só um fresco de mar ou tem corpo de madeira? Tem corpo. O mar fica na abertura, com as notas marinhas e a bergamota, e o resto do caminho é de sândalo, vetiver, cedro e âmbar, todas notas de madeira e de pele. É por isso que a casa o descreve como amadeirado aquático e não só aquático. Dá para usar o Kenz Al Malik no escritório? Dá, e é um bom uso: a pirâmide é limpa, sem doce nem especiaria densa, e o frescor marinho com madeira clara é registro de dia, de reunião e de viagem. Num escritório gelado de inverno ele aparece mais como madeira do que como mar. O Kenz Al Malik tem alguma nota doce? Quase nenhuma. O âmbar do fim adoça de leve, e só. A bergamota é cítrica, o sândalo é cremoso mas seco, e o vetiver, o cedro e o almíscar mantêm tudo no lado limpo, de modo que o perfume é fresco e amadeirado, e não um doce. Veja também Perfume árabe — a loja completa. Perfume árabe fresco — cítricos e aquáticos para o calor. Perfume árabe amadeirado — fundos de madeira e resina. Al Wataniah na loja — os demais perfumes da casa.",in stock,new,244.00 BRL,,https://www.perfumearabe.com/produtos/al-wataniah-kenz-al-malik/,https://dcdn-us.mitiendanube.com/stores/008/297/978/products/01-al-wataniah-kenz-al-malik-56f9b8c0a86dea9f4517911664083018-1024-1024.png,Al Wataniah,371850144
1611636125,Aether French Avenue Extrait de Parfum 100ml,"Resumo ★ 4,19 no Fragrantica · 3,3 mil votos Mais votado para o dia e os dias quentes. Fixação 6,7/10 · Projeção 6,7/10 · 83% dia · verão e primavera O Aether French Avenue é uma maçã verde mordida na hora: tangerina e bergamota abrem a saída, e o musgo de carvalho segura o fim sem pesar. Vem em Extrait de Parfum, 100 ml, lançado em 2024, com French Avenue gravado na tampa. O Fragrantica registra 4,19 em 3,3 mil votos (04/10/2026), com primavera e verão na frente entre as estações indicadas. Como é o cheiro do Aether French Avenue Você sente primeiro o crocante: a maçã verde vem na frente, e a bergamota com a tangerina deixam a saída clara, quase brilhante. Depois de alguns minutos entra o verde de verdade. O petitgrain, que vem da folha e do galho da laranjeira amarga, dá um amargor leve, e a violeta suaviza. O cashmeran, um almiscarado de toque macio como lã fina, e o cedro preparam o terreno. No fim do dia sobra o musgo de carvalho, o almíscar e o amberwood (uma madeira clara e seca): um fundo limpo, de pele recém-lavada. A família é a dos frescos verdes, e a casa descreve a intensidade como média. Especificações Campo Detalhe Casa French Avenue Fabricante Fragrance World Concentração Extrait de Parfum Gênero Sem classificação única da casa Família olfativa Fresco verde Ano de lançamento 2024 Tamanho 100 ml Topo Maçã verde, Bergamota, Tangerina (mandarin orange) Coração Petitgrain, Cashmeran, Cedro, Violeta Fundo Musgo de carvalho, Almíscar, Amberwood Para quem e quando O Aether é de manhã, de reunião, de trânsito, de qualquer hora em que você quer estar bem sem que o perfume vire assunto. Quem gosta de frutado sem açúcar e de verde sem cheiro de grama encontra aqui o ponto. Sugestão nossa para o Brasil: o cítrico e a maçã verde combinam com calor e umidade, e à noite o conjunto fica mais reservado. A presença é mediana, de perto, então em dia de sol forte vale levar o frasco para retocar. Ele é a camisa branca bem passada da sua rotina: limpo, fácil de combinar e sempre no lugar. Perguntas frequentes Aether da Fragrance World ou da French Avenue: qual nome está certo? Os dois aparecem, e o frasco resolve: a caixa traz French Avenue e a tampa vem gravada com o nome da linha. A Fragrance World é a casa-mãe que fabrica a French Avenue, por isso algumas vitrines anunciam o mesmo perfume como Fragrance World Aether. O Aether Extrait dura o dia inteiro? Ele tem presença moderada, não de rastro longo. Extrait quer dizer mais óleo de perfume na fórmula, mas a proposta do Aether é outra: um fresco verde que fica perto da pele, de intensidade média. Em dia muito quente, reaplicar no meio da tarde ajuda. O Aether é parecido com o Greenley, da Parfums de Marly? Muita gente coloca os dois lado a lado por causa da maçã verde que domina a saída, e as opiniões divergem sobre o quanto: tem quem veja quase o mesmo cheiro e tem quem ache o Greenley de qualidade superior. Se a ideia é um verde frutado nesse caminho, o Aether é um ponto de partida justo. O Aether tem cheiro doce, de maçã de bala? Não. A maçã é verde, daquelas de morder com casca, e vem cortada por bergamota, tangerina e petitgrain. O fundo de musgo de carvalho e amberwood é seco, então o conjunto sai fresco e levemente amargo, sem açúcar. Veja também Perfume árabe fresco — mais frescos para os dias de sol. French Avenue na loja — o resto da casa, como o Liquid Brun , que vai para o lado quente: canela, baunilha bourbon e praliné.",in stock,new,409.00 BRL,,https://www.perfumearabe.com/produtos/french-avenue-aether/,https://dcdn-us.mitiendanube.com/stores/008/297/978/products/01-french-avenue-aether-cf5710b9e92c40144b17915980481053-1024-1024.webp,French Avenue,371850319
1611636523,Vulcan Sable French Avenue Eau de Parfum 100ml,"Resumo ★ 3,95 no Fragrantica · 880 votos Mais votado para a noite e os dias frios. 67% noite · inverno e outono O Vulcan Sable French Avenue é o doce com cara de bar da família Vulcan: uísque temperado com coentro na primeira borrifada, baunilha e benjoim no fim, e um cheiro de sobremesa escura que muita gente descreve como chocolate quente. É um Eau de Parfum amadeirado de 100 ml, lançado em 2025. Como é o cheiro do Vulcan Sable O uísque vai na frente e não pede licença: costuma soar alcoólico, quase de copo recém-servido. A semente de coentro, a tangerina e a laranja chegam como casca de fruta espremida por cima, e é isso que tira o ar sisudo da bebida. Depois o perfume amacia. O cashmeran, uma molécula de laboratório criada para lembrar caxemira, dá sensação de tecido macio; o anis e o estoraque, uma resina de cheiro balsâmico, trazem tempero escuro; e a fava tonka, com seu jeito de baunilha e amêndoa, começa a adoçar. No fim ficam a baunilha, o patchouli, de cheiro terroso, e o benjoim, resina doce que lembra baunilha. É nessa parte que muita gente sente chocolate ou licor de cacau, mesmo sem cacau na lista de notas. Especificações Campo Detalhe Casa French Avenue (Fragrance World) Concentração Eau de Parfum Gênero Sem classificação única da casa Família olfativa Amadeirada (oriental amadeirado) Ano de lançamento 2025 Tamanho 100 ml Topo Uísque, Semente de coentro, Tangerina, Laranja Coração Cashmeran, Anis, Estoraque, Fava tonka Fundo Benjoim, Patchouli, Baunilha Para quem e quando Agrada a quem curte doce com postura: baunilha e fava tonka dão conforto de sobremesa, mas o uísque e o patchouli impedem que ele vire perfume de confeitaria. A casa o apresenta como ""for him"" num lugar e como perfume para homens e mulheres em outro, então a escolha é pelo cheiro, não pelo rótulo. Sugestão nossa: o terreno dele é a noite fresca, a mesa de restaurante e o frio do Sul. Em tarde de 35 graus na rua, o álcool do uísque se impõe à doçura, e o perfume rende melhor num escritório com ar-condicionado ou numa saída à noite. Álcool de bar e açúcar de sobremesa no mesmo frasco: é por essa mistura que o Sable tem seu lugar na estante. Perguntas frequentes Doce com uísque: o Vulcan Sable enjoa? O açúcar é da baunilha, com ajuda da fava tonka e do benjoim, e o uísque, o anis e o patchouli puxam tudo para um tom mais escuro. Não é doce de fruta nem de flor, e sim de bebida e de sobremesa. O Vulcan Sable lembra o Bentley for Men Intense? Quem usa costuma citar o Bentley for Men Intense: a saída de uísque lembra a dele, e o Sable segue por um caminho mais doce, de baunilha e chocolate quente. Serve como direção de compra para quem já tem o Bentley, não como garantia de que os dois cheiram igual. O cheiro de álcool do Vulcan Sable incomoda? A saída é a parte mais alcoólica e a que mais divide quem sente. Coentro, tangerina e laranja aliviam o peso, e passada a abertura o perfume vai para baunilha e fava tonka. Quem não suporta cheiro de bebida talvez prefira um dos Vulcan de fruta. Qual Vulcan combina com quem gosta de baunilha? O Sable é o da baunilha com uísque, mais escuro e de noite. O Vulcan Feu vai de manga e gengibre na saída e praliné no coração, e o Vulcan Baie é de cassis e framboesa, bem mais fresco. Veja também Perfume árabe amadeirado — outros perfumes de madeira e especiaria, por estilo. French Avenue na loja — os outros perfumes da casa. Perfume árabe original — o que conferir ao receber o frasco.",in stock,new,346.00 BRL,,https://www.perfumearabe.com/produtos/french-avenue-vulcan-sable/,https://dcdn-us.mitiendanube.com/stores/008/297/978/products/01-french-avenue-vulcan-sable-f105becc3de2e2c7e817915980685660-1024-1024.webp,French Avenue,371850370
1611645700,Muharib Maison Asrar Eau de Parfum Masculino 100ml,"Resumo ★ 4,48 no Fragrantica · 324 votos Mais votado para a noite e os dias frios. Fixação 8,2/10 · Projeção 8,4/10 · 64% noite · inverno e outono Muharib Maison Asrar põe mel e canela entre o frescor de limão e lavandin e um fundo de tabaco, fava tonka e jasmim. É um Eau de Parfum masculino de 100 ml, de família aromática especiada, cujo nome significa guerreiro. Como é o cheiro do Muharib Maison Asrar O contraste é o que o define: a frente é fresca, com limão, bergamota e lavandin, um híbrido de lavanda, e o meio vira quente, com cashmere (madeira de cashmere), canela e mel. No fundo, o tabaco dá o lado seco, a fava tonka arredonda com doçura e o jasmim, que fica na base e não no coração, acrescenta um toque floral por baixo. A casa o resume como o espírito do guerreiro do deserto, feroz e nobre, e o frasco segue a ideia, com uma tampa em forma de busto de guerreiro velado. Especificações Campo Detalhe Marca Maison Asrar Concentração Eau de Parfum Gênero Masculino Família olfativa Aromática especiada Tamanho 100ml Frasco Tampa em forma de busto de guerreiro velado Notas de topo Limão, bergamota, lavandin Notas de coração Cashmere (madeira de cashmere), canela, mel Notas de fundo Fava tonka, jasmim, tabaco Para quem e quando É um masculino para quem quer fugir do fresco comum: o mel e a canela dão calor, e o tabaco dá corpo, sem tirar a energia do limão e da bergamota da frente. Pelas notas, combina com noites e dias frios; no calor úmido, a aplicação moderada resolve, e o limão e a bergamota ajudam a manter o perfume arejado. Se você já tem um fresco para o dia e procura um masculino para a noite, com mel, canela e tabaco, o Muharib faz essa troca. Perguntas frequentes O Muharib Maison Asrar lembra qual perfume de grife? Quem procura semelhança costuma chegar ao Naxos, da Xerjoff. A Maison Asrar não indica inspiração; o Muharib se define pela mistura de limão e lavandin com mel, canela e tabaco. O Muharib é doce ou especiado? Os dois, em camadas: o mel e a canela do meio dão um doce quente, e o tabaco e a fava tonka do fundo o deixam mais seco do que uma sobremesa. O limão, a bergamota e o lavandin da frente evitam que o conjunto fique enjoativo. O Muharib da Maison Asrar é o mesmo que o Muharib Alpha ou o Le Falcone? Não. O Muharib Alpha, também vendido como Le Falcone, é outro perfume, de outra casa. Este é o Muharib da Maison Asrar, em Eau de Parfum de 100 ml, e a pirâmide descrita aqui pertence só a ele; o Mohrab, da própria Maison Asrar, também é outro produto. O jasmim do Muharib deixa o perfume floral? Pela posição na pirâmide, não de modo evidente: o jasmim está na base, ao lado do tabaco e da fava tonka, e o que domina é o quente de mel, canela e tabaco. Ele entra como um toque, não como tema. Veja também Perfume árabe masculino - mais perfumes masculinos. Maison Asrar na loja - os demais perfumes da casa. Perfume árabe - a loja completa.",in stock,new,650.90 BRL,,https://www.perfumearabe.com/produtos/maison-asrar-muharib/,https://dcdn-us.mitiendanube.com/stores/008/297/978/products/01-maison-asrar-muharib-524b7a3e2c38c4c2f717913390165929-1024-1024.webp,Maison Asrar,371851755
1611645903,Freeze in Flames Riiffs Extrait de Parfum 100ml,"Resumo ★ 4,13 no Fragrantica · 141 votos Mais votado para o dia e os dias quentes. 75% dia · verão e primavera Freeze in Flames Riiffs é um fresco com gelo por fora e brasa por dentro: framboesa, maracujá e hortelã na frente, lavanda e chá no meio, e um fundo de cedro, almíscar e Amber Xtreme. É um Extrait de Parfum de 100 ml, de família frutada aromática. Como é o cheiro do Freeze in Flames Riiffs O nome avisa o contraste, e a pirâmide cumpre: a frente é gelada e frutada, com polpa de framboesa, polpa de maracujá, maçã vermelha, bergamota da Calábria, hortelã (spearmint) e um acorde de flocos de neve, que é um efeito de frescor e não um ingrediente. No coração, a fruta sai de cena e entram ervas e folhas: lavanda, chá, hortelã (spearmint) e sálvia, que deixam o perfume aromático e seco. O calor chega no fundo, com cedro, almíscar e Amber Xtreme, e é dele a parte de fogo do nome: um rastro quente e magnético. Especificações Campo Detalhe Marca Riiffs Concentração Extrait de Parfum Família olfativa Frutada aromática (fresca) Tamanho 100ml Notas de topo Polpa de framboesa, acorde de flocos de neve, bergamota da Calábria, polpa de maracujá, maçã vermelha, hortelã (spearmint) Notas de coração Lavanda, chá, hortelã (spearmint), sálvia Notas de fundo Cedro, almíscar, Amber Xtreme Para quem e quando É para quem quer um fresco que não seja só cítrico: fruta vermelha e maracujá na frente, ervas no meio e madeira quente no fim. A mistura de hortelã, maçã e bergamota combina com o calor e a umidade do Brasil, de dia e com aplicação moderada; à noite ou em dia mais frio, o cedro e o Amber Xtreme ganham espaço. Para o verão em que você quer chamar atenção sem recorrer a um cítrico básico, o Freeze in Flames é uma aposta de 100 ml. Perguntas frequentes Qual a diferença entre o Freeze in Flames e o Freeze, da Riiffs? São dois perfumes. O Freeze, de frasco azul, é gelado e cítrico, com hortelã, raspas de limão, bergamota e toranja, chá, gengibre e sálvia no meio, e fundo de Ambermax, peônia e cedro. O Freeze in Flames troca o cítrico por fruta, com framboesa, maracujá e maçã vermelha, e termina em cedro, almíscar e Amber Xtreme. Freeze in Flames é fresco ou quente? As duas coisas, em ordem: fresco na frente e no meio, com fruta gelada, hortelã, lavanda e chá, e quente no fundo, com cedro, almíscar e Amber Xtreme. Na prática, no calor a primeira metade aparece mais, e à noite a segunda. Por que alguns anúncios chamam o Freeze in Flames de Eau de Parfum? Porque a concentração é confundida com frequência. No frasco e na caixa da Riiffs está impresso Extrait de Parfum, em 100 ml, e é isso que vale para o Freeze in Flames. Freeze in Flames é masculino, feminino ou compartilhável? O site da Riiffs nos Emirados o lista como feminino, enquanto a imprensa e o varejo do Brasil o tratam como compartilhável. Framboesa, maracujá, hortelã e cedro funcionam bem nos dois lados. Veja também Perfume árabe fresco - cítricos, frutas e ervas para o calor. Perfume árabe unissex - perfumes para qualquer pessoa. Perfume árabe - a loja completa.",in stock,new,529.00 BRL,,https://www.perfumearabe.com/produtos/riiffs-freeze-in-flames/,https://dcdn-us.mitiendanube.com/stores/008/297/978/products/01-riiffs-freeze-in-flames-b63ac7512d70aee9b917911922080205-1024-1024.png,Riiffs,371851789
1611646122,Durrat Al Aroos Al Wataniah Eau de Parfum 85ml,"Resumo ★ 4,00 no Fragrantica · 458 votos Vai do dia à noite, com destaque nos dias frios. 50% dia e 50% noite · outono e inverno Durrat Al Aroos é baunilha com especiaria e sem flor: almíscar branco na abertura, cardamomo e açafrão no coração, fava tonka e madeira de guaiaco no fundo. É o Eau de Parfum de 85 ml da Al Wataniah, de família amadeirada ambarada, e não deve ser confundido com o Durrat Al Aroos Love. Como é o cheiro do Durrat Al Aroos Em tradução livre, o nome é ""pérola da noiva"", e sugere um perfume floral e delicado. A lista de notas conta outra história: não há flor nenhuma nela, e sim baunilha, especiarias e madeira. O almíscar branco abre com uma pele limpa e macia, ao lado do óleo de cipriol (nagarmotha). No meio, a baunilha encontra o cardamomo e o açafrão: o cardamomo traz um frescor de especiaria, e o açafrão, agridoce e com ar de couro, entrega o toque quente. O fundo fecha com fava tonka, que continua a doçura da baunilha com um fundo de amêndoa, e madeira de guaiaco, que dá o contorno amadeirado. Especificações Campo Detalhe Marca Al Wataniah Linha Khususi (rótulo do frasco) Concentração Eau de Parfum Família olfativa Amadeirada ambarada Tamanho 85ml Notas de topo Almíscar branco, óleo de cipriol (nagarmotha) Notas de coração Baunilha, cardamomo, açafrão Notas de fundo Fava tonka, madeira de guaiaco Para quem e quando É para quem gosta de baunilha, mas quer especiaria e madeira no caminho: o cardamomo e o açafrão cortam a doçura, e o guaiaco impede que ela vire sobremesa. No abafado brasileiro, aplique com moderação, porque a baunilha e o açafrão ficam mais intensos; em noites e dias frescos, aparece o lado quente que a lista de notas promete. Quem procura um doce quente que não vire bolo, já com nome conhecido e 85 ml na mão, encontra aqui o Durrat Al Aroos. Perguntas frequentes De onde vem a doçura do Durrat Al Aroos? Vem da baunilha e da fava tonka. O que a segura é o cardamomo e o açafrão no meio e a madeira de guaiaco no fim, e não há fruta nem caramelo na lista. Pelas notas, é um doce quente e especiado, mais de especiaria que de calda. Durrat Al Aroos lembra qual perfume importado? O Durrat Al Aroos é comparado ao Erba Pura, da Xerjoff. A Al Wataniah não indica inspiração; para escolher, olhe o que é dele: baunilha, cardamomo, açafrão, fava tonka e guaiaco, sem flor na lista. Um homem pode usar o Durrat Al Aroos? Pode. No varejo brasileiro aparece mais como feminino, e algumas lojas o listam como unissex; a Al Wataniah não o separa por gênero. Baunilha, especiarias e madeira, sem flor nem fruta, funcionam nos dois guarda-roupas. Durrat Al Aroos e Durrat Al Aroos Love são o mesmo perfume? Não. O Love é outro perfume da Al Wataniah, e tudo o que está aqui, notas e tamanho, vale apenas para o Durrat Al Aroos sem o Love, em Eau de Parfum de 85 ml. Se o frasco que você procura tem a palavra Love no nome, é o outro. Veja também Perfume árabe doce - baunilha, tonka e outros doces quentes. Perfume árabe amadeirado - madeiras, âmbar e especiarias. Al Wataniah na loja - os demais perfumes da casa. Perfume árabe - a loja completa.",in stock,new,157.90 BRL,,https://www.perfumearabe.com/produtos/al-wataniah-durrat-al-aroos/,https://dcdn-us.mitiendanube.com/stores/008/297/978/products/01-al-wataniah-durrat-al-aroos-db1d0adb795408903517911663974316-1024-1024.png,Al Wataniah,371851832
1611646343,Angham Lattafa Eau de Parfum Unissex 100ml,Angham Lattafa Eau de Parfum Unissex 100ml,in stock,new,280.90 BRL,,https://www.perfumearabe.com/produtos/lattafa-angham/,https://dcdn-us.mitiendanube.com/stores/008/297/978/products/01-lattafa-angham-5ebbf0f812bada927817914026708509-1024-1024.webp,perfumearabe.com,371851878
1611646967,Historic Olmeda Afnan Eau de Parfum Unissex 100ml,"Resumo ★ 3,95 no Fragrantica · 460 votos Votos divididos entre dia e noite. 58% dia · verão e primavera O Historic Olmeda Afnan foge da ordem esperada: pimenta-rosa, cardamomo, zimbro e toranja na frente, mas bergamota-da-calábria no meio e maçã no fundo, ao lado de patchouli, âmbar cinzento e almíscar. Aromático especiado unissex da Afnan: 100 ml de Eau de Parfum, ano de 2022. Como é o cheiro do Historic Olmeda Afnan A entrada é de especiaria seca. A pimenta-rosa tem um picante frutado, o cardamomo traz um tom fresco e quase de chá, o zimbro é resina verde e a toranja dá o amargor de casca. A bergamota-da-calábria, um cítrico perfumado, vem só no coração, junto de cedro, noz-moscada e jasmim: o cítrico chega depois do tempero, e isso dá ao perfume um ritmo próprio, mais de especiaria que de colônia. No fundo, patchouli e almíscar sustentam, o âmbar cinzento (ambergris) dá um toque salgado e a maçã fica ali como fruta crocante, sem doçura de calda. Especificações Campo Detalhe Casa Afnan Concentração Eau de Parfum Gênero Unissex Família olfativa Aromática especiada Ano de lançamento 2022 Tamanho 100 ml Notas de topo Pimenta-rosa, cardamomo, zimbro, toranja Notas de coração Bergamota-da-calábria, cedro, noz-moscada, jasmim Notas de fundo Patchouli, maçã, âmbar cinzento (ambergris), almíscar Para quem é o Historic Olmeda e quando usar É para quem gosta de aromático com tempero e não quer o doce de baunilha: a casa o marca como fresco, especiado e amadeirado, e a lista de notas confirma. Serve a homens e mulheres, como declara a Afnan. A sugestão para o Brasil é nossa: com cardamomo, zimbro e toranja na entrada, ele funciona de dia, no trabalho e em clima ameno; no calor úmido, o cedro e o patchouli seguram o conjunto sem pesar. Perguntas frequentes O cardamomo do Historic Olmeda lembra a menta do 9 AM Dive? Não dão a mesma sensação. O cardamomo é uma especiaria de frescor seco, quase de chá, e a menta do 9 AM Dive é frio direto, no meio de limão e cassis, num perfume aromático aquático. Os dois da Afnan dividem pimenta-rosa, maçã, jasmim, cedro e patchouli, mas o Olmeda usa essa base para o lado especiado e resinoso. Historic Olmeda é o mesmo que Olmeda ou Historical Olmeda? O nome é Historic Olmeda, da coleção Historic da Afnan; ""Olmeda"" é o apelido curto e ""Historical"" é grafia errada que circula em anúncios. A coleção tem ainda o Doria e o Sahara, que são perfumes diferentes. Por que a maçã aparece no fundo do Historic Olmeda e não na abertura? É a ordem que a casa declara: bergamota-da-calábria no coração e maçã no fim, junto de patchouli, âmbar cinzento e almíscar. Lá embaixo ela vira fruta crocante, sem calda, e a lista não traz baunilha nem caramelo. A Afnan o apresenta como fresco, especiado e amadeirado. Veja também Perfume árabe — a loja completa. Perfume árabe unissex — outras opções para homem e mulher. Perfume árabe fresco — cítricos e aromáticos para o calor. Afnan na loja — os demais perfumes da casa.",in stock,new,297.00 BRL,,https://www.perfumearabe.com/produtos/afnan-historic-olmeda/,https://dcdn-us.mitiendanube.com/stores/008/297/978/products/01-afnan-historic-olmeda-6c9f6f5a6dc35314f017913385640963-1024-1024.webp,Afnan,371851934
1611647126,Aqua Dubai Al Haramain Amber Oud Extrait de Parfum 100ml,"Resumo ★ 4,27 no Fragrantica · 3,9 mil votos Mais votado para o dia e os dias quentes. 78% dia · verão e primavera O Aqua Dubai Al Haramain, de nome completo Amber Oud Aqua Dubai, leva oud no nome e não leva oud na pirâmide: a casa o monta com bergamota, melão e abacaxi e o fecha em baunilha e almíscar. É um Extrait de Parfum unissex de 100 ml, lançado em 2024. Como é o cheiro do Aqua Dubai Al Haramain Quem chega esperando madeira escura encontra fruta e folha cortada. A bergamota e a tangerina abrem com um brilho cítrico, e as notas verdes dão a sensação de caule recém-partido, de cheiro úmido e fresco. No coração, o melão e o abacaxi trazem a polpa suculenta, o cassis (groselha-preta) acrescenta um ácido escuro de fruta, e o âmbar segura tudo com um calor suave. É a parte que explica o gosto de verão do perfume: doce de fruta, sem açúcar de bolo. A base é de almíscar e baunilha, com gálbano e petitgrain para não deixar o fim adocicado demais. O gálbano é uma resina verde de cheiro amargo, como talo de planta, e o petitgrain vem da folha da laranjeira-amarga, com um verde cítrico e levemente amadeirado. Especificações Campo Detalhe Casa Al Haramain Concentração Extrait de Parfum Gênero Unissex Ano de lançamento 2024 Tamanho 100 ml Notas de topo Bergamota, notas verdes, tangerina Notas de coração Melão, abacaxi, âmbar, cassis Notas de fundo Almíscar, baunilha, gálbano, petitgrain Para quem é o Aqua Dubai e quando usar É para quem quer um frutado fresco com cara de perfume de casa árabe, mas sem a doçura pesada que costuma vir junto. Fica mais à vontade em manhã de calor e em tarde de primavera do que em noite fria. No calor úmido do Brasil, a abertura de bergamota e melão é o ponto forte. Como é Extrait, a concentração mais alta da perfumaria, comece com duas borrifadas e ajuste ao seu gosto e ao clima. Se você procura um Al Haramain para o dia a dia quente, com fruta, folha e baunilha no lugar de resina escura, o Aqua Dubai entrega essa conversa. Perguntas frequentes O Amber Oud Aqua Dubai tem oud? Não na pirâmide que a Al Haramain publica: topo de bergamota, notas verdes e tangerina, coração de melão, abacaxi, âmbar e cassis, base de almíscar, baunilha, gálbano e petitgrain. O ""Oud"" fica no nome da linha, e o âmbar é a nota que aparece de fato. O Aqua Dubai é doce ou fresco? Os dois, em ordem: fresco na entrada, com bergamota, tangerina e notas verdes, e doce de fruta no meio, com melão e abacaxi. A baunilha só aparece no fim, e o gálbano e o petitgrain mantêm o lado verde até lá. Vi o Aqua Dubai anunciado como EDP: é outro perfume? É o mesmo. A Al Haramain declara ""Extrait De Parfum"" na página do produto, e alguns anúncios o chamam de Eau de Parfum por engano. Como o Extrait é mais concentrado, vale conferir essa palavra no rótulo. O Aqua Dubai é a mesma coisa que o Amber Oud Gold Edition? Não. A Al Haramain tem outras edições do Amber Oud, como a Gold Edition, a Bleu Edition e a Dubai Night, cada uma com a própria pirâmide. O Aqua Dubai é o das notas de melão, abacaxi e bergamota; ao comparar, olhe o nome completo no frasco. Veja também Perfume árabe — a loja completa. Perfume árabe unissex — outras opções para homem e mulher. Perfume árabe fresco — perfumes que aguentam o calor. Perfume árabe original — como conferir o seu frasco.",in stock,new,699.00 BRL,,https://www.perfumearabe.com/produtos/al-haramain-amber-oud-aqua-dubai-blue/,https://dcdn-us.mitiendanube.com/stores/008/297/978/products/01-al-haramain-amber-oud-aqua-dubai-blue-5a889fa934edebf9d117911397835119-1024-1024.png,Al Haramain,371851974
1611648215,Amnia Al Wataniah Eau de Parfum de 100ml,"Resumo O Amnia Al Wataniah põe a amêndoa na frente de um buquê de flores brancas: tuberosa e flor de laranjeira sobre patchouli, baunilha e fava tonka. É um floral gourmand de 2022, em Eau de Parfum de 100 ml. Como é o cheiro do Amnia Al Wataniah A pimenta-rosa dá o primeiro brilho, uma especiaria leve que abre espaço para a amêndoa, cremosa e de doçura contida. O centro é de flor branca. A tuberosa é intensa e cremosa, a mais forte da lista, e a flor de laranjeira, mais clara e adocicada, a acompanha; a amêndoa que veio da entrada amacia o conjunto. No fundo, a baunilha e a fava tonka, que tem cheiro de baunilha com amêndoa, levam o conjunto ao doce, e o patchouli, terroso, dá o chão que impede o floral de ficar adocicado demais. Especificações Campo Detalhe Casa Al Wataniah Concentração Eau de Parfum Gênero Não declarado pela casa Família olfativa Floral gourmand Ano de lançamento 2022 Tamanho 100 ml Notas de topo Amêndoa, pimenta-rosa Notas de coração Tuberosa, flor de laranjeira Notas de fundo Patchouli, baunilha, fava tonka Para quem é o Amnia e quando usar É perfume de noite e de tempo frio, com o outono e o inverno como estações dele e o verão como exceção. A tuberosa e a baunilha explicam: precisam de ar mais fresco para não pesar. Se o dia estiver quente e úmido, vá com pouco e à noite; em temperatura amena, ele abre mais. Quem gosta de flor branca com um lado de doce de confeitaria, e não de floral de sabonete, é quem se acerta com ele. Um gourmand com flor de verdade é o que ele oferece, sem virar sobremesa. Perguntas frequentes A tuberosa faz do Amnia um perfume só feminino? A Al Wataniah não declara gênero para o Amnia. O desenho deixa a porta aberta: o buquê branco é o que o aproxima do feminino; o patchouli e a fava tonka dão uma base que cabe em quem gosta de flor com chão. O Amnia é fresco ou doce, já que a casa fala em frescor? Os dois. A casa o resume como fresco, elegante e ousado, e o frescor está na pimenta-rosa da entrada e na flor de laranjeira. O doce está na baunilha, na fava tonka e na amêndoa, que ficam por trás. Em um floral gourmand, as duas leituras convivem. O patchouli do Amnia deixa o perfume pesado ou terroso? Ele fica no fundo, ao lado da baunilha e da fava tonka, e tem o papel de dar chão: sem o patchouli, o conjunto seria só flor branca e doce. Como a lista não o coloca na frente, ele aparece como um tom escuro e terroso que segura o resto, e não como protagonista. A amêndoa é a nota que mais aparece no Amnia? É a que se nota primeiro, junto com a pimenta-rosa, porque abre o perfume. Depois a fava tonka e a baunilha, que também têm um lado amendoado, a mantêm viva por trás, enquanto a tuberosa passa para o primeiro plano. Veja também Perfume árabe floral — rosas, jasmins e flores brancas. Perfume árabe doce — baunilhas, caramelos e gourmands. Perfume árabe com baunilha — fundos de baunilha. Al Wataniah na loja — os demais perfumes da casa.",in stock,new,270.00 BRL,,https://www.perfumearabe.com/produtos/al-wataniah-amnia/,https://dcdn-us.mitiendanube.com/stores/008/297/978/products/01-al-wataniah-amnia-eacb0ee194422c42d517911663788187-1024-1024.png,Al Wataniah,371852126
1611648719,Sabah Al Ward Sugar Al Wataniah Eau de Parfum 100ml,"Resumo O Sabah Al Ward Sugar é um frutado vermelho de cassis, mirtilo, framboesa, cereja e morango sobre jasmim, violeta e uma base de âmbar e baunilha. É o flanker do Sabah Al Ward, da Al Wataniah, de 2025, em Eau de Parfum de 100 ml. Como é o cheiro do Sabah Al Ward Sugar A fruta chega em cesto, não em fatia: a casa fala em frutas vermelhas amassadas, e a lista junta cinco delas de uma vez. O cassis dá o lado azedo e escuro, o morango e a framboesa o doce vivo, o mirtilo e a cereja o meio-termo. Jasmim e violeta formam o coração floral, mais delicado que a fruta que vem antes. Depois a conversa fica quente: âmbar, almíscar e baunilha envolvem tudo, e patchouli, cashmeran e musgo de carvalho dão um contrapeso terroso para o doce não ficar sozinho. Cashmeran é uma molécula sintética usada em fundos pelo toque macio e levemente especiado. Especificações Campo Detalhe Casa Al Wataniah Concentração Eau de Parfum Gênero Não declarado pela casa Família olfativa Frutado floral com base âmbar-baunilha Ano de lançamento 2025 Tamanho 100 ml Notas de topo Cassis, mirtilo, framboesa, cereja, morango Notas de coração Jasmim, violeta Notas de fundo Âmbar, almíscar, baunilha, patchouli, cashmeran, musgo de carvalho Para quem e quando É um perfume de quem gosta de doce com cor, não de doce de confeitaria: a fruta é ácida o bastante para não enjoar, e o fundo de âmbar e baunilha segura a presença. No calor brasileiro, o topo de frutas vermelhas ajuda, mas a base quente pede aplicação moderada em dia úmido. Para o dia a dia de quem já usa o Sabah Al Ward e quer uma versão mais frutada, o Sugar é a troca natural; para estreia na linha, vale pela fruta vermelha que o original não tem. Perguntas frequentes Qual a diferença entre o Sabah Al Ward Sugar e o Sabah Al Ward? Dividem só jasmim, baunilha e patchouli. O Sabah Al Ward abre com pimenta-rosa e laranja-mandarina e traz flor de laranjeira, cacau e fava tonka no meio; o Sugar troca isso por cassis, mirtilo, framboesa, cereja e morango, entra com violeta e acrescenta âmbar, almíscar, cashmeran e musgo de carvalho. Um é gourmand com cacau, o outro é de fruta vermelha. Sabah Al Ward Sugar é para mulher? A Al Wataniah não classifica o Sugar por gênero no site, e ele costuma ser tratado como feminino, o que combina com o par de fruta vermelha e flor. Nada na lista de notas impede quem gosta de doce frutado de usar. Com baunilha e âmbar no fundo, o Sugar enjoa? Tem doce, de dois tipos: fruta vermelha no começo e baunilha com âmbar no fim. O patchouli e o musgo de carvalho do fundo seguram o açúcar com um toque terroso, e o cassis traz acidez para o topo. O Sabah Al Ward Sugar é o mesmo que o Sabah Al Ward Valentine? Não. São perfumes diferentes da linha Sabah Al Ward: o Sugar é de 2025, e o Valentine, de 2026, tem outra edição própria. Veja também Perfume árabe doce — baunilha, caramelo e gourmand. Perfume árabe floral — flores brancas, rosas e jasmim. Al Wataniah na loja — os demais perfumes da casa. Perfume árabe — a loja completa.",in stock,new,174.00 BRL,,https://www.perfumearabe.com/produtos/al-wataniah-sabah-al-ward-sugar/,https://dcdn-us.mitiendanube.com/stores/008/297/978/products/01-al-wataniah-sabah-al-ward-sugar-bcb0f652cb1b60814517915560928026-1024-1024.webp,Al Wataniah,371852161
1611648918,Sultan Al Lail Al Wataniah Eau de Parfum 100ml,"Resumo ★ 4,16 no Fragrantica · 219 votos Vai do dia à noite, com destaque nos dias quentes. 56% dia · primavera e verão O Sultan Al Lail Al Wataniah abre cítrico, com bagas de zimbro, laranja-sanguínea e limão-siciliano, mas o que o define é o miolo verde de lavanda e sálvia-esclareia sobre vetiver e cedro. Amadeirado cítrico em Eau de Parfum de 100 ml. Como é o cheiro do Sultan Al Lail Al Wataniah O zimbro é a nota que o separa de um cítrico comum: a baga de zimbro tem cheiro de resina verde e de gim, e segura a laranja-sanguínea e o limão-siciliano para que a saída não vire limonada. No coração aparecem pimenta-da-jamaica, sálvia-esclareia, lavanda e gerânio. É a parte herbal do perfume: a lavanda é aromática e limpa, a sálvia-esclareia é uma erva de cheiro seco e levemente adocicado, o gerânio é folha verde com um toque de rosa, e a pimenta-da-jamaica dá o calor discreto. O fundo é de madeira: vetiver, cedro e patchouli. O vetiver é raiz de cheiro terroso e fresco ao mesmo tempo, o cedro seca o conjunto e o patchouli entra por último, escuro e sem açúcar. Especificações Campo Detalhe Casa Al Wataniah Concentração Eau de Parfum Gênero Não declarado pela casa Caráter Amadeirado cítrico Tamanho 100 ml Notas de topo Bagas de zimbro, cítricos, laranja-sanguínea, limão-siciliano Notas de coração Pimenta-da-jamaica, sálvia-esclareia, lavanda, gerânio Notas de fundo Vetiver, cedro, patchouli Para quem é o Sultan Al Lail e quando usar É para quem gosta de cheiro limpo, mas quer algo além do cítrico de verão: a lavanda e a sálvia-esclareia dão corpo herbal e o vetiver segura a madeira. A casa não define gênero. A sugestão para o Brasil é nossa: cítricos e lavanda pedem dias quentes e secos, manhã e tarde, trabalho e rua. No calor úmido, a madeira do fundo mantém o conjunto agradável, e à noite o patchouli e o cedro ganham espaço. Perguntas frequentes O que separa o zimbro do Sultan Al Lail da ameixa e da camurça do Eqaab? São vizinhos da mesma casa, com lavanda, gerânio, vetiver e cedro em comum, e a diferença está nas pontas. O Eqaab abre com lavanda, pimenta-rosa e especiarias, leva ameixa e maçã no coração e termina em camurça. O Sultan Al Lail abre com zimbro e cítricos, tem sálvia-esclareia no coração e fecha com patchouli. Um é mais frutado e macio, o outro mais verde e resinoso. Dá para sentir a pimenta-da-jamaica entre a lavanda e o gerânio do Sultan Al Lail? Ela está no coração e é a única especiaria da lista, então funciona como um calor por trás das ervas, e não como o tema do perfume. Quem procura um amadeirado apimentado de verdade encontra mais tempero em outros da casa. Vi um Sultan Al Lail Extrait em outro anúncio. É este perfume? O que vendemos aqui é o Eau de Parfum de 100 ml, a única versão que a casa lista. Se o anúncio que você viu traz Extrait no nome, confira a concentração antes de comparar preços. Veja também Perfume árabe — a loja completa. Perfume árabe fresco — cítricos e aromáticos para o calor. Perfume árabe amadeirado — fundos de cedro, patchouli e madeira. Al Wataniah na loja — os demais perfumes da casa.",in stock,new,227.00 BRL,,https://www.perfumearabe.com/produtos/al-wataniah-sultan-al-lail/,https://dcdn-us.mitiendanube.com/stores/008/297/978/products/01-al-wataniah-sultan-al-lail-c56813607e0382ceb517913386167454-1024-1024.webp,Al Wataniah,371852200
1611649118,Thahaani Al Wataniah Eau de Parfum de 100ml,"Resumo ★ 4,24 no Fragrantica · 112 votos Mais votado para a noite e os dias frios. 61% noite · inverno e outono O Thahaani Al Wataniah é um buquê de flores com brilho de aldeídos na frente e madeira escura atrás: rosa, peônia e pêssego abrem, e sândalo, âmbar e musgo de carvalho fecham. É um floral amadeirado chipre de 2022, em Eau de Parfum de 100 ml. Como é o cheiro do Thahaani Al Wataniah Os aldeídos dão à entrada um brilho limpo, de roupa lavada, e dividem o espaço com a rosa, a folha de violeta, de cheiro verde e levemente empoado, o pêssego, o osmanthus, uma flor de toque frutado, e a peônia. A rosa volta no meio, com o heliotrópio, de doçura empoada que lembra baunilha e amêndoa, a tuberosa, a flor de laranjeira e a ameixa, que põe um fruto escuro e macio no buquê. Só no fim o floral encontra a madeira: sândalo, cedro, âmbar, almíscar, musgo de carvalho e patchouli. O musgo de carvalho com o patchouli é a base do que se chama chipre, e é por isso que a casa o classifica assim, apesar de tanta flor. Especificações Campo Detalhe Casa Al Wataniah Concentração Eau de Parfum Gênero Não declarado pela casa Família olfativa Floral amadeirado chipre Ano de lançamento 2022 Tamanho 100 ml Notas de topo Aldeídos, rosa, folha de violeta, pêssego, osmanthus, peônia Notas de coração Heliotrópio, rosa, tuberosa, flor de laranjeira, ameixa Notas de fundo Sândalo, almíscar, musgo de carvalho, âmbar, cedro, patchouli Para quem é o Thahaani e quando usar É perfume de noite e de estação fria, com a primavera como segunda casa e o verão com menos espaço. No calor, os aldeídos e o pêssego ainda seguram a entrada, mas a tuberosa e as madeiras pedem noite ou ar-condicionado. Quem gosta de buquê de rosa clássico, com algo escuro por baixo, é o público dele; quem procura floral leve e solar tende a achá-lo sério demais. A flor com madeira por baixo é a proposta dele. Perguntas frequentes Um homem pode usar o Thahaani, mesmo sendo tão floral? A Al Wataniah não declara gênero para o Thahaani. As madeiras do fundo, cedro, sândalo, musgo de carvalho e patchouli, equilibram as flores, e é essa estrutura que o torna fácil de usar sem rótulo. Por que o Thahaani é chamado de floral chipre, se tem tanta flor? Porque chipre descreve a base, não o buquê: musgo de carvalho e patchouli no fundo, com âmbar e madeiras, sustentam as flores com um lado terroso e seco. As flores ocupam o topo e o coração, e o chipre aparece quando elas baixam. A ameixa deixa o Thahaani frutado demais? Não: ela só aparece no coração, ao lado da rosa, da tuberosa e do heliotrópio, e dá ao buquê um fruto escuro e macio. A família do perfume é floral amadeirado chipre, e o pêssego da entrada é a única fruta clara da lista. Os aldeídos do Thahaani deixam o perfume com cheiro de sabonete? Eles dão brilho e uma sensação limpa, de roupa lavada, mas ficam na entrada, junto da rosa e do pêssego. O efeito tende a perder espaço para as flores do meio e para as madeiras do fundo, que dão ao perfume um tom mais escuro do que o de um sabonete. Veja também Perfume árabe floral — rosas, jasmins e flores brancas. Perfume árabe amadeirado — madeiras, resinas e especiarias. Al Wataniah na loja — os demais perfumes da casa. Perfume árabe — a loja completa.",in stock,new,154.00 BRL,,https://www.perfumearabe.com/produtos/al-wataniah-thahaani/,https://dcdn-us.mitiendanube.com/stores/008/297/978/products/01-al-wataniah-thahaani-3cb3c2acb04ac8f90517911664189555-1024-1024.png,Al Wataniah,371852235
1611649384,Ameerati Al Wataniah Eau de Parfum de 100ml,"Resumo O Ameerati Al Wataniah é um amadeirado fresco que fica entre o cítrico e o talco: cítricos, notas verdes e almíscar na frente, madeira e frescor no meio, e um fundo especiado e atalcado. É de 2019, em Eau de Parfum de 100 ml. Como é o cheiro do Ameerati Al Wataniah Nada aqui é doce de forma explícita. A entrada junta cítrico, verde e almiscarado: o cítrico dá o brilho de casca, o verde um toque cortado de folha, e o almíscar uma pele limpa por baixo. O meio é de madeira e de frescor, sem flor nem fruta nomeada, e é isso que dá a espinha seca e arejada do perfume. O fundo é de especiaria fresca e de talco. O talco é o que o macia e dá uma ideia de pele talcada, e a especiaria o impede de ficar só limpo. Especificações Campo Detalhe Casa Al Wataniah Concentração Eau de Parfum Gênero Não declarado pela casa Família olfativa Amadeirado fresco especiado (atalcado) Ano de lançamento 2019 Tamanho 100 ml Notas de topo Cítricos, notas verdes, almíscar Notas de coração Amadeirado, fresco Notas de fundo Especiado fresco, atalcado Para quem é o Ameerati e quando usar Vai melhor de dia, na primavera, no verão e no outono, com o inverno atrás. O cítrico e o verde combinam com o calor e a umidade do Brasil, e o talco do fundo evita que o perfume fique áspero; em tempo muito quente, uma aplicação moderada basta. É um perfume para o dia a dia de quem quer cheiro limpo e discreto, sem nota doce na lista. Entre os frescos, ele se distingue por juntar cítrico, madeira e talco num mesmo desenho. Perguntas frequentes Dá para um homem e uma mulher dividirem o mesmo frasco de Ameerati? A Al Wataniah não declara gênero, e o desenho ajuda: cítrico, verde e madeira, sem flor nem doce na lista, não puxam para um lado só, e o talco do fundo suaviza para os dois. O Ameerati é parecido com qual perfume? Ele costuma ser lembrado ao lado do Woman, da Ralph Lauren, como referência olfativa. A Al Wataniah não cita inspiração, e o Ameerati se descreve por cítrico, verde, madeira e talco. Sem nota doce na lista, o Ameerati deixa algum doce na pele? Não do tipo que se come: o macio que se percebe vem do almíscar e do talco, e não de açúcar. Quem espera baunilha ou caramelo vai procurar em outro frasco. Quais são as notas e a pirâmide do Ameerati? A casa descreve o Ameerati por acordes, e não por ingredientes: cítrico, verde e almiscarado no topo; amadeirado e fresco no coração; especiado fresco e atalcado no fundo. O Ameerati Body Mist de 250 ml é o mesmo que este perfume? Não. O Body Mist é um produto separado, de 250 ml, e quem busca o perfume encontra aqui o Eau de Parfum de 100 ml. A Al Wataniah também faz um aromatizador de ambiente de 300 ml com o mesmo nome, que não é perfume. Veja também Perfume árabe fresco — cítricos, verdes e aquáticos. Perfume árabe amadeirado — madeiras, resinas e especiarias. Al Wataniah na loja — os demais perfumes da casa. Perfume árabe — a loja completa.",in stock,new,185.00 BRL,,https://www.perfumearabe.com/produtos/al-wataniah-ameerati/,https://dcdn-us.mitiendanube.com/stores/008/297/978/products/01-al-wataniah-ameerati-c492594b5c9318b90517913385803298-1024-1024.webp,Al Wataniah,371852296
1611649745,Club de Nuit Oud Armaf Parfum Masculino 105ml,"Resumo ★ 3,88 no Fragrantica · 573 votos Votos divididos entre dia e noite. 54% noite · inverno e outono O Club de Nuit Oud não começa pelo oud: abre em fruta, com abacaxi, pêssego e maracujá, e deixa a madeira escura para o fundo, onde o oud cambojano dá nome ao perfume. É um Parfum de 105 ml da Armaf, de 2023, para homem. Como é o cheiro do Club de Nuit Oud Quem espera um oud fechado se surpreende na saída. Bergamota, abacaxi, pêssego, maracujá, pera e ameixa formam uma mesa de frutas, doce e brilhante, que ainda não deixa adivinhar o que vem depois. No coração o perfume muda de temperatura. Jasmim e frésia suavizam a passagem, as folhas de violeta trazem um verde empoado e a madeira de cashmere é o primeiro tom amadeirado, ainda macio. O fundo explica o nome. O oud, resina escura que se forma na madeira da árvore Aquilaria e matéria-prima mais associada à perfumaria árabe, vem do Camboja, ao lado de cipriol, âmbar cristal, almíscar, baunilha e sândalo. A baunilha e o âmbar arredondam a madeira, e a própria Armaf fecha a descrição falando em couro rico e oud precioso. Especificações Campo Detalhe Casa Armaf Linha Club de Nuit Concentração Parfum Gênero Masculino Família olfativa Couro Ano de lançamento 2023 Tamanho 105 ml Topo Bergamota, Abacaxi, Pêssego, Maracujá, Pera, Ameixa Coração Jasmim, Frésia, Folhas de violeta, Madeira de cashmere Fundo Oud cambojano, Cipriol, Âmbar cristal, Almíscar, Baunilha, Sândalo Para quem e quando É um oud para quem quer o perfil escuro da perfumaria árabe sem a entrada pesada: a fruta recebe quem cheira, e a madeira vem depois, no ritmo da pele. Sugestão nossa: a saída frutada pede poucas borrifadas nos dias quentes e úmidos, e o fundo de oud, baunilha e âmbar aparece melhor à noite e em temperatura amena. Fruta na frente, oud atrás e baunilha segurando os dois: um frasco para sair de casa sem pedir ocasião. Perguntas frequentes O Club de Nuit Oud tem cheiro forte de oud? O oud está no fundo, e a frente é de fruta. Primeiro vêm abacaxi, pêssego e maracujá; o oud cambojano aparece depois, ao lado de cipriol, âmbar cristal, baunilha e sândalo. Quem busca um oud seco e fumado encontra aqui uma leitura mais doce e frutada. Por que a Armaf fala em couro se o Club de Nuit Oud não tem nota de couro? A casa o classifica na família do couro e fecha a descrição falando em couro rico e oud precioso, mas a pirâmide não lista nenhuma nota de couro. O couro é uma impressão que ela atribui ao conjunto do fundo, atrás da fruta. O Club de Nuit Oud tem alguma coisa do Club de Nuit Intense Man? Pouco além de um fio de notas e do nome da linha: bergamota, abacaxi, jasmim, almíscar e baunilha aparecem nos dois. O Intense Man é de 2015, em Eau de Toilette, e abre com limão, maçã e cassis antes da bétula; o Oud, de 2023 e em Parfum, acrescenta pêssego, maracujá, pera e ameixa, e é o único com oud cambojano, âmbar cristal e sândalo no fundo. O Club de Nuit Oud é perfume de homem ou de mulher? No cadastro da Armaf ele está como masculino, e a loja o apresenta assim. Etiquetas do mesmo site trazem também unissex, e com fruta e baunilha em volta do oud a leitura para os dois públicos faz sentido. Veja também Perfume árabe — a loja completa, com outras casas além da Armaf. Perfume árabe masculino — mais perfumes para homem, reunidos por estilo. Armaf na loja — a casa do Club de Nuit Oud. Linha Club de Nuit — as outras versões da linha da Armaf. Perfume oud — outros perfumes com oud para comparar.",in stock,new,469.90 BRL,,https://www.perfumearabe.com/produtos/armaf-club-nuit-oud/,https://dcdn-us.mitiendanube.com/stores/008/297/978/products/01-armaf-club-nuit-oud-3ada63db19dc08db9417914707394417-1024-1024.webp,Armaf,371852391
1611651055,Club de Nuit Precieux I Armaf Eau de Parfum 55ml,"Resumo ★ 4,47 no Fragrantica · 3,1 mil votos Votos divididos entre dia e noite. Fixação 8,2/10 · Projeção 7,9/10 · 51% noite · primavera e outono O Club de Nuit Precieux I abre com abacaxi, pera e caramelo ao lado de bergamota, limão e duas pimentas, e fecha em couro, âmbar e baunilha. É um chipre âmbar da linha Club de Nuit , da Armaf, em Eau de Parfum de 55 ml. Como é o cheiro do Club de Nuit Precieux I São 19 notas, e quase todas trabalham em duplas de contraste. A frente é cítrica e picante ao mesmo tempo: bergamota e limão dão brilho, pimenta-rosa e pimenta-preta dão o estalo seco, e abacaxi, pera e caramelo amaciam o conjunto com uma doçura de fruta madura. No meio ficam o anis, que lembra alcaçuz, o lírio-do-vale e o jasmim, de um lado, e a madeira branca e o musgo de carvalho, de outro. O musgo é o que puxa o perfume para o chipre: um verde terroso, úmido, de sombra. O fundo é quente e denso, com âmbar, cedro, couro, patchouli, almíscar branco, baunilha e ambroxan. O ambroxan é uma molécula sintética de âmbar, limpa e mineral, que dá corpo ao fundo; o couro e a baunilha ficam por baixo dela. Especificações Campo Detalhe Casa Armaf Concentração Eau de Parfum Família olfativa Chipre âmbar Tamanho 55 ml Notas de topo Bergamota, limão, pimenta-rosa, pimenta-preta, abacaxi, pera, caramelo Notas de coração Anis, lírio-do-vale, jasmim, madeira branca, musgo de carvalho Notas de fundo Âmbar, cedro, couro, patchouli, almíscar branco, baunilha, ambroxan Para quem e quando É um perfume para quem gosta de fruta e pimenta na saída, mas quer um fundo de couro e baunilha que segure o desenho até o fim. A mistura combina com noites e encontros, e a frente cítrica deixa o frasco à vontade em tardes mais frescas. Sugestão nossa para o calor úmido do Brasil: duas borrifadas bastam, de preferência em ambiente aberto, porque o fundo de âmbar, couro e baunilha fica mais presente quando o ar está parado. Se a ideia é levar fruta, pimenta e couro no mesmo frasco, o Precieux I de 55 ml é a escolha. Perguntas frequentes O Club de Nuit Precieux é masculino ou feminino? A própria Armaf o classifica de formas diferentes conforme o site: unissex em um e masculino em outros. A lista de notas acompanha essa divisão, com pimenta, couro e musgo de carvalho de um lado e jasmim, lírio-do-vale e baunilha do outro. O feminino da linha que aparece nas buscas costuma ser o Precieux IV, que é outro perfume. Precieux, Precieux 1 e Precieux I são o mesmo perfume? São o mesmo: a Armaf escreve ""Precieux 1"" em alguns sites e ""Precieux I"" em outro, e há quem chame só de ""Precieux"". O Precieux IV é um perfume à parte, com pirâmide diferente, e não deve ser confundido com este. Abacaxi e caramelo cabem num chipre? Cabem porque o musgo de carvalho e o patchouli seguram o lado terroso que define o chipre, e a fruta fica na saída, onde dura menos. É leitura nossa a partir da lista de notas, e é o que separa o Precieux I de um chipre mais seco. Quantos ml tem o Club de Nuit Precieux I que a loja vende? São 55 ml, em Eau de Parfum. A busca por ""precieux armaf 100ml"" existe, mas o frasco deste perfume é o de 55 ml. Veja também Armaf na loja — os demais perfumes da casa. Perfume árabe amadeirado — madeiras, resinas e especiarias. Perfume árabe unissex — perfumes para todos. Perfume árabe — a loja completa.",in stock,new,507.90 BRL,,https://www.perfumearabe.com/produtos/armaf-club-de-nuit-precieux-i/,https://dcdn-us.mitiendanube.com/stores/008/297/978/products/01-armaf-club-de-nuit-precieux-i-ac36ec26dfde89449d17914707232628-1024-1024.webp,Armaf,371852688
1611651382,Odyssey Mandarin Sky Elixir Armaf Eau de Parfum 100ml,"Resumo ★ 4,47 no Fragrantica · 870 votos Votos divididos entre dia e noite. Fixação 8,1/10 · Projeção 7,8/10 · 53% noite · inverno e outono O Odyssey Mandarin Sky Elixir coloca tangerina, sálvia e pimenta-preta diante de um coração de incenso e caramelo, e fecha em baunilha. É o Elixir da linha Odyssey Mandarin Sky, da Armaf, de 2025, em Eau de Parfum de 100 ml. Como é o cheiro do Odyssey Mandarin Sky Elixir O doce aqui anda acompanhado de fumaça. O caramelo do coração não chega sozinho: vem com incenso e patchouli, e é isso que o impede de virar sobremesa. A abertura é cítrica e de ervas. Tangerina e laranja dão a casca, sálvia-esclareia e lavanda trazem o verde de erva cortada, e cardamomo com pimenta-preta aquecem o conjunto por dentro. A fava tonka arredonda o caramelo mais adiante, e o fundo é de vetiver, seco e terroso, com baunilha. A Armaf define a família como âmbar amadeirado com um toque cítrico-gourmand. Gourmand é o perfume que lembra algo comestível, como caramelo e baunilha, e aqui ele aparece em dose pequena, cercado de frescor. Especificações Campo Detalhe Casa Armaf Concentração Eau de Parfum Gênero Masculino no site da Armaf nas Américas; há vitrines que o tratam como compartilhável Família olfativa Âmbar amadeirado com toque cítrico-gourmand Ano de lançamento 2025 Tamanho 100 ml Notas de topo Tangerina (mandarina), laranja, sálvia-esclareia, lavanda, cardamomo, pimenta-preta Notas de coração Incenso, patchouli, caramelo, fava tonka Notas de fundo Vetiver, baunilha Para quem e quando O cítrico e as ervas dão uma largada fresca que combina com o calor brasileiro, e o caramelo e o incenso ganham espaço quando a pele esquenta ou a noite chega. Em dia úmido, vá de mão leve. Quem já tem o Mandarin Sky na estante encontra aqui um capítulo novo, com mais especiaria e mais fumaça. Quem nunca cheirou a linha pode começar por este, se o caramelo não assusta. Perguntas frequentes Qual a diferença entre o Odyssey Mandarin Sky Elixir e o Mandarin Sky? São dois perfumes, não duas versões do mesmo. Os dois dividem tangerina, laranja, sálvia, caramelo, fava tonka e vetiver. O Elixir acrescenta lavanda, cardamomo, pimenta-preta, incenso, patchouli e baunilha, e deixa de fora o açafrão, o tagetes, o cedro e o ambroxan do Odyssey Mandarin Sky , de 2023. Na prática, o Elixir pende mais para a especiaria e a fumaça. O Mandarin Sky Elixir tem cara de perfume para ele ou para ela? A Armaf o lista como masculino no site das Américas, e em outras vitrines ele aparece como compartilhável. O desenho, com cítrico, ervas, incenso e caramelo, não puxa para um lado só: escolha pelo que você gosta de sentir na pele. O Odyssey Mandarin Sky Elixir é o mesmo que o Elixir Limited Edition? É o mesmo perfume. O site da Armaf nos Emirados o vende como Limited Edition, com a mesma pirâmide e o mesmo código do Eau de Parfum de 100 ml. O Vintage Edition, o kit e o body spray da linha são outros produtos. Veja também Perfume árabe fresco — cítricos, verdes e aquáticos. Perfume árabe amadeirado — madeiras, resinas e especiarias. Armaf na loja — os demais perfumes da casa. Perfume árabe — a loja completa.",in stock,new,367.00 BRL,,https://www.perfumearabe.com/produtos/armaf-odyssey-mandarin-sky-elixir/,https://dcdn-us.mitiendanube.com/stores/008/297/978/products/01-armaf-odyssey-mandarin-sky-elixir-eef237dcdba17a12bf17914707447890-1024-1024.webp,Armaf,371852746
1611654950,Tiger Rayhaan Eau de Parfum Masculino 100ml,"Resumo ★ 4,19 no Fragrantica · 825 votos Mais votado para a noite e os dias frios. Fixação 8,1/10 · Projeção 7,7/10 · 66% noite · inverno e outono Leite no meio de um perfume de cravo e noz-moscada: é essa a estranheza que faz do Rayhaan Tiger um perfume com assunto. Especiado e cremoso, em Eau de Parfum de 100 ml, é um masculino da Rayhaan com fundo de patchouli, âmbar e olíbano. Como é o cheiro do Rayhaan Tiger A pirâmide completa começa pelo tempero: cravo-da-índia e noz-moscada, com o limão cortando por cima para a saída não ficar pesada. A Rayhaan resume essa abertura como uma mistura vibrante de especiaria e frescor. O coração é o que separa o Tiger de um especiado comum. Davana, notas lácteas e leite trazem cremosidade, e a rosa dá a esse creme um lado floral, que a casa descreve como sensual e com toques de madeiras preciosas. No fundo, patchouli, âmbar, labdano e olíbano (resina que se queima em incensos) formam uma base resinosa e quente. O conjunto é classificado como especiado, oriental, amadeirado, resinoso e cremoso. Especificações Campo Detalhe Casa Rayhaan Nome na casa Tiger Cal Cologne Edition Concentração Eau de Parfum Gênero Masculino Família olfativa especiado, oriental, amadeirado, resinoso, cremoso Ano de lançamento 2024 Tamanho 100 ml Topo Cravo-da-índia, Limão, Noz-moscada Coração Davana, Notas lácteas, Leite, Rosa Fundo Patchouli, Âmbar, Labdano, Olíbano Para quem e quando É para o homem que gosta de especiaria quente, mas não quer a doçura direta de uma baunilha: o leite e o âmbar dão corpo, e o limão do começo impede que o perfume pese. Sugestão nossa: cravo, âmbar e olíbano pedem noite e dias mais frescos; no calor, uma borrifada leve e ambiente arejado. Se o seu armário já tem o amadeirado de sempre, o Tiger é a aposta com leite e rosa no meio do tempero. Perguntas frequentes O Rayhaan Tiger tem cheiro de leite? O leite está na pirâmide, junto de notas lácteas, mas no coração, e não é a primeira coisa que se sente: a abertura é de cravo-da-índia, limão e noz-moscada. O leite entra como cremosidade entre a especiaria e o fundo resinoso de patchouli, âmbar e olíbano. O Rayhaan Tiger lembra o Halfeti, da Penhaligon's? Há quem o associe ao Halfeti, e vale tratar isso como referência de estilo, não como igualdade. O Tiger tem identidade própria, com leite e rosa no coração, cravo e limão na saída. Tiger Cal Cologne Edition e Rayhaan Tiger são o mesmo perfume? São. A página da Rayhaan chama o produto de Rayhaan Tiger e o descreve como Tiger Cal Cologne Edition, com uma única variante, de 100 ml. O nome comprido é só o da edição. Veja também Perfume árabe — a loja completa, com outras casas além da Rayhaan. Perfume árabe masculino — mais perfumes para homem, reunidos por estilo. Rayhaan na loja — a casa do Tiger. Perfume árabe amadeirado — outras madeiras e resinas para comparar.",in stock,new,274.00 BRL,,https://www.perfumearabe.com/produtos/rayhaan-tiger/,https://dcdn-us.mitiendanube.com/stores/008/297/978/products/01-rayhaan-tiger-ab055cff2f6ea0ffe917915081978036-1024-1024.webp,Rayhaan,371853360
1611660301,Mindset Maison Alhambra Eau de Parfum 100ml,"Resumo ★ 4,38 no Fragrantica · 158 votos Votos divididos entre dia e noite. 58% dia · primavera e verão O Mindset Maison Alhambra é feito de poucas notas, e quase todo o peso está na bergamota: a da Calábria e outra bergamota na saída, flor de laranjeira no meio e patchouli com Ambrofix™ no fundo. Vem em Eau de Parfum de 100 ml, vendido como perfume masculino. Como é o cheiro do Mindset Maison Alhambra Cinco notas bastam para o desenho ficar nítido. As duas bergamotas, a da Calábria e uma segunda, dão à abertura uma casca cítrica inteira, sem fruta doce por perto. A flor de laranjeira é o que muda a direção: troca o cítrico de casca pelo floral branco, de mel e de folha de laranja, e dá ao perfume o traço mais suave e arredondado. No fundo, o patchouli traz terra e madeira úmida, e o Ambrofix™, um ingrediente de perfumaria, dá a impressão de âmbar seco e amadeirado. O final é limpo e seco, sem baunilha nem doce. Especificações Campo Detalhe Casa Maison Alhambra Concentração Eau de Parfum Tamanho 100 ml Notas de topo Bergamota da Calábria, bergamota Notas de coração Flor de laranjeira Notas de fundo Patchouli, Ambrofix™ Para quem e quando É um perfume para quem prefere o cítrico floral ao doce, e quer um cheiro de roupa limpa e de pele arrumada sem esforço. Cabe no trabalho, no dia a dia e em encontros de tarde. Sugestão nossa para o Brasil: o conjunto de citrus e flor de laranjeira lida bem com calor e umidade, e o fundo seco de patchouli evita que o fim fique enjoativo. Cítrico com flor de laranjeira e fundo seco: o Mindset de 100 ml reúne os três em poucas notas. Perguntas frequentes O Mindset segue a linha do MYSLF, da Yves Saint Laurent? O MYSLF, da Yves Saint Laurent, é o nome que aparece ao lado do Mindset, e o paralelo vem da abertura cítrica e do coração de flor de laranjeira. A assinatura do Mindset, porém, é a lista enxuta: bergamota da Calábria, flor de laranjeira, patchouli e Ambrofix™. Flor de laranjeira no Mindset: o cheiro é doce ou cítrico? Mais cítrico do que doce: a flor de laranjeira aparece como floral branco, entre a bergamota e o patchouli, o que dá um coração claro e não adocicado. Por que o Mindset lista duas bergamotas? Porque a lista de notas cita a bergamota da Calábria e, em seguida, a bergamota sem origem. Na prática é uma abertura toda de bergamota, com o brilho cítrico como assinatura do perfume. Para que serve o Ambrofix™ na lista de notas? É um ingrediente de perfumaria que dá a impressão de âmbar seco e amadeirado, e no Mindset aparece no fundo, ao lado do patchouli. É ele que deixa o final limpo, em vez de doce. O Mindset aguenta o calor do Brasil? A abertura de bergamota e a flor de laranjeira são claras e combinam com o calor; o fundo de patchouli e Ambrofix™ é seco, e não doce. É sugestão nossa a partir das notas, e com uma ou duas aplicações o perfume já aparece. Veja também Maison Alhambra na loja — os demais perfumes da casa. Perfume árabe masculino — mais perfumes masculinos. Perfume árabe fresco — cítricos, verdes e aquáticos. Perfume árabe — a loja completa.",in stock,new,324.90 BRL,,https://www.perfumearabe.com/produtos/maison-alhambra-mindset/,https://dcdn-us.mitiendanube.com/stores/008/297/978/products/01-maison-alhambra-mindset-393ddec16065ee884717911922107641-1024-1024.png,Maison Alhambra,371855187
1611660590,Majesty Maison Asrar Eau de Parfum 100ml,"Resumo ★ 4,46 no Fragrantica · 402 votos Mais votado para o dia e os dias quentes. Fixação 7,5/10 · Projeção 7,3/10 · 68% dia · verão e primavera Majesty Maison Asrar é um cítrico que termina em âmbar: toranja, gengibre e bergamota na frente, rosa, íris e jasmim no meio, e um fundo de vetiver, âmbar cinzento e sândalo. É um Eau de Parfum de 100 ml da linha Royal Collection, da Maison Asrar, de família hesperidada ambarada. Como é o cheiro do Majesty Maison Asrar Quem espera só um cítrico de verão se surpreende com o rumo que ele toma. A toranja, o gengibre e a bergamota são o primeiro encontro, mas o meio leva o perfume para outro lado: rosa, íris (orris) e jasmim, um conjunto floral mais elegante que doce. É no fundo que o Majesty fica sério. Vetiver, âmbar cinzento (ambergris), sândalo, fava tonka, almíscar e patchouli formam uma base seca e ambarada; o vetiver traz um acento de terra e madeira, a fava tonka adoça de leve e o almíscar deixa o acabamento macio. Especificações Campo Detalhe Marca Maison Asrar Linha Royal Collection Concentração Eau de Parfum Família olfativa Hesperidada ambarada Tamanho 100ml Notas de topo Toranja, gengibre, bergamota Notas de coração Rosa, íris (orris), jasmim Notas de fundo Vetiver, âmbar cinzento (ambergris), sândalo, fava tonka, almíscar, patchouli Para quem e quando É um perfume para quem quer começar o dia fresco e terminar com algo mais encorpado, sem cair no doce: a toranja e o gengibre dão energia logo cedo, e o fundo de âmbar e madeira cabe bem num jantar. No calor úmido, o começo cítrico joga a favor e uma aplicação moderada basta; nas noites mais frescas, vetiver e âmbar ganham espaço. Se você quer um cítrico que não termine só em cheiro de limpeza, o fundo de vetiver e âmbar cinzento do Majesty é a resposta. Perguntas frequentes O Majesty Maison Asrar lembra algum perfume famoso? Nas comparações de mercado, o nome que aparece ao lado do Majesty é o Tygar, da Bvlgari. A Maison Asrar não indica inspiração, e o que identifica o Majesty é a combinação de toranja e gengibre com rosa, íris e vetiver. Qual a diferença entre o Majesty e o Regent, da Maison Asrar? Os dois abrem com toranja, gengibre e bergamota, e é aí que a semelhança termina: o Regent soma mandarina no topo, flor de laranjeira no coração e cedro no fundo, enquanto o Majesty segue com rosa no meio e vetiver na base. Dá para usar o Majesty sendo homem ou mulher? Dá para os dois. A Maison Asrar o coloca na vitrine masculina do próprio site, e revendedores brasileiros o tratam como unissex ou compartilhável. Pelas notas, toranja, rosa, íris e vetiver não prendem o perfume a um lado só. Royal Majesty e Majesty Royal Collection são o mesmo perfume? São. Royal Collection é a linha da Maison Asrar e está impressa no frasco e na caixa, e alguns anúncios chamam o perfume de Royal Majesty. Os Her Majesty de outras marcas são perfumes diferentes. Veja também Perfume árabe amadeirado - madeiras, âmbar e especiarias. Perfume árabe fresco - cítricos e frescor para o calor. Maison Asrar na loja - os demais perfumes da casa. Perfume árabe - a loja completa.",in stock,new,707.90 BRL,,https://www.perfumearabe.com/produtos/maison-asrar-majesty/,https://dcdn-us.mitiendanube.com/stores/008/297/978/products/01-maison-asrar-majesty-7609d4d509a25f1aed17913390115572-1024-1024.webp,Maison Asrar,371855303
1611662005,Atlantis French Avenue Extrait de Parfum 100ml,"Resumo ★ 4,27 no Fragrantica · 1,9 mil votos Mais votado para o dia e os dias quentes. 73% dia · verão e primavera O Atlantis French Avenue tem cheiro de fruta gelada com coco, e a baunilha e o cacau do fundo impedem que ele fique só refrescante. É um Extrait de Parfum de 100 ml, lançado em 2025, da linha French Avenue. Como é o cheiro do Atlantis French Avenue A laranja e a melancia abrem o perfume com suco e água, uma fruta fresca e sem peso. Do coração em diante o clima muda: coco cremoso e flores brancas macias dão um tom de creme à fruta. O fundo fecha em baunilha suave e cacau, que deixam a pele com um rastro de doce escuro depois que a laranja e a melancia saem de cena. É a parte que o diferencia dos frutados de verão que acabam rápido na memória. Essa é a pirâmide da própria French Avenue; outras listas trazem uma versão diferente, com tangerina e limão ao lado da laranja, melancia no coração e âmbar cinza e amberwood no fundo. Especificações Campo Detalhe Casa French Avenue (linha da Fragrance World) Concentração Extrait de Parfum Gênero Sem classificação única: etiqueta ""For Him"" e texto ""para mulheres"" na casa; em outras listas aparece para mulheres e homens Ano de lançamento 2025 Tamanho 100 ml Topo Laranja, Melancia Coração Coco, Flores brancas Fundo Baunilha, Cacau Para quem e quando Como a própria casa descreve o Atlantis de dois jeitos, a escolha é do seu gosto: serve a quem gosta de fruta doce com coco, seja homem ou mulher, e quer um perfume alegre para o dia. Sugestão nossa: laranja, melancia e coco combinam com calor e dias de sol; o fundo de baunilha e cacau o mantém agradável também em noite mais fresca. Duas borrifadas bastam para começar. Frasco de verão para quem não abre mão da baunilha. Perguntas frequentes Por que as notas do Atlantis mudam de um site para outro? A French Avenue publica laranja e melancia na saída, coco e flores brancas no coração e baunilha e cacau no fundo. Outras listas trazem tangerina e limão com a laranja, colocam a melancia no coração e trocam as flores brancas e a baunilha por âmbar cinza e amberwood. Esta página segue a pirâmide da casa. O Atlantis lembra o Wave Child, da Room 1015? É a referência que mais aparece quando se fala do Atlantis: fruta doce com coco, no mesmo espírito do Wave Child. Funciona como referência olfativa, não como igualdade, e o Atlantis segue com laranja, melancia e o fundo de baunilha e cacau. O Atlantis French Avenue é o mesmo perfume que o Hawas Atlantis, da Rasasi? Não. O Atlantis desta página é o Atlantis Extrait, da French Avenue, uma linha da Fragrance World. O nome em comum com o Rasasi não indica parentesco entre os dois. Veja também Perfume árabe — a loja completa, com outras casas além da French Avenue. French Avenue na loja — os outros perfumes da casa. Perfume árabe unissex — perfumes que servem a todos. Perfume árabe doce — outras doçuras para comparar com a baunilha do Atlantis.",in stock,new,439.00 BRL,,https://www.perfumearabe.com/produtos/french-avenue-atlantis/,https://dcdn-us.mitiendanube.com/stores/008/297/978/products/01-french-avenue-atlantis-3c5166b3dff4ed7e2017915980584385-1024-1024.webp,French Avenue,371856119
1611662234,Royal Blend French Avenue Extrait de Parfum 100ml,"Resumo ★ 4,46 no Fragrantica · 1,2 mil votos Mais votado para a noite e os dias frios. Fixação 8,0/10 · Projeção 7,7/10 · 68% noite · inverno e outono Conhaque, ameixa e canela: o Royal Blend French Avenue original vai pelo lado de sobremesa com destilado, e não pelo cítrico. É um Extrait de Parfum de 100 ml, de 2023, que fecha em sândalo, fava tonka e baunilha. Como é o cheiro do Royal Blend French Avenue A French Avenue o apresenta como um conhaque com um toque de especiaria, que se acomoda em um calor doce e de nozes. Na pirâmide completa, o conhaque vem com ameixa e canela, e o resultado lembra uma fruta escura macerada em bebida e temperada. O coração é de íris e mirra, e é ali que o doce ganha sobriedade: a íris, raiz de uma flor de cheiro empoado, acalma a ameixa, e a mirra, uma resina de cheiro quente, deixa o perfume mais adulto. No fundo, sândalo, fava tonka e baunilha formam um colchão cremoso e adocicado, que é o que fica na pele quando o conhaque já passou. Especificações Campo Detalhe Casa French Avenue (linha da Fragrance World) Concentração Extrait de Parfum Gênero Sem classificação única: etiqueta ""For Him"" na casa; listas externas o trazem para mulheres e homens Família olfativa Gourmand Ano de lançamento 2023 Tamanho 100 ml Topo Ameixa, Canela, Conhaque Coração Íris, Mirra Fundo Sândalo, Fava tonka, Baunilha Para quem e quando É para quem gosta de doce adulto, de sobremesa com álcool e especiaria, e não de baunilha de confeitaria. Como a casa o marca de um jeito e o mercado lê de outro, o gênero fica por conta do seu gosto. Sugestão nossa: o conhaque, a canela e a baunilha pedem noite, jantar e dias mais frios; no calor, uma ou duas borrifadas já são o bastante. Um frasco para a noite em que a roupa pede um perfume com assunto. Perguntas frequentes Qual a diferença entre o Royal Blend e o Royal Blend Nero? São dois perfumes diferentes da French Avenue, com páginas e códigos próprios no site da casa. O Royal Blend é de conhaque, ameixa e canela; o Royal Blend Nero é o cítrico com baunilha, de bergamota, noz-moscada, tâmara e maçã. A linha ainda tem Bourbon, Sequoia e Vintage, cada um com a sua pirâmide. O Royal Blend tem cheiro de bebida alcoólica? A casa o descreve como um conhaque com toque de especiaria, e o conhaque é a primeira nota da pirâmide. Mas a bebida é só a entrada: a íris, a mirra e a baunilha do fundo transformam o perfume em um doce quente, mais de sobremesa do que de bar. O Royal Blend é um perfume gourmand? Sim, no sentido de ter cheiro de comida doce: ele se classifica como gourmand, doce, especiado, oriental e amadeirado. Gourmand é a família dos perfumes que lembram sobremesas, e aqui ela vem da ameixa, da fava tonka e da baunilha, com a canela e a mirra segurando o açúcar. O Royal Blend é para homem ou mulher? A casa o marca com a etiqueta ""For Him"", e listas externas o trazem para os dois públicos. A pirâmide, de conhaque, íris e baunilha, não aponta para nenhum lado. Veja também Perfume árabe — a loja completa, com outras casas além da French Avenue. French Avenue na loja — os outros perfumes da casa. Perfume árabe de baunilha — outros perfumes com baunilha na base. Perfume árabe unissex — perfumes que servem a todos.",in stock,new,310.90 BRL,,https://www.perfumearabe.com/produtos/french-avenue-royal-blend/,https://dcdn-us.mitiendanube.com/stores/008/297/978/products/01-french-avenue-royal-blend-7a3ca98b360514185b17915974860726-1024-1024.webp,French Avenue,371856243
1611662623,Kiss Rayhaan Eau de Parfum Feminino de 100ml,"Resumo ★ 3,80 no Fragrantica · 393 votos Mais votado para usar durante o dia. 61% dia · inverno e primavera O Kiss Rayhaan é um doce com fruta ácida de contraponto: morango e framboesa cortam o coco, o pralinê, o leite condensado e o caramelo. É um floral frutado gourmand feminino, de 2025: o Rayhaan Kiss vem em Eau de Parfum de 100 ml. Como é o cheiro do Kiss Rayhaan A casa fala em uma abertura de bala, e a lista confirma: o morango e a framboesa dão o azedinho, e o coco com o pralinê, que é amêndoa ou avelã caramelizada, arredonda a entrada. No meio o perfume vira doce de colher. O leite condensado e o caramelo dão a cremosidade, e a flor de laranjeira com as flores brancas põem um floral claro por cima, o que impede o conjunto de ficar só de confeitaria. O fundo segura a doçura com baunilha e fava tonka e a suaviza com almíscar, de cheiro macio e de pele limpa, e com sândalo, uma madeira clara e cremosa. Especificações Campo Detalhe Casa Rayhaan Concentração Eau de Parfum Gênero Feminino Família olfativa Floral frutado (gourmand doce) Ano de lançamento 2025 Tamanho 100 ml Notas de topo Morango, coco, pralinê, framboesa Notas de coração Leite condensado, caramelo, flor de laranjeira, flores brancas Notas de fundo Baunilha, fava tonka, almíscar, sândalo Para quem é o Kiss e quando usar É um perfume mais de dia do que de noite, das estações amenas, com o verão um pouco atrás. É um gourmand que não pede escuridão: a fruta e o coco da entrada o deixam leve para a luz. No calor úmido do Brasil, uma aplicação moderada evita que o leite condensado e o caramelo fiquem pesados; em dias de temperatura amena ele fica mais confortável. Quem gosta de perfume doce, com coco e baunilha, se acha logo. Quem prefere floral seco ou cítrico limpo tende a estranhar. Para quem quer doce com fruta e um fio de flor, e não só baunilha, é isso que ele entrega. Perguntas frequentes O Rayhaan Kiss é doce demais, ou a fruta ácida equilibra? Ele é doce sem rodeio: coco, pralinê, leite condensado, caramelo e baunilha estão todos na pirâmide. O equilíbrio vem do morango e da framboesa na entrada, que a própria Rayhaan descreve como uma mistura de doce e azedo, e das flores brancas no meio. Quem foge de gourmand vai achar açúcar de sobra mesmo assim. O Kiss Rayhaan, sendo tão gourmand, funciona de dia? Funciona melhor do que o desenho sugere: a entrada de morango, framboesa e coco é de fruta, e ele funciona bem em horário de luz. Em dia quente, uma aplicação só, no pescoço ou no pulso, já basta para o leite condensado não tomar conta. Dá para sentir a flor de laranjeira do Kiss Rayhaan no meio de tanto doce? Dá, mas por baixo: ela entra no coração ao lado do leite condensado e do caramelo, com as flores brancas, e é ela que explica a família floral do perfume. Quem procura um floral em primeiro plano vai achá-la discreta; quem gosta de doce com um fio de flor vai gostar. O Rayhaan Kiss é o mesmo perfume que o Tropical Kiss, da French Avenue? Não. São produtos distintos, de casas diferentes: o Kiss é da Rayhaan, em 100 ml; o Tropical Kiss é da French Avenue, em 80 ml. O que têm em comum é só o nome. Veja também Perfume árabe feminino — opções para ela. Perfume árabe doce — baunilhas, caramelos e gourmands. Rayhaan na loja — os demais perfumes da casa. Perfume árabe — a loja completa.",in stock,new,252.90 BRL,,https://www.perfumearabe.com/produtos/rayhaan-kiss/,https://dcdn-us.mitiendanube.com/stores/008/297/978/products/01-rayhaan-kiss-360d58d965219db72017915026733231-1024-1024.webp,Rayhaan,371856326
1611663384,Nocturno Elixir Rayhaan Masculino Eau de Parfum 100ml,"Resumo ★ 4,06 no Fragrantica · 527 votos Votos divididos entre dia e noite. Fixação 7,7/10 · Projeção 7,4/10 · 52% noite · primavera e outono O Nocturno Elixir Rayhaan tira o perfume de cena até sobrar o essencial: sândalo, âmbar e madeira, com láudano no fundo. É o Elixir do Nocturno, da Rayhaan, masculino, de 2026, em Eau de Parfum de 100 ml. Como é o cheiro do Nocturno Elixir Rayhaan Poucos nomes e nenhuma fruta ou flor no caminho. A lista da casa abre com sândalo, põe o âmbar no coração e termina em notas amadeiradas e láudano. A própria Rayhaan resume a ideia numa imagem: um âmbar dourado que atravessa a sombra, num perfume feito para os rituais da meia-noite. Láudano é a resina da esteva, usada em perfumaria pelo calor âmbar e balsâmico que deixa no fundo. É ele que dá ao fundo um calor de resina, em vez de uma madeira seca e limpa. Especificações Campo Detalhe Casa Rayhaan Concentração Eau de Parfum Gênero Masculino Família olfativa Amadeirado âmbar Ano de lançamento 2026 Tamanho 100 ml Notas de topo Sândalo Notas de coração Âmbar Notas de fundo Notas amadeiradas, láudano Para quem e quando É perfume de noite: o âmbar e o láudano pedem ar mais fresco para aparecer bem, e a casa o pensa assim. No calor úmido do Brasil, uma aplicação leve em roupa fina basta, e em temperatura amena ele ocupa o espaço com mais conforto. Quem prefere amadeirados de poucas notas, sem doce de fruta nem frescor de limão, encontra aqui uma linha reta de sândalo e âmbar. Perguntas frequentes Qual a diferença entre o Nocturno Elixir e o Nocturno? Mudam o clima e a lista de notas. O Nocturno, de 2025, abre com bergamota, hortelã e pimenta, passa por lavanda, gerânio e pimenta-rosa e termina em amberwood e cedro. O Elixir deixa o frescor de lado e vai para sândalo, âmbar e láudano. O Nocturno Elixir é só para a noite? A casa o descreve como um perfume de meia-noite, e o desenho de âmbar e resina combina com isso. De dia ele funciona melhor em ambiente fechado e temperatura amena; no calor forte, a mão leve evita que o fundo pese. O Nocturno Elixir tem nota de fruta ou de flor? Não. A lista da casa tem só sândalo, âmbar, notas amadeiradas e láudano, então quem procura doce de fruta ou buquê floral vai encontrar outro perfume. Ele está na linha masculina da Rayhaan. Veja também Perfume árabe amadeirado — madeiras, resinas e especiarias. Perfume árabe masculino — mais perfumes masculinos. Rayhaan na loja — os demais perfumes da casa. Perfume árabe — a loja completa.",in stock,new,244.00 BRL,,https://www.perfumearabe.com/produtos/rayhaan-nocturno-elixir/,https://dcdn-us.mitiendanube.com/stores/008/297/978/products/01-rayhaan-nocturno-elixir-41296fbf715030ba8117915024198912-1024-1024.webp,Rayhaan,371856517
1611664827,Bareeq Al Dhahab Al Wataniah Eau de Parfum 100ml,"Resumo ★ 3,96 no Fragrantica · 485 votos Mais votado para a noite e os dias frios. 78% noite · inverno e outono O Bareeq Al Dhahab põe açafrão e pimenta-da-jamaica ao lado da rosa e depois acende um caramelo escuro sobre o oud. Oriental de caráter âmbar da Al Wataniah: Eau de Parfum de 100 ml, de 2022. Como é o cheiro do Bareeq Al Dhahab Quem espera um doce na entrada se engana. Açafrão, pimenta-da-jamaica e rosa abrem juntos, e o açafrão, de tom seco e metálico, junto com a especiaria quente da pimenta-da-jamaica, deixa a rosa mais escura que florida. O caramelo só aparece no coração, e aparece contido: patchouli, terroso, de um lado, e um agarwood (oud) floral, a madeira resinosa que dá nome ao oud, do outro. O resultado é um doce tostado, mais de calda queimada que de bala. O fundo junta almíscar, incenso, âmbar, resinas e notas amadeiradas. O incenso traz um fio de fumaça seca e o âmbar liga essa secura ao doce que ficou para trás. Especificações Campo Detalhe Casa Al Wataniah Concentração Eau de Parfum Gênero Não declarado pela casa Família olfativa Oriental Ano de lançamento 2022 Tamanho 100 ml Notas de topo Açafrão, pimenta-da-jamaica, rosa Notas de coração Patchouli, caramelo, agarwood (oud) floral Notas de fundo Almíscar, incenso, âmbar, resinas, notas amadeiradas Para quem é o Bareeq Al Dhahab e quando usar A casa não o classifica como masculino nem como feminino, então a escolha é de gosto: serve a quem curte doce especiado e quer um oud sem secura de madeira nua. A fixação costuma ser longa, do tipo que ainda se percebe na roupa e na pele quando o dia avança. A projeção varia de pele para pele: comece com poucas borrifadas e acrescente se quiser mais presença. Para o Brasil, a sugestão é nossa: ele acerta em noites de outono e inverno e nos dias frios do Sul. No verão úmido, passe pouco e prefira o fim da tarde para a noite. Perguntas frequentes O caramelo do Bareeq Al Dhahab deixa o perfume enjoativo? Dificilmente vira sobremesa. O caramelo está no coração, entre o patchouli e o oud, e vem depois de uma abertura de açafrão, pimenta-da-jamaica e rosa; no fim, incenso e resinas secam a doçura. O Bareeq Al Dhahab fica mais para homem ou para mulher, já que tem rosa e oud? A casa não define. Rosa e caramelo puxam para um lado, oud, incenso e pimenta para o outro, e é essa mistura que o deixa à vontade em qualquer pele. Bareeq Al Dhahab ou Special Oud: qual é mais doce? O Special Oud , também da Al Wataniah, abre com caramelo, pêssego e frutas vermelhas e leva o oud só para o fim. O Bareeq faz o caminho inverso: começa em especiarias e rosa, guarda o caramelo para o coração e termina em incenso e âmbar. O Special Oud é o mais doce e frutado; o Bareeq, o mais especiado. O que é o agarwood floral que aparece no coração do Bareeq Al Dhahab? É o oud, a madeira resinosa do agarwood, com um lado floral. Ao lado do caramelo e do patchouli, o oud chega arredondado, o que o torna uma boa porta de entrada para quem tem curiosidade por ele. Veja também Perfume árabe — a loja completa. Perfume oud — perfumes com oud no coração ou no fundo. Perfume árabe doce — baunilhas, caramelos e gourmands. Al Wataniah na loja — os demais perfumes da casa.",in stock,new,172.00 BRL,,https://www.perfumearabe.com/produtos/al-wataniah-bareeq-al-dhahab/,https://dcdn-us.mitiendanube.com/stores/008/297/978/products/01-al-wataniah-bareeq-al-dhahab-c29ee53cb18a73e6ad17913385855514-1024-1024.webp,Al Wataniah,371856903
1611666932,Suqraat Lattafa Eau de Parfum Masculino 100ml,"Resumo ★ 4,19 no Fragrantica · 1,2 mil votos Mais votado para o dia e os dias quentes. Fixação 6,4/10 · Projeção 6,4/10 · 68% dia · verão e primavera O Suqraat Lattafa é um aromático em que a lavanda e a folha de violeta aparecem logo depois de bergamota e gengibre, sobre almíscar, sândalo e âmbar. A Lattafa o lançou em 2022, e aqui ele vem em Eau de Parfum de 100 ml. Como é o cheiro do Suqraat Lattafa O gengibre é o que impede a bergamota de ser só cítrica: dá uma picância fresca, de raiz cortada, e deixa a saída mais viva. Foi o que entendemos das duas notas de topo. Lavanda e folha de violeta formam o coração. A lavanda é herbal e limpa, e a folha de violeta traz um verde úmido, de talo, que evita o aspecto de sabonete que a lavanda sozinha poderia ter. O fundo é de almíscar, sândalo e âmbar: uma base macia, de pele limpa, com a madeira cremosa do sândalo e um calor discreto do âmbar. Especificações Campo Detalhe Casa Lattafa Concentração Eau de Parfum Gênero Masculino Família olfativa Aromática Ano de lançamento 2022 Tamanho 100 ml Notas de topo Bergamota, gengibre Notas de coração Lavanda, folha de violeta Notas de fundo Almíscar, sândalo, âmbar Para quem e quando É um perfume para quem prefere o fresco herbal ao doce: nada na lista de notas é açucarado, e o conjunto fica entre o limpo e o amadeirado. Vai bem em dias de trabalho, de manhã e de tarde. Sugestão nossa para o Brasil: bergamota e gengibre aguentam o calor sem enjoar, e o fundo de almíscar e sândalo é macio, o que ajuda em ambientes fechados com ar-condicionado. Aromático de lavanda sem açúcar, de 100 ml, para o seu dia de trabalho: é isso que o Suqraat entrega. Perguntas frequentes O Suqraat lembra o Acqua di Giò Profumo? Muita gente compara o Suqraat ao Acqua di Giò Profumo, da Armani, pela mesma pegada aromática e limpa. A Lattafa não fala em inspiração, e o que o Suqraat traz é bergamota, gengibre, lavanda, folha de violeta e fundo de almíscar, sândalo e âmbar. O Suqraat, que a Lattafa chama de masculino, serve para mulher? Serve para quem gosta de aromáticos: algumas lojas o vendem como unissex, e as notas, sem doce nem flor aparente, não pedem um gênero. Gengibre e lavanda: o Suqraat é mais fresco ou mais quente? Mais fresco na primeira hora e mais quente no fim: bergamota, gengibre e lavanda abrem o perfume com ar limpo, e o sândalo e o âmbar do fundo esquentam e arredondam. Essa é a nossa interpretação dessas notas. O Suqraat tem outros tamanhos além do de 100 ml? Aqui ele vem em Eau de Parfum de 100 ml, que é o único tamanho que encontramos para este perfume. Veja também Lattafa na loja — os demais perfumes da casa. Perfume árabe masculino — mais perfumes masculinos. Perfume árabe fresco — cítricos, verdes e aquáticos. Perfume árabe — a loja completa.",in stock,new,204.00 BRL,,https://www.perfumearabe.com/produtos/lattafa-suqraat/,https://dcdn-us.mitiendanube.com/stores/008/297/978/products/01-lattafa-suqraat-7965d217fa4e908d9b17911400597282-1024-1024.png,Lattafa,371857616
1611667553,Atlas Lattafa Eau de Parfum Aquático 55ml,"Resumo ★ 4,14 no Fragrantica · 3,1 mil votos Mais votado para o dia e os dias quentes. Fixação 8,9/10 · Projeção 8,6/10 · 72% dia · verão e primavera O Atlas Lattafa não é o aquático adocicado de sempre: ele tem sal de verdade, notas marinhas e limão por cima de íris e davana, com âmbar-cinza e sândalo no fundo. É um Eau de Parfum de 55 ml, da Lattafa. O Fragrantica registra 4,14 em 3,1 mil votos (04/10/2026), com verão e primavera na frente entre as estações indicadas. Como é o cheiro do Atlas Lattafa A saída é maresia: o sal e as notas marinhas dão a sensação de pele depois do mar, e o limão corta com um brilho ácido. No coração, a íris (raiz de lírio, de cheiro pulverulento e frio) e o davana (uma planta indiana de toque frutado e levemente especiado) tiram o perfume do óbvio e seguram o aquático para que ele não fique plano. Âmbar-cinza, sândalo e musgo de carvalho ficam por último. O âmbar-cinza é uma nota salgada e animal-suave, o sândalo traz uma madeira cremosa e o musgo dá um verde úmido, de pedra molhada. A família é a dos aquáticos frescos. Especificações Campo Detalhe Casa Lattafa Concentração Eau de Parfum Gênero A Lattafa o classifica como masculino e como unissex, conforme a página Família olfativa Aquático fresco Tamanho 55 ml Topo Sal, Notas marinhas, Limão Coração Íris, Davana Fundo Âmbar cinza (ambergris), Sândalo, Musgo de carvalho Para quem e quando É para quem cansou do aquático de sabonete e quer um mar mais seco, mineral. Funciona de dia, na praia, no escritório com ar-condicionado e em viagem, e também de noite quando a noite é quente. Sugestão nossa para o Brasil: o sal e o limão pedem calor e umidade, e no frio o fundo de madeira e âmbar ainda segura. A fixação e a projeção costumam agradar, então comece com pouco e ajuste. O Atlas vem em frasco de 55 ml, do tamanho que cabe na mochila de praia e na bolsa de viagem. Perguntas frequentes O Atlas Lattafa cheira a sabonete ou a mar de verdade? A mar, e um mar seco: o sal e as notas marinhas vêm primeiro, e a íris dá um toque pulverulento que lembra pedra molhada mais do que espuma. Quem espera o aquático doce de sabonete encontra aqui algo mais mineral. O Atlas Lattafa aguenta o calor do Brasil sem enjoar? Sugestão nossa: sim, é o clima dele. Sal, notas marinhas e limão deixam a saída fresca, e o fundo de âmbar-cinza e sândalo não é doce. A presença costuma agradar, então na praia ou no dia de sol forte vá com mão leve. O Atlas Lattafa é parecido com o Megamare, da Orto Parisi? Há quem compare, e a ressalva de quem compara é que não são iguais. Os dois são marinhos e salgados, mas o Atlas tem a íris e o davana no coração e o âmbar-cinza no fundo. O melhor teste é cheirar os dois. Atlas, Atlas Canyon e Atlas Glacial Valley são o mesmo perfume? Não. O Atlas Canyon e o Atlas Glacial Valley são outros perfumes da Lattafa, com página própria na casa. Esta página é do Atlas original, em Eau de Parfum de 55 ml. Veja também Perfume árabe fresco — mais aquáticos e cítricos para os dias quentes. Perfume árabe unissex — outras escolhas sem recorte de gênero. Lattafa na loja — o resto da casa.",in stock,new,317.00 BRL,,https://www.perfumearabe.com/produtos/lattafa-atlas/,https://dcdn-us.mitiendanube.com/stores/008/297/978/products/01-lattafa-atlas-f7c60111528ffa6dd317913388174452-1024-1024.webp,Lattafa,371857677
1611668471,Valhalla Rayhaan Eau de Parfum Unissex de 100ml,"Resumo ★ 4,37 no Fragrantica · 545 votos Mais votado para a noite e os dias frios. 70% noite · inverno e outono O Valhalla Rayhaan tem cheiro de bebida: conhaque e licor sobre framboesa, com rosa búlgara no meio e carvalho no fundo. É um frutado amadeirado licoroso unissex, de 2025, em Eau de Parfum de 100 ml, nascido da parceria da Rayhaan com a Legion. Como é o cheiro do Valhalla Rayhaan É no coração que ele se decide. A rosa búlgara chega junto do musgo de carvalho, uma nota de cheiro terroso e de floresta úmida, e a fava tonka, que lembra baunilha com amêndoa, amacia o conjunto. Com isso a rosa deixa de ser de jardim e vira uma rosa de madeira e de terra. Por cima, a framboesa abre com doce e um pouco de acidez, e o conhaque e o licor trazem o calor de destilado que a Rayhaan resume como licoroso. O fundo fecha o copo: o pralinê adoça, e o carvalho e o sândalo secam tudo com madeira escura e macia. O resultado é madeira com doce, não confeitaria. Especificações Campo Detalhe Casa Rayhaan Concentração Eau de Parfum Gênero Unissex Família olfativa Frutado amadeirado licoroso (gourmand) Ano de lançamento 2025 Tamanho 100 ml Notas de topo Framboesa, conhaque, licor Notas de coração Fava tonka, rosa búlgara, musgo de carvalho Notas de fundo Pralinê, carvalho, sândalo Para quem é o Valhalla e quando usar Pede frio e noite, e no verão fica atrás: licor, pralinê e carvalho ganham corpo no tempo frio. No calor do litoral, reserve-o para a noite com ar-condicionado; o inverno do Sul é o clima em que ele aparece inteiro, e ao meio-dia de verão a doçura tende a cansar. Serve a quem quer um perfume de jantar e de saída, com doce e madeira juntos, e que a casa classifica como unissex. É o perfume que completa uma coleção de frescos com algo que sirva ao jantar de inverno. Perguntas frequentes O Valhalla Rayhaan cheira a bebida alcoólica? Tem esse traço de propósito: a Rayhaan o descreve como rico, frutado, amadeirado e licoroso, com conhaque e licor no topo e carvalho no fundo. A framboesa e o pralinê adoçam o efeito, então o que chega é calor de destilado com doce, e não um cheiro de álcool. O conhaque e o licor do Valhalla Rayhaan cobrem a rosa? Não cobrem: a rosa búlgara vem no coração, com o musgo de carvalho e a fava tonka, e ganha espaço quando a abertura de conhaque e licor assenta. Quem espera só bebida encontra, no meio, uma rosa seca e amadeirada. A rosa búlgara faz do Valhalla Rayhaan um perfume feminino? Não: a Rayhaan o classifica como unissex. A rosa vem com musgo de carvalho, e o fundo de carvalho e sândalo, depois do conhaque no topo, dá a ele um lado seco e amadeirado que cabe em homem e em mulher. Valhalla x Legion e Valhalla Rayhaan são o mesmo perfume? São. ""Valhalla x Legion"" nomeia a parceria entre a Rayhaan e a Legion; o produto da casa se chama Rayhaan Valhalla. Não é o ""Paradis des Sens Valhalla"", que é outro perfume. Veja também Perfume árabe unissex — opções para homem e mulher. Perfume árabe amadeirado — madeiras, resinas e especiarias. Rayhaan na loja — os demais perfumes da casa. Perfume árabe — a loja completa.",in stock,new,257.90 BRL,,https://www.perfumearabe.com/produtos/rayhaan-valhalla/,https://dcdn-us.mitiendanube.com/stores/008/297/978/products/01-rayhaan-valhalla-5c6bc18a145dcb568b17915024313971-1024-1024.webp,Rayhaan,371857849
1611669570,Club de Nuit Imperiale Armaf Eau de Parfum 105ml,"Resumo Lichia e rosa turca por cima de incenso e cashmeran: o Club de Nuit Imperiale é o lado floral da linha, com madeira escura por baixo. É um Eau de Parfum de 105 ml, de 2022, também chamado de Club de Nuit White Imperiale. Como é o cheiro do Club de Nuit Imperiale A lichia entra primeiro, suculenta e levemente doce, com bergamota para refrescar e noz-moscada para dar um calor discreto. É uma saída que chama pela fruta antes de qualquer flor. O coração é o motivo do perfume: rosa turca e peônia, floral macio e cheio, com almíscar e baunilha para dar pele e doçura. A Armaf o descreve como um floral amadeirado luxuoso. No fundo, o cashmeran, molécula sintética de cheiro amadeirado e especiado, divide a base com cedro, incenso e vetiver. É o que impede a rosa de ficar açucarada e deixa um rastro seco de madeira. Especificações Campo Detalhe Casa Armaf Linha Club de Nuit Concentração Eau de Parfum Gênero (por site) Unissex no campo do armaf.com; feminino nas etiquetas do armaf.ae; outras listas o trazem como feminino Família olfativa Floral Ano de lançamento 2022 Tamanho 105 ml Topo Lichia, Bergamota, Noz-moscada Coração Rosa turca, Peônia, Almíscar, Baunilha Fundo Cashmeran, Cedro, Incenso, Vetiver Para quem e quando É para quem prefere a rosa com estrutura, cercada de madeira, e não o floral de buquê. O gênero depende de onde se lê: o site internacional da Armaf o classifica como unissex, o dos Emirados o chama de perfume para ela, e outras listas o trazem como feminino, então a escolha cabe ao seu gosto. Sugestão nossa: lichia, peônia e bergamota funcionam bem em dia de sol e escritório; o incenso e o vetiver do fundo ganham espaço ao entardecer e em temperatura mais amena. Um floral para ser sentido de perto, com a madeira segurando o doce. Perguntas frequentes O Club de Nuit Imperiale é o mesmo que o White Imperiale? É o mesmo perfume. Os dois sites oficiais da Armaf usam a mesma página, com as mesmas notas e o mesmo Eau de Parfum de 105 ml; um escreve Imperiale e o outro, White Imperiale. O body spray Imperiale, de 125 ml, é outro produto da linha. O Club de Nuit Imperiale é floral ou amadeirado? As duas coisas, em camadas. A casa o chama de floral amadeirado e o campo de família diz floral: rosa turca e peônia no coração, sobre uma base de cashmeran, cedro, incenso e vetiver. A lichia na saída deixa tudo um pouco mais fruta do que um floral clássico. O que muda entre o Imperiale de 105 ml e as versões de 200 ml e 10 ml? O perfume é o mesmo em frascos de outros tamanhos. Este é o de 105 ml, em Eau de Parfum. Por que o Club de Nuit Imperiale aparece como unissex e como perfume para ela? Porque os dois sites da Armaf não dizem a mesma coisa: no armaf.com o campo de gênero é unissex, e no armaf.ae a etiqueta é de perfume para ela. Veja também Perfume árabe — a loja completa, com outras casas além da Armaf. Perfume árabe floral — outras rosas e florais para comparar. Armaf na loja — a casa do Imperiale. Linha Club de Nuit — as outras versões da linha da Armaf.",in stock,new,292.90 BRL,,https://www.perfumearabe.com/produtos/armaf-club-nuit-imperiale/,https://dcdn-us.mitiendanube.com/stores/008/297/978/products/01-armaf-club-nuit-imperiale-3229383bacbbf8238717914707338442-1024-1024.webp,Armaf,371858050
1611669683,Tropical Kiss French Avenue Eau de Parfum Feminino 80ml,"Resumo ★ 3,75 no Fragrantica · 431 votos Mais votado para o dia e os dias quentes. Fixação 7,5/10 · Projeção 7,4/10 · 75% dia · verão e primavera O Tropical Kiss French Avenue é a baunilha de lado tropical: manga, camomila e flor de laranjeira por cima, ylang-ylang e coco no meio, âmbar, benjoim e baunilha no fundo. Oriental baunilhado feminino da French Avenue, em Eau de Parfum de 80 ml, lançado em 2024. Como é o cheiro do Tropical Kiss French Avenue A manga é o que se sente primeiro, e a camomila e a flor de laranjeira tiram dela o ar de suco: ficam uma fruta doce com um fundo de erva suave e de flor branca. No coração, o ylang-ylang, flor cremosa de cheiro quase frutado, encontra o coco, e a íris (orris), raiz de cheiro empoado, segura os dois para o coco não virar protetor solar. O fundo é de âmbar, benjoim e baunilha, três notas quentes e resinosas que fecham o perfume em tom de doce e de calor. Especificações Campo Detalhe Casa French Avenue Concentração Eau de Parfum Gênero Feminino Família olfativa Oriental baunilhado Ano de lançamento 2024 Tamanho 80 ml Notas de topo Manga, camomila, flor de laranjeira Notas de coração Ylang-ylang, íris (orris), coco Notas de fundo Âmbar, benjoim, baunilha Para quem é o Tropical Kiss e quando usar É para quem quer doce sem peso de inverno: a casa o declara de intensidade leve, coerente com o desenho de fruta e flor, e a baunilha do fundo dá o acabamento macio. Foi assinado pelo perfumista Jean-Louis Sieuzac. A sugestão para o clima do Brasil é nossa: a manga e o coco combinam com dias quentes e praia, e a baunilha ganha espaço à noite e em ambientes mais frescos. Perguntas frequentes Tropical Kiss French Avenue e Fragrance World Tropical Kiss são o mesmo perfume? São. A French Avenue é uma marca da Fragrance World, e algumas lojas anunciam o frasco com o nome da fabricante na frente. O perfume é o mesmo, de 80 ml; no frasco, a placa do gargalo traz French Avenue e o corpo traz Tropical Kiss. Existe outro Tropical Kiss de outra marca? Existe: o Tropical Kiss da The Dua Brand, de 2021, e outro da Legendary Fragrances são perfumes diferentes. Este é o da French Avenue, com manga, ylang-ylang e baunilha, e é o que aparece nesta página. O coco domina o Tropical Kiss? Não: o coco está no coração, depois da manga, da camomila e da flor de laranjeira, e divide espaço com o ylang-ylang e a íris. No fim, ele cede lugar a âmbar, benjoim e baunilha. Veja também Perfume árabe — a loja completa. Perfume árabe feminino — perfumes para ela, do floral ao oriental. Perfume árabe com baunilha — fundos de baunilha para todos os gostos. French Avenue na loja — os demais perfumes da casa.",in stock,new,397.90 BRL,,https://www.perfumearabe.com/produtos/french-avenue-tropical-kiss/,https://dcdn-us.mitiendanube.com/stores/008/297/978/products/01-french-avenue-tropical-kiss-510a2a61507407bc4017913387108068-1024-1024.webp,French Avenue,371858081
1611696102,Musamam Lattafa Eau de Parfum Unissex 100ml,"Resumo ★ 3,54 no Fragrantica · 533 votos Mais votado para a noite e os dias frios. Fixação 8,1/10 · Projeção 7,8/10 · 73% noite · inverno e outono O Musamam original, de 2022, é o mais seco da linha: tangerina italiana, lavanda e açafrão por cima de gerânio, cedro e incenso da Somália, sem coco, sem cacau e sem doce. Amadeirado aromático unissex da Lattafa, em Eau de Parfum de 100 ml. Como é o cheiro do Musamam A tangerina italiana e a lavanda abrem juntas, e o açafrão entra como terceiro elemento: um cítrico doce de casca, uma erva aromática e uma especiaria de tom seco, quase de couro. No coração estão o gerânio egípcio, folha de cheiro verde e levemente rosado, o cedro-da-virgínia e o Amberwood, nome comercial de um ingrediente de perfumaria de efeito amadeirado e âmbar, não uma madeira de verdade. O fundo é de incenso da Somália, resina de fumaça limpa, mais Akigalawood, outro nome comercial de ingrediente de efeito amadeirado, e concreto de cistus (láudano), a resina escura de cheiro entre o âmbar e o couro. É um fim de fumaça e madeira seca, sem doçura de baunilha. Especificações Campo Detalhe Casa Lattafa Concentração Eau de Parfum Gênero Unissex Família olfativa Amadeirada aromática Ano de lançamento 2022 Tamanho 100 ml Notas de topo Tangerina italiana, lavanda, açafrão Notas de coração Gerânio egípcio, cedro-da-virgínia, Amberwood Notas de fundo Incenso da Somália, Akigalawood, concreto de cistus (láudano) Para quem é o Musamam e quando usar É para quem prefere aromático e amadeirado a doce, e quer um perfume que a Lattafa classifica como unissex: lavanda, cedro e incenso se encaixam em qualquer pele. A sugestão para o Brasil é nossa: tangerina e lavanda combinam com dias claros e com o trabalho; o incenso e o cedro do fundo fazem a transição para a noite sem ficar abafado, o que ajuda no calor. Perguntas frequentes Musamam, Black Intense ou White Intense: qual é qual? São três perfumes. O original, desta página, é lavanda, tangerina e açafrão sobre incenso e madeiras secas. O Black Intense, de 2025, é lavanda e noz-moscada com patchouli, fava tonka e cacau no fundo. O White Intense , de 2023, é cremoso, de coco, ylang-ylang e ambroxan. Quem quer o mais seco escolhe o original. O que o incenso da Somália faz no fim do Musamam? É ele que mantém o fundo seco. Resina de fumaça limpa, encontra o concreto de cistus (láudano), mais escuro, e o Akigalawood, e o conjunto termina em madeira e fumaça em vez de doce. O que são Akigalawood e Amberwood nas notas do Musamam? São nomes comerciais de ingredientes de perfumaria, e não de madeiras de verdade. Pelo nome e pelo lugar que ocupam, o Amberwood no coração e o Akigalawood no fundo dão a base amadeirada seca do perfume. O Black Intense substitui o Musamam original? Não: são perfumes diferentes, e o original é o mais claro dos dois. A lavanda é a ponte entre os dois, mas o original troca a noz-moscada, a fava tonka e o cacau do Black por tangerina, açafrão e incenso, e o fundo fica seco em vez de escuro e adocicado. Veja também Perfume árabe — a loja completa. Perfume árabe unissex — outras opções para homem e mulher. Perfume árabe amadeirado — fundos de cedro, patchouli e madeira. Musamam Black Intense Lattafa — o Musamam de cacau e fava tonka. Lattafa na loja — a Lattafa, do Asad ao Musamam.",in stock,new,297.00 BRL,,https://www.perfumearabe.com/produtos/lattafa-musamam/,https://dcdn-us.mitiendanube.com/stores/008/297/978/products/01-lattafa-musamam-7a437efaa77c787e0e17913858968269-1024-1024.webp,Lattafa,371862120
1611700381,Badee Al Oud Black Exposed Lattafa Unissex 100ml,"Resumo O Badee Al Oud Black Exposed Lattafa cheira a sobremesa escura: toffee e cacau no centro, com olíbano e íris para dar um lado de incenso e de pó. É um oriental ambarado unissex de 100 ml, lançado em 2026. Como é o cheiro do Badee Al Oud Black Exposed O açúcar não aparece de saída. O olíbano abre com uma fumaça de resina clara, a pimenta-rosa dá uma picância curta, e o toffee surge por baixo como caramelo queimado, em vez de calda doce. O coração é onde o perfume ganha o nome de escuro: o cacau, amargo e seco, divide espaço com a íris, raiz de cheiro empoado e frio, e com o healingwood, um ingrediente de laboratório de cheiro de madeira. A mistura lembra chocolate meio amargo com um fundo de cinza. A base é de baunilha, edenolide e láudano. O láudano, resina escura que lembra couro e âmbar, segura a baunilha no lado quente, e o edenolide, também sintético, completa o fundo com uma sensação de pele aquecida. Especificações Campo Detalhe Casa Lattafa Concentração Eau de Parfum Gênero Unissex Família olfativa Oriental Ambarado Ano de lançamento 2026 Tamanho 100 ml Notas de topo Olíbano, toffee, pimenta-rosa Notas de coração Íris (orris), cacau, healingwood Notas de fundo Baunilha, edenolide, láudano Para quem é o Black Exposed e quando usar É para quem gosta de gourmand sem açúcar de bala: o doce está ali, mas é cortado por incenso, cacau amargo e resina. Combina com noite, jantar e dias frios, e com quem quer um perfume que se note de perto sem parecer sobremesa. No calor úmido do Brasil, o toffee e a baunilha se abrem demais ao sol e à umidade; o perfume pede horas frescas, ambiente com ar-condicionado e uma aplicação contida. Para o dia em que você quer cheirar a chocolate amargo e incenso, e não a doce de confeitaria, esse é o frasco da Lattafa a levar. Perguntas frequentes O Black Exposed tem parentesco com os outros Badee Al Oud? Só o nome da linha. Cada Badee Al Oud da Lattafa tem pirâmide própria, e o Black Exposed é o de toffee, cacau e olíbano, com baunilha e láudano no fundo. Ao comparar com o Noble Blush, o Amethyst ou o For Glory, confira o nome completo no frasco. Que cheiro o Black Exposed deixa de perto, doce ou escuro? Os dois. O doce vem do toffee e da baunilha, mas é cortado por olíbano, cacau amargo e íris. Ele pede noite e tempo frio, e no calor do dia exige mão leve. Healingwood e edenolide são o quê? São nomes de matérias-primas sintéticas, criadas em laboratório: não vêm de uma árvore nem de um animal. Aparecem na pirâmide do Black Exposed como parte do corpo amadeirado e quente do coração e da base. Veja também Perfume árabe — a loja completa. Perfume árabe unissex — outras opções para homem e mulher. Perfume árabe doce — doces de confeitaria e de especiaria. Perfume com oud — a madeira que dá nome à linha. Lattafa na loja — outros lançamentos da casa.",in stock,new,316.00 BRL,,https://www.perfumearabe.com/produtos/lattafa-badee-al-oud-black-exposed/,https://dcdn-us.mitiendanube.com/stores/008/297/978/products/01-lattafa-badee-al-oud-black-exposed-e75ef1cb0c1470b2d617911686274797-1024-1024.png,Lattafa,371863142
1611700951,Badee Al Oud Noble Blush Lattafa Eau de Parfum 100ml,"Resumo O Noble Blush Lattafa é doce de confeitaria em forma de perfume: leite de rosas, merengue e amêndoa na frente, baunilha, sândalo e almíscar no fim. É o Badee Al Oud Noble Blush em Eau de Parfum de 100 ml, feminino, floral frutal gourmand, lançado em 2024. Como é o cheiro do Noble Blush Lattafa A rosa aqui não é a de jardim: é a rosa do leite, cremosa e suave, que lembra mais uma sobremesa de pétalas que um buquê. O topo tem uma única nota, o leite de rosas, e por isso a abertura é simples e direta. O merengue vem em seguida, com a leveza de clara batida com açúcar, e a amêndoa dá a textura de doce de colher, macia e um pouco amanteigada. É o miolo gourmand do perfume, e é ali que ele se afasta do floral clássico. O fundo é a baunilha, o sândalo e o almíscar. O sândalo, madeira clara e cremosa, e o almíscar, de pele limpa, evitam que o açúcar tome conta, e a baunilha fecha o conjunto com um calor aveludado. Especificações Campo Detalhe Casa Lattafa Concentração Eau de Parfum Gênero Feminino Família olfativa Floral Frutal Gourmand Ano de lançamento 2024 Tamanho 100 ml Notas de topo Leite de rosas Notas de coração Merengue, amêndoa Notas de fundo Baunilha, sândalo, almíscar Para quem é o Noble Blush e quando usar É um perfume para quem gosta de doce delicado e de pele macia, mais perto de baunilha com rosa que de oriental pesado. Funciona bem de dia em temperaturas amenas, e à noite, quando o doce ganha corpo. O frasco de 25 ml , da coleção Badee Al Oud, serve para descobrir se o merengue com amêndoa combina com você. O de 100 ml é para quem já sabe que gosta e vai usar no dia a dia, sem contar borrifada. No calor úmido, o doce pode enjoar, então prefira uma aplicação leve e as horas mais frescas do dia. Se a sua conversa com perfume começa no doce e termina na pele limpa, o Noble Blush de 100 ml é o frasco de uso, não de teste. Perguntas frequentes O Noble Blush é inspirado em qual perfume de grife? Nenhum nome vem junto com ele: a Lattafa não cita referência. Para saber se você vai gostar, vale olhar a receita, que é de confeitaria floral, com leite de rosas, merengue e amêndoa por cima de baunilha, sândalo e almíscar. Qual a diferença entre o Noble Blush de 100 ml e o de 25 ml? É o mesmo perfume, só muda o frasco: o de 25 ml vem da coleção Badee Al Oud 4x25 ml, e este é o frasco avulso de 100 ml em Eau de Parfum. O pequeno serve para conhecer o cheiro; o grande, para usar até o fim. Noble Blush e Badee Al Oud Noble Blush são o mesmo perfume? São. Noble Blush é o apelido pelo qual as pessoas buscam o Badee Al Oud Noble Blush, nome de registro da Lattafa. Apesar do ""Oud"" no nome da linha, a pirâmide deste perfume é doce e não lista oud. O que vem no kit do Noble Blush e no frasco de 100 ml? Esta página é só o frasco de 100 ml. O kit tem página própria e traz, além do frasco, um mini de viagem e um hair mist. Aqui você leva só o frasco grande. Veja também Perfume árabe — a loja completa. Perfume árabe feminino — mais perfumes femininos. Perfume árabe doce — doces de confeitaria e de especiaria. Perfume árabe com baunilha — fundos de baunilha para todos os gostos. Kit Badee Al Oud Noble Blush — o frasco com mini de viagem e hair mist. Lattafa na loja — outros lançamentos da casa.",in stock,new,270.90 BRL,,https://www.perfumearabe.com/produtos/lattafa-badee-al-oud-noble-blush/,https://dcdn-us.mitiendanube.com/stores/008/297/978/products/01-lattafa-badee-al-oud-noble-blush-2f15e07efdc08a62d917911400258732-1024-1024.png,Lattafa,371863200
1612865457,Club de Nuit Lionheart Man Armaf EDP 100 ml Masculino,"Resumo ★ 4,50 no Fragrantica · 823 votos Mais votado para a noite e os dias frios. 68% noite · inverno e outono Lavanda e hortelã na saída, mel e tabaco no fundo: o Club de Nuit Lionheart Man é o perfume aromático que termina doce. É um masculino de 2025 da Armaf, Eau de Parfum de 100 ml, para quem quer frescor no começo e calor no resto. Como é o cheiro do Club de Nuit Lionheart Man Os primeiros minutos são de erva esfregada na mão: hortelã e lavanda, a mesma lavanda de barbearia, só que com um sopro gelado por cima. É a parte que dá nome ao estilo, o fougère (família de perfumes masculinos de cheiro aromático e limpo, que parte da lavanda), aqui virado para o oriental. Depois a mistura amolece. No coração entram a baunilha e o benjoim, uma resina de cheiro doce, parecido com baunilha, e é nessa hora que o perfume deixa de ser fresco e fica aconchegante. O fim é o que fica na roupa e na memória: mel, fava-tonka (uma semente de cheiro doce e baunilhado) e tabaco. O tabaco impede que o doce vire bala, e o mel dá o brilho que faz o perfume parecer mais cremoso do que as notas sugerem. Especificações Característica Detalhe Casa Armaf Gênero Masculino Ano de lançamento 2025 Família olfativa Oriental fougère Concentração Eau de Parfum (EDP) Tamanho 100 ml Topo Hortelã, lavanda Coração Baunilha, benjoim Fundo Mel, fava-tonka, tabaco No anúncio de qualquer loja, confira o nome completo: ""Lionheart"" e ""Lion Heart"" aparecem escritos das duas formas, e existe também a versão Woman, que é outro perfume. Para quem e quando É para o homem que gosta de perfume de presença, mas não quer abrir pesado: o começo aromático deixa entrar, o fundo doce segura a atenção. Funciona bem num jantar, num encontro ou num dia frio em que você quer chegar cheiroso sem exagero. Sugestão nossa: outono e inverno são a casa dele, e a noite combina mais com ele do que o dia. No calor do Brasil, use à noite e com uma borrifada a menos, porque o mel e a baunilha ganham corpo quando o ar esquenta. Se você procura um frasco que combine frescor de entrada com um fim confortável, é este que vale levar para casa. Perguntas frequentes Club de Nuit Lionheart Man ou Lionheart Woman: qual a diferença? São dois perfumes da Armaf, lançados na mesma leva. Este frasco é o Man: masculino, Eau de Parfum de 100 ml, com lavanda e hortelã na saída e mel, tonka e tabaco no fundo. A versão Woman é outro perfume, com pirâmide própria, e não está nesta página. O Lionheart Man abre doce ou fresco? Abre fresco e fecha doce. O doce é de verdade: baunilha, mel e fava-tonka (a semente de cheiro doce e baunilhado) dominam o fim, enquanto a lavanda e a hortelã deixam o início aromático, e o tabaco dá um contrapeso seco ao mel. Quem foge de gourmand pesado pode sentir a baunilha; quem gosta de doce com um pé no aromático tende a se ajeitar. Lionheart Man ou Club de Nuit Intense Man: qual escolher? Depende do eixo. O Intense Man abre com limão, abacaxi e bergamota e seca em bétula, almíscar e âmbar-cinza: é fruta fresca com fumaça. O Lionheart Man parte de um frescor aromático, lavanda e hortelã, e vai para o doce quente de mel, baunilha e tabaco. Se você quer cítrico e seco, olhe o Intense Man ; se quer aromático e envolvente, este. O Lionheart Man dá para usar no calor do Brasil? Ele foi pensado mais para a noite e para o tempo fresco: ele é um perfume de fim de dia e de frio, e outono e inverno costumam ser as estações em que ele mais aparece. No calor úmido, a sugestão nossa é usar à noite e com mão leve, porque o mel e a baunilha ficam mais densos quando o ar está parado. Veja também Club de Nuit na loja — os outros perfumes da linha que a loja tem. Perfume árabe masculino — mais opções para ele.",in stock,new,441.90 BRL,,https://www.perfumearabe.com/produtos/armaf-club-nuit-lionheart-man/,https://dcdn-us.mitiendanube.com/stores/008/297/978/products/01-armaf-club-nuit-lionheart-man-db6d9d7bebcb50f23e17913441503010-1024-1024.webp,Armaf,372267776
1612868152,Fahad Lattafa Eau de Parfum Masculino de 80ml,"Resumo ★ 4,31 no Fragrantica · 217 votos Votos divididos entre dia e noite. 50% dia e 50% noite · primavera e outono O Fahad Lattafa abre com tangerina, abacaxi e pimenta-do-reino e fecha em incenso, patchouli e cedro, com lavanda e flor de laranjeira no meio. É um perfume masculino de família Oriental Fougère, de 2026, em Eau de Parfum de 80 ml: fresco e frutado na saída, resinoso e quente no fim. Como é o cheiro do Fahad Lattafa A graça do Fahad está no contraste entre a primeira borrifada e o resto. Logo que sai do frasco, a tangerina e o abacaxi dão um brilho cítrico e suculento, e a pimenta-do-reino coloca um picante seco por cima, o que impede a fruta de virar sobremesa. Passada a abertura, entra o coração, que é onde mora o lado ""fougère"" (família de perfumes masculinos clássicos, de lavanda e ervas): a lavanda e a artemísia, uma erva amarga e verde, trazem frescor de barbearia, e a flor de laranjeira arredonda com um toque floral claro. No fim do dia, o que sobra é o fundo oriental: incenso, patchouli e cedro, com ambroxan (uma molécula de cheiro limpo, âmbar e levemente salgado) dando volume e permanência. É madeira e resina, com a luz do início ainda por perto. Especificações Campo Detalhe Casa Lattafa Concentração Eau de Parfum Gênero Masculino Família olfativa Oriental Fougère Ano de lançamento 2026 Tamanho 80 ml Perfumistas Gaël Montero e Christophe Raynaud Notas de topo Tangerina, abacaxi, pimenta-do-reino Notas de coração Flor de laranjeira, lavanda, artemísia Notas de fundo Incenso, patchouli, cedro, ambroxan Para quem é o Fahad e quando usar É um masculino para quem gosta de começar fresco e terminar quente: serve ao dia de trabalho e à noite, porque a abertura cítrica não pesa e o fundo de incenso e patchouli segura a saída. Quem já usa lavanda e quer algo mais envolvente que um fougère clássico encontra aqui um passo adiante. Sugestão nossa para o clima do Brasil: no calor, uma ou duas borrifadas no pescoço e no peito deixam a abertura de tangerina e abacaxi trabalhar sem enjoar; no frio e à noite, aumente um pouco e o incenso ganha espaço. A fixação e a presença ficam num patamar bom, sem exagero. Pele e clima mudam isso de um usuário para outro. Perguntas frequentes O abacaxi do Fahad Lattafa deixa o perfume doce demais? Não costuma: o abacaxi fica no topo, junto da tangerina e da pimenta-do-reino, e some para dar lugar à lavanda e à artemísia, que são notas secas e verdes. No fundo não há doce de baunilha, e sim incenso, patchouli e cedro. O Fahad Lattafa é de 80 ml ou de 100 ml? O Fahad da Lattafa é de 80 ml, o tamanho que consta na página da casa. Se você viu ""100 ml"" em algum lugar, o código de barras é o mesmo do frasco de 80 ml, então é o mesmo perfume. A lavanda faz do Fahad Lattafa um perfume clássico demais? Não: a lavanda divide o coração com a flor de laranjeira e a artemísia, e o fundo é de incenso e patchouli, mais oriental do que o fougère tradicional. A casa o define como um Oriental Fougère moderno para homens. Fahad Lattafa é lançamento? É de 2026, assinado por Gaël Montero e pelo perfumista Christophe Raynaud, e entra entre os lançamentos recentes da Lattafa. Veja também Perfume árabe — a loja completa. Perfume árabe masculino — mais perfumes masculinos. Lattafa na loja — os demais perfumes da casa.",in stock,new,364.00 BRL,,https://www.perfumearabe.com/produtos/lattafa-fahad/,https://dcdn-us.mitiendanube.com/stores/008/297/978/products/01-lattafa-fahad-44ec96d5b55cbca8c017913441591431-1024-1024.webp,Lattafa,372268497
1613498056,Kit Haya EDP 100ml + 12ml + Hair Mist 50ml Lattafa,Kit Haya EDP 100ml + 12ml + Hair Mist 50ml Lattafa,in stock,new,538.90 BRL,,https://www.perfumearabe.com/produtos/kit-lattafa-haya/,https://dcdn-us.mitiendanube.com/stores/008/297/978/products/01-kit-lattafa-haya-1ccad16ba5c4a6c38717913410173619-1024-1024.webp,Lattafa,372469994
1613498282,Kit Badee Al Oud Sublime EDP 100ml + 12ml + Hair Mist 50ml Lattafa,Kit Badee Al Oud Sublime EDP 100ml + 12ml + Hair Mist 50ml Lattafa,in stock,new,339.90 BRL,,https://www.perfumearabe.com/produtos/kit-lattafa-badee-al-oud-sublime/,https://dcdn-us.mitiendanube.com/stores/008/297/978/products/01-kit-lattafa-badee-al-oud-sublime-b6951ae5bc7a01957617913410261580-1024-1024.webp,Lattafa,372470108
1613498541,Kit Teriaq EDP 100ml + 12ml + Hair Mist 50ml Lattafa,Kit Teriaq EDP 100ml + 12ml + Hair Mist 50ml Lattafa,in stock,new,384.00 BRL,,https://www.perfumearabe.com/produtos/kit-lattafa-teriaq/,https://dcdn-us.mitiendanube.com/stores/008/297/978/products/01-kit-lattafa-teriaq-a530470a5d5bb2759817913410347834-1024-1024.webp,Lattafa,372470209
1613498855,Kit Teriaq Intense EDP 100ml + 12ml + 50ml Lattafa,Kit Teriaq Intense EDP 100ml + 12ml + 50ml Lattafa,in stock,new,615.00 BRL,,https://www.perfumearabe.com/produtos/kit-lattafa-teriaq-intense/,https://dcdn-us.mitiendanube.com/stores/008/297/978/products/01-kit-lattafa-teriaq-intense-4bc405bfdcc8982f6817913440718756-1024-1024.webp,Lattafa,372470315
1613499076,Kit Maahir 3 em 1 (100ml + Deo 200ml + Aromatizador 300ml) Lattafa,Kit Maahir 3 em 1 (100ml + Deo 200ml + Aromatizador 300ml) Lattafa,in stock,new,331.90 BRL,,https://www.perfumearabe.com/produtos/kit-lattafa-maahir/,https://dcdn-us.mitiendanube.com/stores/008/297/978/products/01-kit-lattafa-maahir-8ecf96f72d299152e017913440805532-1024-1024.webp,Lattafa,372470423
1613499256,Kit Maahir Black 3 em 1 (100ml + Deo 200ml + Aromatizador 300ml) Lattafa,Kit Maahir Black 3 em 1 (100ml + Deo 200ml + Aromatizador 300ml) Lattafa,in stock,new,310.90 BRL,,https://www.perfumearabe.com/produtos/kit-lattafa-maahir-black/,https://dcdn-us.mitiendanube.com/stores/008/297/978/products/01-kit-lattafa-maahir-black-1458fc053844d0ffe117913440889667-1024-1024.webp,Lattafa,372470512
1613516486,Kit Lumina White EDP 100ml + Loção 100ml + Refil 5ml Stella Dustin,Kit Lumina White EDP 100ml + Loção 100ml + Refil 5ml Stella Dustin,in stock,new,367.90 BRL,,https://www.perfumearabe.com/produtos/kit-stella-dustin-lumina-white/,https://dcdn-us.mitiendanube.com/stores/008/297/978/products/01-kit-stella-dustin-lumina-white-004998a68279f75aea17914299971115-1024-1024.webp,Stella Dustin,372476989
1613516654,Kit Self Legends EDP 100ml + Refil 5ml + Gel de Banho 100ml Stella Dustin,Kit Self Legends EDP 100ml + Refil 5ml + Gel de Banho 100ml Stella Dustin,in stock,new,275.90 BRL,,https://www.perfumearabe.com/produtos/kit-stella-dustin-self-legends/,https://dcdn-us.mitiendanube.com/stores/008/297/978/products/01-kit-stella-dustin-self-legends-a8b2b832378f34ef2f17914299570809-1024-1024.webp,Stella Dustin,372477126
1613517650,Self Legends EDP Stella Dustin 100ml,Self Legends EDP Stella Dustin 100ml,in stock,new,150.90 BRL,,https://www.perfumearabe.com/produtos/stella-dustin-self-legends/,https://dcdn-us.mitiendanube.com/stores/008/297/978/products/01-stella-dustin-self-legends-3747708d83504b65e417913442988745-1024-1024.webp,Stella Dustin,372477268
1613517895,Ikario EDP Stella Dustin 100ml,Ikario EDP Stella Dustin 100ml,in stock,new,235.00 BRL,,https://www.perfumearabe.com/produtos/stella-dustin-ikario/,https://dcdn-us.mitiendanube.com/stores/008/297/978/products/01-stella-dustin-ikario-9b7b75ea8d6f35a67b17913443075601-1024-1024.webp,Stella Dustin,372477370
1613518115,Espada Guarani EDP Stella Dustin 100ml,Espada Guarani EDP Stella Dustin 100ml,in stock,new,269.00 BRL,,https://www.perfumearabe.com/produtos/stella-dustin-espada-guarani/,https://dcdn-us.mitiendanube.com/stores/008/297/978/products/01-stella-dustin-espada-guarani-f2b61411ee02c6cf5517913448641940-1024-1024.webp,Stella Dustin,372477448
1613518365,Marine Alloy EDP Stella Dustin 100ml,Marine Alloy EDP Stella Dustin 100ml,in stock,new,217.00 BRL,,https://www.perfumearabe.com/produtos/stella-dustin-marine-alloy/,https://dcdn-us.mitiendanube.com/stores/008/297/978/products/01-stella-dustin-marine-alloy-c12f7482f8c4d695be17913448724240-1024-1024.webp,Stella Dustin,372477529
1613518483,Our Love EDP Stella Dustin 100ml,Our Love EDP Stella Dustin 100ml,in stock,new,219.00 BRL,,https://www.perfumearabe.com/produtos/stella-dustin-our-love/,https://dcdn-us.mitiendanube.com/stores/008/297/978/products/01-stella-dustin-our-love-1e725b3e66fc97fc3717913448805944-1024-1024.webp,Stella Dustin,372477594
1613518716,Shagaf Al Ward EDP Al Wataniah 100ml,Shagaf Al Ward EDP Al Wataniah 100ml,in stock,new,188.00 BRL,,https://www.perfumearabe.com/produtos/al-wataniah-shagaf-al-ward/,https://dcdn-us.mitiendanube.com/stores/008/297/978/products/01-al-wataniah-shagaf-al-ward-76d53ac3681c8ddf7417913441686023-1024-1024.webp,Al Wataniah,372477668
1613518873,Homme EDP Stella Dustin 100ml,Homme EDP Stella Dustin 100ml,in stock,new,318.00 BRL,,https://www.perfumearabe.com/produtos/stella-dustin-homme/,https://dcdn-us.mitiendanube.com/stores/008/297/978/products/01-stella-dustin-homme-30e021430e9b7c602117913448886530-1024-1024.webp,Stella Dustin,372477741
1613519055,Sinnos Pour Homme EDP Stella Dustin 100ml,Sinnos Pour Homme EDP Stella Dustin 100ml,in stock,new,269.00 BRL,,https://www.perfumearabe.com/produtos/stella-dustin-sinnos/,https://dcdn-us.mitiendanube.com/stores/008/297/978/products/01-stella-dustin-sinnos-1f8523ea951368fdc817913448967564-1024-1024.webp,Stella Dustin,372477818
1613519262,San Marino EDP Stella Dustin 100ml,San Marino EDP Stella Dustin 100ml,in stock,new,206.00 BRL,,https://www.perfumearabe.com/produtos/stella-dustin-san-marino/,https://dcdn-us.mitiendanube.com/stores/008/297/978/products/01-stella-dustin-san-marino-d0512aacc62974623e17913927907518-1024-1024.webp,Stella Dustin,372477887
1613526267,Silver Alloy EDP Stella Dustin 100ml,Silver Alloy EDP Stella Dustin 100ml,in stock,new,224.00 BRL,,https://www.perfumearabe.com/produtos/stella-dustin-silver-alloy/,https://dcdn-us.mitiendanube.com/stores/008/297/978/products/01-stella-dustin-silver-alloy-5ab526bcb77f1221e717914299253878-1024-1024.webp,Stella Dustin,372480875
1613526620,Victoria EDP Lattafa 100ml,Victoria EDP Lattafa 100ml,in stock,new,285.00 BRL,,https://www.perfumearabe.com/produtos/lattafa-victoria/,https://dcdn-us.mitiendanube.com/stores/008/297/978/products/01-lattafa-victoria-16e98d27fe5f2879d617913441149239-1024-1024.webp,Lattafa,372481022
1613527031,Self EDP Stella Dustin 100ml,Self EDP Stella Dustin 100ml,in stock,new,223.00 BRL,,https://www.perfumearabe.com/produtos/stella-dustin-self/,https://dcdn-us.mitiendanube.com/stores/008/297/978/products/01-stella-dustin-self-7329fe0e6e8b63cf5017913928025345-1024-1024.webp,Stella Dustin,372481197
1613527357,My Rose EDP Stella Dustin 100ml,My Rose EDP Stella Dustin 100ml,in stock,new,223.00 BRL,,https://www.perfumearabe.com/produtos/stella-dustin-my-rose/,https://dcdn-us.mitiendanube.com/stores/008/297/978/products/01-stella-dustin-my-rose-dbabe5bcdcfa7c916917913928143267-1024-1024.webp,Stella Dustin,372481337
1613527681,1963 EDP Maison Asrar 100ml,1963 EDP Maison Asrar 100ml,in stock,new,317.90 BRL,,https://www.perfumearabe.com/produtos/maison-asrar-1963/,https://dcdn-us.mitiendanube.com/stores/008/297/978/products/01-maison-asrar-1963-99424ecf7b8906bd8717913441231508-1024-1024.webp,Maison Asrar,372481416
1613528031,Ana Abiyedh EDP Lattafa 60ml,Ana Abiyedh EDP Lattafa 60ml,in stock,new,185.00 BRL,,https://www.perfumearabe.com/produtos/lattafa-ana-abiyedh/,https://dcdn-us.mitiendanube.com/stores/008/297/978/products/01-lattafa-ana-abiyedh-ff3266bdf1ada27cce17913441320115-1024-1024.webp,Lattafa,372481507
1613528312,Perfume Yum Yum Armaf Eau de Parfum Unissex 100ml,"Resumo ★ 3,90 no Fragrantica · 338 votos Mais votado para o dia e os dias quentes. 74% dia · verão e primavera O Yum Yum Armaf é um perfume em Eau de Parfum, de 100 ml, lançado em 2024 e classificado pela casa como unissex e floral. A casa descreve o Armaf Yum Yum como um frutado floral inspirado em milkshake: cereja e frutas silvestres na abertura, rosa e baunilha no coração, almíscar e âmbar no fundo. Como é o cheiro do Yum Yum A abertura é de fruta: frutas silvestres, cereja, laranja e bergamota. A cereja e as silvestres dão o lado de doce de fruta, e a laranja com a bergamota deixam a saída mais leve. No coração, rosa, flores brancas e baunilha. A baunilha puxa o creme do milkshake que a casa cita, enquanto a rosa e as flores brancas seguram o lado floral. O fundo é macio e empoado: notas pudradas, almíscar e âmbar. Especificações Campo Detalhe Marca Armaf Concentração Eau de Parfum Gênero Unissex (casa) Família olfativa Floral Ano de lançamento 2024 Tamanho 100ml Notas de topo Frutas silvestres, cereja, laranja, bergamota Notas de coração Rosa, flores brancas, baunilha Notas de fundo Notas pudradas, almíscar, âmbar Para quem e quando usar É para quem gosta de perfume doce e frutado, de cereja e baunilha, e quer um final macio de almíscar em vez de madeira ou especiaria. A casa o indica para o dia, o uso casual e o encontro à noite, e para primavera e verão. Sugestão nossa para o Brasil: como é doce, em dia muito quente e úmido use poucas borrifadas; a laranja e a bergamota da abertura ajudam nos dias mais amenos. Perguntas frequentes O Yum Yum é um perfume feminino? A Armaf o marca como unissex, e há quem o veja como mais feminino pelo perfil doce e frutado. Em vez de um rótulo, vale pensar no cheiro: cereja, rosa e baunilha, e não é um perfume amadeirado ou cítrico seco. O Yum Yum tem cheiro de cereja? Tem, na abertura, junto das frutas silvestres, da laranja e da bergamota. Sugestão nossa, a partir da pirâmide: a baunilha e a rosa do coração acompanham a cereja. Yum Yum e Delights Yum Yum são o mesmo perfume? Sim: a Armaf vende como Yum Yum, e alguns catálogos o chamam de Delights Yum Yum, por pertencer à coleção Delights da Armaf. Esta página é do perfume de 100 ml em Eau de Parfum. O doce do Yum Yum enjoa? Sugestão nossa, a partir da pirâmide: é doce de fruta e baunilha, mas a rosa, as flores brancas e a bergamota entram como contraponto, e o fundo de almíscar e âmbar fecha o perfume. O que pesa de verdade é a sua pele e o clima do dia. Veja também Perfume árabe doce - outros doces e frutados. Perfume árabe floral - perfumes com rosa e flores brancas. Perfume árabe unissex - opções que servem para homem e mulher. Armaf na loja - a casa do Yum Yum, com o Club de Nuit Untold entre os perfumes dela.",in stock,new,355.00 BRL,,https://www.perfumearabe.com/produtos/armaf-yum-yum/,https://dcdn-us.mitiendanube.com/stores/008/297/978/products/01-armaf-yum-yum-17b3ba51da998b493917913441062281-1024-1024.webp,Armaf,372481604
1613528630,Perfume Armaf Club de Nuit Untold Eau de Parfum Unissex 105ml,"Resumo ★ 4,06 no Fragrantica · 3,7 mil votos Vai do dia à noite, com destaque nos dias frios. Fixação 8,4/10 · Projeção 8,2/10 · 58% noite · inverno e outono O Club de Nuit Untold é um perfume unissex da Armaf, em Eau de Parfum de 105 ml, classificado pela casa como amadeirado. Abre com açafrão e jasmim, tem âmbar cinzento no meio e termina em resina de abeto e cedro. No Parfumo, usuários o associam ao Baccarat Rouge 540. Como é o cheiro do Club de Nuit Untold A pirâmide é curta, só seis notas, e vai do tempero ao seco. Topo: açafrão e jasmim. O açafrão dá o brilho especiado e o jasmim abre uma flor branca por cima. Coração: madeira de âmbar e âmbar cinzento. É o centro do perfume. Sugestão nossa, a partir da pirâmide: mais morno e mineral que doce. Fundo: resina de abeto e cedro, que deixam o final resinoso e seco. A Armaf o descreve como uma fragrância rica e de base firme, e a classificação da casa é amadeirada. Especificações Campo Detalhe Marca Armaf Linha Club de Nuit Concentração Eau de Parfum Gênero Unissex (casa) Família olfativa Amadeirado Tamanho 105ml Notas de topo Açafrão, jasmim Notas de coração Madeira de âmbar, âmbar cinzento Notas de fundo Resina de abeto, cedro Para quem e quando usar É para quem gosta de perfume amadeirado e âmbar, sem doce de sobremesa e sem fruta, e quer um perfil que sirva para homem e para mulher. A casa o indica para a noite, eventos formais, outono e inverno. Sugestão nossa para o Brasil: em dias quentes, uma ou duas borrifadas já bastam, porque âmbar com resina tende a ficar pesado no abafado; em noite fria, cabe mais. Fixação e projeção mudam com a pele e o clima; ajuste a quantidade ao seu dia. Perguntas frequentes O Club de Nuit Untold é parecido com o Baccarat Rouge 540? No Parfumo, usuários o associam ao Baccarat Rouge 540, da Maison Francis Kurkdjian, e os dois nomes também aparecem juntos nas buscas relacionadas do Google. O que é do Untold está na pirâmide: açafrão e jasmim com âmbar cinzento, e um fundo de abeto e cedro. Qual a diferença entre o Untold e o Club de Nuit Intense Man? São perfumes diferentes da mesma linha. O Intense Man é masculino, em Eau de Toilette, com limão e abacaxi na abertura; o Untold é unissex, em Eau de Parfum, com açafrão e jasmim. Veja a página do Club de Nuit Intense Man . O frasco de 105 ml do Untold é o mesmo da versão de 200 ml? É o mesmo perfume em outro tamanho; a versão de 200 ml é um item à parte. Esta página é só do frasco de 105 ml. O Club de Nuit Untold tem açafrão forte? O açafrão está na abertura, ao lado do jasmim, e vai cedendo espaço ao âmbar cinzento no coração. Sugestão nossa, a partir da pirâmide: aparece como brilho especiado na saída, não como o centro do perfume. Dá para usar o Untold no verão? Ele é indicado pela casa para outono e inverno, e a base de âmbar e resina pesa no abafado. Sugestão nossa: em dia quente, prefira a noite e poucas borrifadas; o dia a dia de verão pede um perfil mais fresco, como os de perfume árabe fresco . Veja também Perfume árabe amadeirado - outros perfumes de madeira e âmbar. Perfume árabe unissex - opções que servem para homem e mulher. Linha Club de Nuit - as outras versões da linha da Armaf. Armaf na loja - a casa do Untold, com o Club de Nuit Intense Man entre os perfumes dela.",in stock,new,329.00 BRL,,https://www.perfumearabe.com/produtos/armaf-club-de-nuit-untold/,https://dcdn-us.mitiendanube.com/stores/008/297/978/products/01-armaf-club-de-nuit-untold-9d30a080b7ab9757ba17913441411268-1024-1024.webp,Armaf,372481696
1613532284,Watani Pink EDP Al Wataniah 100ml,Watani Pink EDP Al Wataniah 100ml,in stock,new,195.00 BRL,,https://www.perfumearabe.com/produtos/al-wataniah-watani-pink/,https://dcdn-us.mitiendanube.com/stores/008/297/978/products/01-al-wataniah-watani-pink-3a1760b102f8fb31e817913442417430-1024-1024.webp,Al Wataniah,372482664
1613532709,Pink Eclipse EDP Maison Alhambra 100ml,Pink Eclipse EDP Maison Alhambra 100ml,in stock,new,330.00 BRL,,https://www.perfumearabe.com/produtos/maison-alhambra-pink-eclipse/,https://dcdn-us.mitiendanube.com/stores/008/297/978/products/01-maison-alhambra-pink-eclipse-c074f3ffdb76606b8a17913442895244-1024-1024.webp,Maison Alhambra,372482755
1613543070,Her Confession EDP Lattafa 100ml,Her Confession EDP Lattafa 100ml,in stock,new,367.00 BRL,,https://www.perfumearabe.com/produtos/lattafa-her-confession/,https://dcdn-us.mitiendanube.com/stores/008/297/978/products/01-lattafa-her-confession-1bc7791ab8f226fd1317913440973998-1024-1024.webp,Lattafa,372486447
1614027432,The Kingdom Lattafa Masculino Eau de Parfum 100ml,"Resumo ★ 4,51 no Fragrantica · 3,1 mil votos Mais votado para a noite e os dias frios. Fixação 8,1/10 · Projeção 7,8/10 · 65% noite · inverno e outono O The Kingdom Lattafa masculino é um Eau de Parfum aromático de 100 ml, de 2024, para quem quer um perfume que cheire a lavanda fresca com um coração de tabaco e baunilha. É a versão For Men do nome: o feminino, The Kingdom For Women, é outro perfume. Como é o cheiro Ele abre pelo contraste: sálvia, lavanda e menta dão uma saída de ervas frescas, quase de barbearia, e logo o tabaco entra no coração com baunilha e flor de laranjeira, que suaviza o conjunto com um toque floral. No fundo, benjoim (uma resina doce e balsâmica), fava tonka e labdanum (outra resina, de cheiro âmbar e quente) deixam a pele macia e adocicada. Especificações Característica Detalhe Casa Lattafa Concentração Eau de Parfum Volume 100 ml Gênero Masculino Ano de lançamento 2024 Família olfativa Aromática Topo Sálvia, lavanda, menta Coração Tabaco, baunilha, flor de laranjeira Fundo Benjoim, fava tonka, labdanum Para quem e quando É para o homem que gosta de lavanda e de um fundo doce, sem ir para o lado de fruta ou de oud. Sugestão nossa: no calor úmido do Brasil, a sálvia e a menta da saída refrescam e ficam melhor de dia e em ambientes abertos; o tabaco com baunilha pede uma noite mais fresca ou um ambiente com ar-condicionado. Perguntas frequentes Qual a diferença entre o The Kingdom Lattafa masculino e o feminino? São dois perfumes da Lattafa com o mesmo nome. O masculino é aromático, com lavanda, tabaco e baunilha; o The Kingdom For Women é floral frutal gourmand, com pera, praliné e baunilha. Veja o The Kingdom Lattafa feminino se era esse que você procurava. The Kingdom For Men, The Kingdom Men e Kingdom Men são o mesmo perfume? Sim, são nomes do mesmo frasco: a Lattafa registra como Kingdom Men, e é comum encontrá-lo também como The Kingdom For Men. Em todos os casos é o Eau de Parfum masculino de 100 ml. O The Kingdom Lattafa masculino lembra qual perfume? Costuma ser comparado ao Le Male Elixir, da Jean Paul Gaultier. É só uma referência de estilo: o The Kingdom tem cheiro próprio, com sálvia e menta na abertura. O The Kingdom Lattafa masculino tem cheiro de tabaco? Tem, no coração: o tabaco aparece ao lado da baunilha e da flor de laranjeira, depois da abertura de ervas. Ele vem adocicado pela baunilha e pelo benjoim. Veja também Perfume árabe masculino — outras opções masculinas por estilo e ocasião. Perfume árabe de baunilha — mais perfumes com baunilha no coração ou no fundo. The Kingdom Lattafa feminino — o par feminino, floral frutal gourmand. Perfume árabe original — o que conferir no frasco antes de comprar. Lattafa — mais da casa, como o Yara . Se você procura um aromático com lavanda e um fundo doce, e quer levar o frasco da Lattafa que tem esse perfil, este é o The Kingdom masculino: confira e garanta o seu, com Pix ou em até 3x sem juros.",in stock,new,254.00 BRL,,https://www.perfumearabe.com/produtos/lattafa-the-kingdom-man/,https://dcdn-us.mitiendanube.com/stores/008/297/978/products/01-lattafa-the-kingdom-man-20c71e22d95bface4b17914333351575-1024-1024.webp,Lattafa,372633109
1614152485,Perfume Club de Nuit Intense Overdose Armaf Extrait de Parfum,"Resumo ★ 4,21 no Fragrantica · 358 votos Votos divididos entre dia e noite. Fixação 8,3/10 · Projeção 8,2/10 · 51% dia · primavera e verão O Club de Nuit Intense Overdose é um perfume masculino da Armaf em Extrait de Parfum, lançado em 2026 e classificado pela casa como cítrico âmbar. Abre com bergamota, tangerina e abacaxi, tem baunilha, musgo de carvalho e ameixa no meio e termina em patchouli, fava tonka e pó branco. A própria Armaf o apresenta como o Club de Nuit Intense levado ao extremo. Como é o cheiro do Club de Nuit Intense Overdose A abertura é cítrica e frutada: bergamota, tangerina, abacaxi, além de um acorde de cristais azuis. No coração, flor de baunilha, musgo de carvalho e ameixa. Sugestão nossa, a partir da pirâmide: o musgo de carvalho dá um verde terroso, e a ameixa e a baunilha suavizam o meio. O fundo reúne patchouli, fava tonka e pó branco, o nome que a casa dá às notas pudradas. Especificações Campo Detalhe Marca Armaf Linha Club de Nuit Concentração Extrait de Parfum Gênero Masculino (casa) Família olfativa Cítrico âmbar Ano de lançamento 2026 Notas de topo Bergamota, tangerina, abacaxi, acorde de cristais azuis Notas de coração Flor de baunilha, musgo de carvalho, ameixa Notas de fundo Patchouli, fava tonka, pó branco Para quem e quando usar É para quem conhece o Club de Nuit Intense e quer uma versão mais intensa: cítrico e abacaxi na saída, ameixa e baunilha no meio, e patchouli com tonka no fim. A casa o indica para o ano todo. Sugestão nossa para o Brasil: de dia e no calor, uma ou duas borrifadas; em noite fria, cabe mais, porque o fundo de patchouli e tonka pesa no abafado. É lançamento recente e ainda há pouco relato de uso, então ficamos na pirâmide, sem prometer fixação nem projeção. Perguntas frequentes O Intense Overdose é igual ao Club de Nuit Intense Man? Não. O Intense Man é de 2015, em Eau de Toilette, com pirâmide própria; o Overdose é de 2026, em Extrait de Parfum, e a Armaf o descreve como o Intense ""levado ao extremo"". É uma releitura, não o mesmo perfume. Veja o Club de Nuit Intense Man . O Overdose é mais concentrado que o Intense Man? O Overdose é Extrait de Parfum, segundo a Armaf, e o Intense Man é Eau de Toilette. Não é Eau de Parfum, e quem compara preço com outro Club de Nuit deve comparar a mesma concentração. O abacaxi do Overdose aparece muito? Ele está na abertura, junto de bergamota, tangerina e do acorde de cristais azuis, e some aos poucos para dar lugar a ameixa, baunilha e musgo de carvalho no meio. Há perfumes parecidos com o Intense Overdose? No Parfumo, usuários o associam ao Supremacy Not Only Intense, da Afnan. O que é do Overdose está na pirâmide: cítrico e abacaxi com ameixa, e fundo de patchouli e tonka. Veja também Perfume árabe masculino - mais perfumes para homem. Perfume árabe amadeirado - perfumes de madeira, patchouli e âmbar. Linha Club de Nuit - as outras versões da linha da Armaf. Armaf na loja - a casa do Overdose, com o Club de Nuit Intense Man entre os perfumes dela.",in stock,new,598.00 BRL,,https://www.perfumearabe.com/produtos/armaf-club-de-nuit-intense-overdose/,https://dcdn-us.mitiendanube.com/stores/008/297/978/products/01-armaf-club-de-nuit-intense-overdose-2e4f72bb5b811ca38817914700594344-1024-1024.webp,Armaf,372672872
1614155436,Durrat Al Aroos Love Al Wataniah Eau de Parfum 85ml,Durrat Al Aroos Love Al Wataniah Eau de Parfum 85ml,in stock,new,309.00 BRL,,https://www.perfumearabe.com/produtos/al-wataniah-durrat-al-aroos-love/,https://dcdn-us.mitiendanube.com/stores/008/297/978/products/01-al-wataniah-durrat-al-aroos-love-2996c9aaf85fc74ada17914700494863-1024-1024.webp,Al Wataniah,372674006
1614155827,Eclaire Lattafa Eau de Parfum 100ml,Eclaire Lattafa Eau de Parfum 100ml,in stock,new,345.00 BRL,,https://www.perfumearabe.com/produtos/lattafa-eclaire/,https://dcdn-us.mitiendanube.com/stores/008/297/978/products/01-lattafa-eclaire-3d1ac09a09358ff65c17914700687803-1024-1024.webp,perfumearabe.com,372674121
1614156192,Tharwah Gold Lattafa Eau de Parfum 100ml,Tharwah Gold Lattafa Eau de Parfum 100ml,in stock,new,385.00 BRL,,https://www.perfumearabe.com/produtos/lattafa-tharwah-gold/,https://dcdn-us.mitiendanube.com/stores/008/297/978/products/01-lattafa-tharwah-gold-8d2a6a1408a7979be617914700785571-1024-1024.webp,perfumearabe.com,372674243
1614818863,Exclusive Azure Fantasy Orientica 80ml,Exclusive Azure Fantasy Orientica 80ml,in stock,new,814.90 BRL,,https://www.perfumearabe.com/produtos/orientica-exclusive-azure-fantasy/,https://dcdn-us.mitiendanube.com/stores/008/297/978/products/01-orientica-exclusive-azure-fantasy-74e3da77f18a992ca317915753318252-1024-1024.webp,perfumearabe.com,372900193
1614819382,Royal Amber Gold Orientica 150ml,Royal Amber Gold Orientica 150ml,in stock,new,854.90 BRL,,https://www.perfumearabe.com/produtos/orientica-royal-amber-gold/,https://dcdn-us.mitiendanube.com/stores/008/297/978/products/01-orientica-royal-amber-gold-5b946fd5f5d98795f517915753407626-1024-1024.webp,perfumearabe.com,372900475
1614819912,Amber Rouge Orientica 80ml,Amber Rouge Orientica 80ml,in stock,new,838.90 BRL,,https://www.perfumearabe.com/produtos/orientica-amber-rouge/,https://dcdn-us.mitiendanube.com/stores/008/297/978/products/01-orientica-amber-rouge-6e118b069b34b8cd0517915753501804-1024-1024.webp,perfumearabe.com,372900752
1614820579,Royal Bleu Orientica 80ml,Royal Bleu Orientica 80ml,in stock,new,838.90 BRL,,https://www.perfumearabe.com/produtos/orientica-royal-bleu/,https://dcdn-us.mitiendanube.com/stores/008/297/978/products/01-orientica-royal-bleu-bf3912aecb32ca712217915753589406-1024-1024.webp,perfumearabe.com,372901033
1614821988,Cherry in the Woods Aurora 100ml,Cherry in the Woods Aurora 100ml,in stock,new,430.90 BRL,,https://www.perfumearabe.com/produtos/aurora-cherry-in-the-woods/,https://dcdn-us.mitiendanube.com/stores/008/297/978/products/01-aurora-cherry-in-the-woods-22c9cf44814821894b17915753677861-1024-1024.webp,perfumearabe.com,372901636
1614823353,Jorge Di Profumo Black Maison Alhambra 100ml,Jorge Di Profumo Black Maison Alhambra 100ml,in stock,new,167.90 BRL,,https://www.perfumearabe.com/produtos/maison-alhambra-jorge-di-profumo-black/,https://dcdn-us.mitiendanube.com/stores/008/297/978/products/01-maison-alhambra-jorge-di-profumo-black-bfe729173a8ec7b4e517915753765921-1024-1024.webp,perfumearabe.com,372902272
1614824695,9PM Night Out Afnan 100ml,9PM Night Out Afnan 100ml,in stock,new,538.90 BRL,,https://www.perfumearabe.com/produtos/afnan-9pm-night-out/,https://dcdn-us.mitiendanube.com/stores/008/297/978/products/01-afnan-9pm-night-out-fa5bde8518c2e435c417915753854298-1024-1024.webp,perfumearabe.com,372902917
1615880127,Marshmallow Blush Paris Corner 100ml,Marshmallow Blush Paris Corner 100ml,in stock,new,402.90 BRL,,https://www.perfumearabe.com/produtos/paris-corner-marshmallow-blush/,https://dcdn-us.mitiendanube.com/stores/008/297/978/products/01-paris-corner-marshmallow-blush-171683eae1e38821fe17915766842657-1024-1024.webp,perfumearabe.com,373292923
1615880399,So Candid Pour Homme Maison Alhambra 100ml,So Candid Pour Homme Maison Alhambra 100ml,in stock,new,368.90 BRL,,https://www.perfumearabe.com/produtos/maison-alhambra-so-candid-pour-homme/,https://dcdn-us.mitiendanube.com/stores/008/297/978/products/01-maison-alhambra-so-candid-pour-homme-0f4319c792ccb7ee8d17915766751478-1024-1024.webp,perfumearabe.com,373293002
1615880712,Salvo Elixir Maison Alhambra 60ml,Salvo Elixir Maison Alhambra 60ml,in stock,new,274.90 BRL,,https://www.perfumearabe.com/produtos/maison-alhambra-salvo-elixir/,https://dcdn-us.mitiendanube.com/stores/008/297/978/products/01-maison-alhambra-salvo-elixir-dcf95a9e2cac5f02d317915769394334-1024-1024.webp,perfumearabe.com,373293089
1615880989,Delilah Blanc Maison Alhambra 100ml,Delilah Blanc Maison Alhambra 100ml,in stock,new,314.90 BRL,,https://www.perfumearabe.com/produtos/maison-alhambra-delilah-blanc/,https://dcdn-us.mitiendanube.com/stores/008/297/978/products/01-maison-alhambra-delilah-blanc-d63bcdad2c8a2da19e17915766656433-1024-1024.webp,perfumearabe.com,373293158
